15,05,02,1,新潟,1,01,障害未勝利,7,芝,2,2890,良,14,04151101,7,0,7,14.4,3,0,10,46.4,9,0,1,3.6,2,0,5,8.5,5,0,14,144.5,11,0,13,133.6,12,0,9,45.0,6,0,6,10.4,4,0,3,5.5,1,0,2,3.6,10,0,11,68.4,8,0,4,7.2,13,0,8,44.4,14,0,12,103.2,,,,,,,,,,,,,,,,,10,360,0,0,0,0,10,150,4,280,2,1190,0,0,0,0,3,6,290,1, , ,0,0, , ,0,0,4,10,1430,5,0,0,0,0,0,0,0,0,4,10,580,4,2,10,3190,31,2,4,5390,43,0,0,0,0,0,0,0,0,0,0,0,0,0,0,0,0,10,4,2470,8,0,0,0,0,0,0,0,0,0,0,0,0,0,0,0,0,0,0,0,0,2,4,10,29210,68,0,0,0,0,0,0,0,0,0,0,10,4,2,116580,284,0,0,0,0,0,0,0,0,0,0,0,0,0,0,0,0,0,0,0,0,0,0,0,0,0
15,05,02,1,新潟,1,02,未勝利,7,ダ,1,1800,良,15,04151102,9,0,9,38.1,8,0,6,20.5,15,0,5,12.9,2,0,2,7.6,7,0,12,171.6,1,0,1,1.5,6,0,11,59.8,10,0,14,286.4,13,0,10,59.3,11,0,8,30.9,4,0,7,22.8,3,0,3,8.4,5,0,4,10.5,12,0,15,494.7,14,0,13,249.3,,,,,,,,,,,,,6,150,0,0,0,0,6,110,4,150,12,200,0,0,0,0,3,4,490,2, , ,0,0, , ,0,0,4,6,520,1,0,0,0,0,0,0,0,0,4,6,230,1,6,12,360,3,4,12,870,10,0,0,0,0,0,0,0,0,0,0,0,0,0,0,0,0,6,4,750,1,0,0,0,0,0,0,0,0,0,0,0,0,0,0,0,0,0,0,0,0,4,6,12,1580,2,0,0,0,0,0,0,0,0,0,0,6,4,12,4940,3,0,0,0,0,0,0,0,0,0,0,0,0,0,0,0,0,0,0,0,0,0,0,0,0,0
15,05,02,1,新潟,1,03,未勝利・牝,7,ダ,1,1200,良,15,04151103,9,0,7,10.4,1,0,4,6.9,3,0,5,7.4,7,0,12,100.1,4,0,2,4.9,5,0,6,8.0,14,0,15,239.8,15,0,14,197.2,8,0,10,66.9,12,0,11,95.6,10,0,13,167.5,2,0,8,14.3,6,0,1,4.0,13,0,3,6.8,11,0,9,27.5,,,,,,,,,,,,,2,690,0,0,0,0,2,240,12,630,3,220,0,0,0,0,2,7,640,1, , ,0,0, , ,0,0,2,12,5110,24,0,0,0,0,0,0,0,0,2,12,1320,19,2,3,740,10,3,12,2760,30,0,0,0,0,0,0,0,0,0,0,0,0,0,0,0,0,2,12,7270,38,0,0,0,0,0,0,0,0,0,0,0,0,0,0,0,0,0,0,0,0,2,3,12,15000,55,0,0,0,0,0,0,0,0,0,0,2,12,3,89470,313,0,0,0,0,0,0,0,0,0,0,0,0,0,0,0,0,0,0,0,0,0,0,0,0,0
15,05,02,1,新潟,1,04,障害・オープ,131,芝,2,2890,良,14,04151104,11,0,5,11.2,1,0,1,2.8,3,0,11,31.3,0,4,3,6.6,4,0,12,48.1,7,0,10,22.6,9,0,13,200.3,2,0,6,15.3,10,0,9,19.7,13,0,8,18.7,12,0,14,271.4,5,0,4,7.1,8,0,2,5.6,6,0,7,15.4,,,,,,,,,,,,,,,,,2,280,0,0,0,0,2,180,8,330,3,530,0,0,0,0,2,5,2580,14, , ,0,0, , ,0,0,2,8,2730,9,0,0,0,0,0,0,0,0,2,8,1010,9,2,3,2200,32,3,8,3030,45,0,0,0,0,0,0,0,0,0,0,0,0,0,0,0,0,2,8,4380,12,0,0,0,0,0,0,0,0,0,0,0,0,0,0,0,0,0,0,0,0,2,3,8,20800,83,0,0,0,0,0,0,0,0,0,0,2,8,3,94090,371,0,0,0,0,0,0,0,0,0,0,0,0,0,0,0,0,0,0,0,0,0,0,0,0,0
15,05,02,1,新潟,1,05,未勝利,7,芝,8,1600,良,16,04151105,11,0,4,7.6,10,0,1,3.1,2,0,2,3.7,1,0,3,5.6,16,0,16,122.1,15,0,12,60.7,5,0,7,28.5,9,0,11,56.9,3,0,9,32.0,12,0,6,13.2,8,0,15,113.2,6,0,5,11.4,14,0,10,56.7,13,0,8,30.4,4,0,13,66.5,7,0,14,81.7,,,,,,,,,4,560,0,0,0,0,4,200,3,150,9,290,0,0,0,0,2,2,1110,3, , ,0,0, , ,0,0,3,4,1140,3,0,0,0,0,0,0,0,0,3,4,520,3,4,9,1840,21,3,9,1290,13,0,0,0,0,0,0,0,0,0,0,0,0,0,0,0,0,4,3,2300,6,0,0,0,0,0,0,0,0,0,0,0,0,0,0,0,0,0,0,0,0,3,4,9,5750,14,0,0,0,0,0,0,0,0,0,0,4,3,9,30980,75,0,0,0,0,0,0,0,0,0,0,0,0,0,0,0,0,0,0,0,0,0,0,0,0,0
15,05,02,1,新潟,1,06,未勝利,7,芝,0,2000,良,12,04151106,12,0,11,113.4,5,0,4,8.4,7,0,9,59.1,1,0,2,3.7,2,0,3,7.1,10,0,8,56.0,3,0,6,14.6,6,0,7,19.3,4,0,10,61.3,9,0,1,2.3,11,0,5,9.2,8,0,12,137.9,,,,,,,,,,,,,,,,,,,,,,,,,4,370,0,0,0,0,4,150,5,200,7,370,0,0,0,0,4,5,1320,6, , ,0,0, , ,0,0,4,5,1240,4,0,0,0,0,0,0,0,0,4,5,470,4,4,7,1120,12,5,7,1470,14,0,0,0,0,0,0,0,0,0,0,0,0,0,0,0,0,4,5,2360,7,0,0,0,0,0,0,0,0,0,0,0,0,0,0,0,0,0,0,0,0,4,5,7,6430,20,0,0,0,0,0,0,0,0,0,0,4,5,7,21070,65,0,0,0,0,0,0,0,0,0,0,0,0,0,0,0,0,0,0,0,0,0,0,0,0,0
15,05,02,1,新潟,1,07,500万下・若,23,ダ,1,1200,良,12,04151107,8,0,3,4.3,5,0,12,71.7,11,0,8,33.1,9,0,4,8.5,6,0,10,50.5,2,0,5,10.1,7,0,9,39.7,3,0,1,3.2,4,0,7,23.8,10,0,6,20.2,1,0,2,3.3,12,0,11,54.2,,,,,,,,,,,,,,,,,,,,,,,,,11,330,0,0,0,0,11,150,6,180,8,130,0,0,0,0,5,8,1350,9, , ,0,0, , ,0,0,6,11,1370,4,0,0,0,0,0,0,0,0,6,11,520,4,8,11,240,1,6,8,540,5,0,0,0,0,0,0,0,0,0,0,0,0,0,0,0,0,11,6,2300,7,0,0,0,0,0,0,0,0,0,0,0,0,0,0,0,0,0,0,0,0,6,8,11,1490,2,0,0,0,0,0,0,0,0,0,0,11,6,8,9400,16,0,0,0,0,0,0,0,0,0,0,0,0,0,0,0,0,0,0,0,0,0,0,0,0,0
15,05,02,1,新潟,1,08,500万下・牝,23,ダ,1,1800,良,10,04151108,9,0,8,34.6,1,0,1,2.0,7,0,2,5.6,8,0,9,39.1,4,0,7,26.5,10,0,10,56.6,6,0,4,7.1,3,0,6,12.1,2,0,3,6.2,5,0,5,10.3,,,,,,,,,,,,,,,,,,,,,,,,,,,,,,,,,2,200,0,0,0,0,2,110,9,190,8,240,0,0,0,0,2,8,310,1, , ,0,0, , ,0,0,2,9,450,1,0,0,0,0,0,0,0,0,2,9,230,1,2,8,370,4,8,9,580,8,0,0,0,0,0,0,0,0,0,0,0,0,0,0,0,0,2,9,580,1,0,0,0,0,0,0,0,0,0,0,0,0,0,0,0,0,0,0,0,0,2,8,9,1280,2,0,0,0,0,0,0,0,0,0,0,2,9,8,3180,4,0,0,0,0,0,0,0,0,0,0,0,0,0,0,0,0,0,0,0,0,0,0,0,0,0
15,05,02,1,新潟,1,09,500万下,23,ダ,1,1200,良,15,04151109,1,0,2,6.8,8,0,5,8.1,9,0,12,89.9,6,0,4,7.7,2,0,1,2.9,11,0,7,12.8,3,0,9,38.4,10,0,14,115.1,13,0,15,117.8,14,0,6,8.9,4,0,3,7.4,15,0,13,91.2,5,0,10,39.1,12,0,8,13.9,7,0,11,41.3,,,,,,,,,,,,,1,680,0,0,0,0,1,220,5,150,7,640,0,0,0,0,1,3,850,3, , ,0,0, , ,0,0,1,5,1430,3,0,0,0,0,0,0,0,0,1,5,560,3,1,7,2980,36,5,7,2020,27,0,0,0,0,0,0,0,0,0,0,0,0,0,0,0,0,1,5,3830,11,0,0,0,0,0,0,0,0,0,0,0,0,0,0,0,0,0,0,0,0,1,5,7,14140,53,0,0,0,0,0,0,0,0,0,0,1,5,7,70930,256,0,0,0,0,0,0,0,0,0,0,0,0,0,0,0,0,0,0,0,0,0,0,0,0,0
15,05,02,1,新潟,1,10,ゆきつば500*,23,芝,0,1200,良,16,04151110,10,0,15,116.2,3,0,2,4.3,9,0,13,90.8,5,0,5,9.8,13,0,11,39.5,11,0,7,17.1,16,0,9,31.0,12,0,16,248.7,7,0,12,39.9,2,0,6,10.6,6,0,8,18.4,8,0,4,9.3,14,0,14,95.3,4,0,1,3.0,1,0,3,7.6,15,0,10,35.2,,,,,,,,,15,760,0,0,0,0,15,250,10,260,2,170,0,0,0,0,5,8,2660,14, , ,0,0, , ,0,0,10,15,2750,10,0,0,0,0,0,0,0,0,10,15,1640,18,2,15,840,6,2,10,930,8,0,0,0,0,0,0,0,0,0,0,0,0,0,0,0,0,15,10,5430,20,0,0,0,0,0,0,0,0,0,0,0,0,0,0,0,0,0,0,0,0,2,10,15,5420,12,0,0,0,0,0,0,0,0,0,0,15,10,2,35250,85,0,0,0,0,0,0,0,0,0,0,0,0,0,0,0,0,0,0,0,0,0,0,0,0,0
15,05,02,1,新潟,1,11,駿風Ｓ1600,67,芝,0,1000,良,13,04151111,11,0,12,87.4,1,0,1,2.5,13,0,13,156.9,9,0,5,10.1,10,0,8,15.3,2,0,7,15.2,3,0,4,8.1,7,0,3,7.5,8,0,9,22.5,4,0,6,11.7,6,0,2,5.3,12,0,11,85.4,5,0,10,48.5,,,,,,,,,,,,,,,,,,,,,2,250,0,0,0,0,2,130,6,300,7,250,0,0,0,0,2,5,760,2, , ,0,0, , ,0,0,2,6,1650,6,0,0,0,0,0,0,0,0,2,6,600,5,2,7,570,4,6,7,1330,19,0,0,0,0,0,0,0,0,0,0,0,0,0,0,0,0,2,6,2450,7,0,0,0,0,0,0,0,0,0,0,0,0,0,0,0,0,0,0,0,0,2,6,7,4170,15,0,0,0,0,0,0,0,0,0,0,2,6,7,16500,48,0,0,0,0,0,0,0,0,0,0,0,0,0,0,0,0,0,0,0,0,0,0,0,0,0
15,05,02,1,新潟,1,12,春日山特500,23,芝,8,2000,良,10,04151112,6,0,4,5.5,9,0,10,192.4,8,0,9,58.3,3,0,1,3.0,7,0,8,24.9,4,0,5,9.5,5,0,6,15.6,10,0,3,4.9,1,0,7,18.9,2,0,2,3.8,,,,,,,,,,,,,,,,,,,,,,,,,,,,,,,,,9,1890,0,0,0,0,9,350,10,140,4,140,0,0,0,0,8,8,3880,14, , ,0,0, , ,0,0,9,10,3640,14,0,0,0,0,0,0,0,0,9,10,1020,15,4,9,940,14,4,10,260,1,0,0,0,0,0,0,0,0,0,0,0,0,0,0,0,0,9,10,8110,35,0,0,0,0,0,0,0,0,0,0,0,0,0,0,0,0,0,0,0,0,4,9,10,2850,9,0,0,0,0,0,0,0,0,0,0,9,10,4,28940,106,0,0,0,0,0,0,0,0,0,0,0,0,0,0,0,0,0,0,0,0,0,0,0,0,0
15,05,03,1,新潟,2,01,未勝利・牝,7,ダ,1,1800,良,15,04151201,8,0,9,32.5,14,0,15,318.2,6,0,8,26.7,12,0,13,189.2,7,0,3,5.4,4,0,12,66.1,3,0,5,13.1,13,0,11,44.1,5,0,1,3.0,11,0,14,306.8,9,0,7,22.4,1,0,10,38.9,2,0,2,3.1,10,0,6,17.6,15,0,4,9.7,,,,,,,,,,,,,12,3890,0,0,0,0,12,800,13,140,7,310,0,0,0,0,7,7,3440,13, , ,0,0, , ,0,0,12,13,3950,14,0,0,0,0,0,0,0,0,12,13,1250,13,7,12,4030,37,7,13,650,5,0,0,0,0,0,0,0,0,0,0,0,0,0,0,0,0,12,13,10550,30,0,0,0,0,0,0,0,0,0,0,0,0,0,0,0,0,0,0,0,0,7,12,13,12480,38,0,0,0,0,0,0,0,0,0,0,12,13,7,143610,355,0,0,0,0,0,0,0,0,0,0,0,0,0,0,0,0,0,0,0,0,0,0,0,0,0
15,05,03,1,新潟,2,02,未勝利,7,ダ,1,1200,良,14,04151202,10,0,11,112.3,3,0,8,52.3,1,0,1,2.2,6,0,7,22.5,4,0,3,4.5,7,0,10,90.1,5,0,13,203.8,2,0,5,15.2,13,0,6,19.7,9,0,4,9.4,8,0,9,76.8,12,0,14,365.8,0,4,2,3.9,11,0,12,116.8,,,,,,,,,,,,,,,,,3,220,0,0,0,0,3,130,8,500,2,1040,0,0,0,0,3,5,1680,8, , ,0,0, , ,0,0,3,8,2090,8,0,0,0,0,0,0,0,0,3,8,830,9,2,3,1870,17,2,8,7730,44,0,0,0,0,0,0,0,0,0,0,0,0,0,0,0,0,3,8,2900,9,0,0,0,0,0,0,0,0,0,0,0,0,0,0,0,0,0,0,0,0,2,3,8,20620,52,0,0,0,0,0,0,0,0,0,0,3,8,2,66910,182,0,0,0,0,0,0,0,0,0,0,0,0,0,0,0,0,0,0,0,0,0,0,0,0,0
15,05,03,1,新潟,2,03,未勝利,7,ダ,1,1800,良,14,04151203,11,0,9,70.9,4,0,3,7.8,7,0,4,8.2,13,0,13,241.3,8,0,5,15.3,6,0,2,2.9,1,0,8,32.4,2,0,6,20.0,9,0,11,124.2,14,0,14,302.7,3,0,1,2.3,10,0,10,83.4,5,0,7,26.8,12,0,12,142.1,,,,,,,,,,,,,,,,,7,3240,0,0,0,0,7,520,8,310,11,120,0,0,0,0,5,5,24520,28, , ,0,0, , ,0,0,7,8,17730,33,0,0,0,0,0,0,0,0,7,8,3280,29,7,11,900,10,8,11,570,4,0,0,0,0,0,0,0,0,0,0,0,0,0,0,0,0,7,8,34580,68,0,0,0,0,0,0,0,0,0,0,0,0,0,0,0,0,0,0,0,0,7,8,11,10310,35,0,0,0,0,0,0,0,0,0,0,7,8,11,121790,316,0,0,0,0,0,0,0,0,0,0,0,0,0,0,0,0,0,0,0,0,0,0,0,0,0
15,05,03,1,新潟,2,04,障害未勝利,7,芝,2,2890,良,14,04151204,10,0,14,164.9,1,0,2,3.4,3,0,11,40.5,11,0,8,28.1,2,0,1,2.9,7,0,3,4.9,5,0,5,14.1,9,0,10,32.1,13,0,7,21.8,4,0,4,12.1,6,0,6,16.3,12,0,13,155.7,8,0,9,30.6,0,4,12,56.4,,,,,,,,,,,,,,,,,2,340,0,0,0,0,2,140,5,150,3,570,0,0,0,0,2,4,410,1, , ,0,0, , ,0,0,2,5,730,2,0,0,0,0,0,0,0,0,2,5,320,2,2,3,2000,28,3,5,1730,22,0,0,0,0,0,0,0,0,0,0,0,0,0,0,0,0,2,5,1310,2,0,0,0,0,0,0,0,0,0,0,0,0,0,0,0,0,0,0,0,0,2,3,5,6470,21,0,0,0,0,0,0,0,0,0,0,2,5,3,22740,56,0,0,0,0,0,0,0,0,0,0,0,0,0,0,0,0,0,0,0,0,0,0,0,0,0
15,05,03,1,新潟,2,05,未勝利,7,ダ,1,1200,良,15,04151205,4,0,5,7.7,5,0,10,55.9,10,0,8,38.3,12,0,3,5.8,9,0,2,4.1,6,0,15,172.3,8,0,13,121.9,13,0,7,18.0,15,0,9,43.6,14,0,11,95.0,7,0,14,131.8,3,0,6,10.7,1,0,4,7.3,2,0,1,3.1,11,0,12,116.7,,,,,,,,,,,,,13,730,0,0,0,0,13,250,14,150,12,300,0,0,0,0,7,8,830,4, , ,0,0, , ,0,0,13,14,1080,3,0,0,0,0,0,0,0,0,13,14,510,5,12,13,1250,17,12,14,770,10,0,0,0,0,0,0,0,0,0,0,0,0,0,0,0,0,13,14,2380,8,0,0,0,0,0,0,0,0,0,0,0,0,0,0,0,0,0,0,0,0,12,13,14,3910,12,0,0,0,0,0,0,0,0,0,0,13,14,12,21820,65,0,0,0,0,0,0,0,0,0,0,0,0,0,0,0,0,0,0,0,0,0,0,0,0,0
15,05,03,1,新潟,2,06,未勝利・若,7,芝,8,1800,良,14,04151206,8,0,8,28.8,4,0,1,4.1,1,0,6,8.8,3,0,2,4.1,12,0,12,161.5,5,0,3,4.6,13,0,9,37.3,6,0,10,56.6,7,0,4,7.7,10,0,14,272.3,2,0,5,7.9,14,0,13,251.9,9,0,7,13.0,11,0,11,60.3,,,,,,,,,,,,,,,,,3,880,0,0,0,0,3,220,11,270,4,170,0,0,0,0,3,7,1330,6, , ,0,0, , ,0,0,3,11,3730,20,0,0,0,0,0,0,0,0,3,11,1360,21,3,4,620,4,4,11,730,9,0,0,0,0,0,0,0,0,0,0,0,0,0,0,0,0,3,11,6460,33,0,0,0,0,0,0,0,0,0,0,0,0,0,0,0,0,0,0,0,0,3,4,11,4570,17,0,0,0,0,0,0,0,0,0,0,3,11,4,33360,149,0,0,0,0,0,0,0,0,0,0,0,0,0,0,0,0,0,0,0,0,0,0,0,0,0
15,05,03,1,新潟,2,07,500万下・牝,23,ダ,1,1200,良,15,04151207,8,0,11,62.4,1,0,1,1.9,0,3,0,0.0,6,0,6,11.5,2,0,5,9.8,3,0,10,49.2,11,0,13,103.5,7,0,9,46.2,12,0,8,43.3,14,0,14,130.5,4,0,12,92.5,9,0,7,19.5,5,0,3,7.7,13,0,4,9.5,10,0,2,6.5,,,,,,,,,,,,,2,190,0,0,0,0,2,110,5,190,6,620,0,0,0,0,2,3,360,1, , ,0,0, , ,0,0,2,5,680,1,0,0,0,0,0,0,0,0,2,5,320,2,2,6,1290,13,5,6,4460,35,0,0,0,0,0,0,0,0,0,0,0,0,0,0,0,0,2,5,890,2,0,0,0,0,0,0,0,0,0,0,0,0,0,0,0,0,0,0,0,0,2,5,6,8220,20,0,0,0,0,0,0,0,0,0,0,2,5,6,23950,68,0,0,0,0,0,0,0,0,0,0,0,0,0,0,0,0,0,0,0,0,0,0,0,0,0
15,05,03,1,新潟,2,08,500万下,23,芝,0,2400,良,12,04151208,9,0,8,18.5,5,0,10,26.1,10,0,7,17.7,3,0,2,4.1,8,0,9,23.7,6,0,3,6.6,7,0,5,9.1,4,0,1,3.3,2,0,6,11.0,12,0,12,121.2,1,0,4,6.8,11,0,11,66.3,,,,,,,,,,,,,,,,,,,,,,,,,11,680,0,0,0,0,11,230,9,240,4,150,0,0,0,0,7,8,4130,14, , ,0,0, , ,0,0,9,11,4220,17,0,0,0,0,0,0,0,0,9,11,1600,21,4,11,800,7,4,9,1090,11,0,0,0,0,0,0,0,0,0,0,0,0,0,0,0,0,11,9,7920,31,0,0,0,0,0,0,0,0,0,0,0,0,0,0,0,0,0,0,0,0,4,9,11,10220,39,0,0,0,0,0,0,0,0,0,0,11,9,4,55150,194,0,0,0,0,0,0,0,0,0,0,0,0,0,0,0,0,0,0,0,0,0,0,0,0,0
15,05,03,1,新潟,2,09,500万下,23,ダ,1,1800,良,11,04151209,1,0,2,2.9,10,0,9,37.3,2,0,1,2.4,4,0,7,22.5,9,0,8,34.4,7,0,3,7.4,3,0,4,9.3,8,0,11,76.6,11,0,10,39.4,5,0,6,18.0,6,0,5,13.1,,,,,,,,,,,,,,,,,,,,,,,,,,,,,1,290,0,0,0,0,1,120,3,130,7,180,0,0,0,0,1,3,440,1, , ,0,0, , ,0,0,1,3,360,1,0,0,0,0,0,0,0,0,1,3,170,1,1,7,410,5,3,7,420,6,0,0,0,0,0,0,0,0,0,0,0,0,0,0,0,0,1,3,640,1,0,0,0,0,0,0,0,0,0,0,0,0,0,0,0,0,0,0,0,0,1,3,7,870,2,0,0,0,0,0,0,0,0,0,0,1,3,7,2920,1,0,0,0,0,0,0,0,0,0,0,0,0,0,0,0,0,0,0,0,0,0,0,0,0,0
15,05,03,1,新潟,2,10,邁進特Ｈ1000,43,芝,0,1000,良,16,04151210,13,0,12,50.3,5,0,7,18.8,2,0,3,6.2,11,0,4,7.2,9,0,8,30.9,10,0,10,43.8,7,0,13,52.0,1,0,9,34.0,12,0,14,52.9,16,0,15,73.1,4,0,1,3.2,3,0,2,3.9,15,0,16,141.7,7,0,5,10.8,6,0,11,44.5,14,0,6,14.8,,,,,,,,,8,3400,0,0,0,0,8,650,3,230,12,180,0,0,0,0,2,4,2620,13, , ,0,0, , ,0,0,3,8,7590,26,0,0,0,0,0,0,0,0,3,8,2850,32,8,12,2000,20,3,12,610,4,0,0,0,0,0,0,0,0,0,0,0,0,0,0,0,0,8,3,25620,79,0,0,0,0,0,0,0,0,0,0,0,0,0,0,0,0,0,0,0,0,3,8,12,10930,33,0,0,0,0,0,0,0,0,0,0,8,3,12,127230,378,0,0,0,0,0,0,0,0,0,0,0,0,0,0,0,0,0,0,0,0,0,0,0,0,0
15,05,03,1,新潟,2,11,谷川岳Ｓ,131,芝,8,1600,良,16,04151211,10,0,8,18.8,4,0,2,4.4,16,0,15,99.8,14,0,12,53.6,2,0,13,60.3,12,0,11,47.5,11,0,5,10.3,1,0,1,3.8,9,0,10,41.8,15,0,16,346.1,13,0,7,17.6,8,0,14,92.6,6,0,4,8.2,3,0,3,4.6,5,0,6,13.1,7,0,9,24.9,,,,,,,,,8,380,0,0,0,0,8,150,5,940,14,180,0,0,0,0,3,4,3910,12, , ,0,0, , ,0,0,5,8,13760,40,0,0,0,0,0,0,0,0,5,8,3500,39,8,14,350,1,5,14,4590,50,0,0,0,0,0,0,0,0,0,0,0,0,0,0,0,0,8,5,20790,64,0,0,0,0,0,0,0,0,0,0,0,0,0,0,0,0,0,0,0,0,5,8,14,19930,62,0,0,0,0,0,0,0,0,0,0,8,5,14,134210,402,0,0,0,0,0,0,0,0,0,0,0,0,0,0,0,0,0,0,0,0,0,0,0,0,0
15,05,03,1,新潟,2,12,湯沢特別500,23,芝,0,1200,良,16,04151212,7,0,11,26.7,13,0,5,10.9,9,0,8,15.2,10,0,10,25.2,16,0,15,88.1,8,0,3,5.9,6,0,4,10.4,14,0,7,14.7,4,0,6,13.7,12,0,13,47.9,15,0,16,88.7,11,0,9,24.3,3,0,14,68.4,1,0,1,3.1,5,0,2,5.6,2,0,12,45.0,,,,,,,,,14,310,0,0,0,0,14,160,16,940,13,1420,0,0,0,0,7,8,710,1, , ,0,0, , ,0,0,14,16,10820,40,0,0,0,0,0,0,0,0,14,16,4340,49,13,14,2670,29,13,16,24080,113,0,0,0,0,0,0,0,0,0,0,0,0,0,0,0,0,14,16,16280,58,0,0,0,0,0,0,0,0,0,0,0,0,0,0,0,0,0,0,0,0,13,14,16,107590,265,0,0,0,0,0,0,0,0,0,0,14,16,13,472140,1289,0,0,0,0,0,0,0,0,0,0,0,0,0,0,0,0,0,0,0,0,0,0,0,0,0
15,05,09,1,新潟,3,01,障害・オープ,131,芝,2,3290,良,14,04151301,10,0,8,44.6,7,0,11,86.7,2,0,2,3.6,6,0,6,34.7,0,4,3,10.5,8,0,10,55.1,9,0,14,164.6,5,0,4,14.1,0,4,5,30.5,11,0,13,136.6,3,0,9,45.6,4,0,7,37.7,1,0,1,1.6,12,0,12,104.6,,,,,,,,,,,,,,,,,13,160,0,0,0,0,13,110,3,110,11,570,0,0,0,0,3,8,210,1, , ,0,0, , ,0,0,3,13,210,1,0,0,0,0,0,0,0,0,3,13,140,1,11,13,1170,15,3,11,1920,21,0,0,0,0,0,0,0,0,0,0,0,0,0,0,0,0,13,3,300,1,0,0,0,0,0,0,0,0,0,0,0,0,0,0,0,0,0,0,0,0,3,11,13,3070,8,0,0,0,0,0,0,0,0,0,0,13,3,11,6980,16,0,0,0,0,0,0,0,0,0,0,0,0,0,0,0,0,0,0,0,0,0,0,0,0,0
15,05,09,1,新潟,3,02,未勝利・若,7,ダ,1,1800,良,15,04151302,9,0,11,54.2,12,0,14,318.0,14,0,15,453.5,10,0,8,25.0,5,0,9,25.6,3,0,2,8.1,4,0,1,1.6,13,0,10,39.6,8,0,6,19.9,6,0,3,8.6,7,0,5,16.2,1,0,4,10.0,15,0,12,281.6,2,0,7,20.1,11,0,13,310.1,,,,,,,,,,,,,12,1000,0,0,0,0,12,690,14,880,6,800,0,0,0,0,7,8,3980,11, , ,0,0, , ,0,0,12,14,5870,18,0,0,0,0,0,0,0,0,12,14,1530,16,6,12,1200,12,6,14,1440,14,0,0,0,0,0,0,0,0,0,0,0,0,0,0,0,0,12,14,10840,28,0,0,0,0,0,0,0,0,0,0,0,0,0,0,0,0,0,0,0,0,6,12,14,12150,41,0,0,0,0,0,0,0,0,0,0,12,14,6,71330,203,0,0,0,0,0,0,0,0,0,0,0,0,0,0,0,0,0,0,0,0,0,0,0,0,0
15,05,09,1,新潟,3,03,未勝利・牝,7,ダ,1,1200,良,15,04151303,4,0,6,13.8,3,0,3,4.5,1,0,1,3.2,8,0,5,10.0,12,0,11,46.1,5,0,13,120.0,6,0,4,8.1,9,0,10,40.7,15,0,14,130.6,2,0,12,64.7,14,0,9,37.5,7,0,8,33.2,13,0,15,130.8,10,0,7,32.0,11,0,2,3.8,,,,,,,,,,,,,3,320,0,0,0,0,3,160,10,810,2,170,0,0,0,0,2,6,2220,8, , ,0,0, , ,0,0,3,10,7720,24,0,0,0,0,0,0,0,0,3,10,1750,17,2,3,230,1,2,10,2970,33,0,0,0,0,0,0,0,0,0,0,0,0,0,0,0,0,3,10,7980,27,0,0,0,0,0,0,0,0,0,0,0,0,0,0,0,0,0,0,0,0,2,3,10,10670,31,0,0,0,0,0,0,0,0,0,0,3,10,2,68070,213,0,0,0,0,0,0,0,0,0,0,0,0,0,0,0,0,0,0,0,0,0,0,0,0,0
15,05,09,1,新潟,3,04,障害未勝利,7,芝,2,2890,良,10,04151304,5,0,2,3.9,8,0,9,31.3,2,0,6,15.5,4,0,10,49.3,6,0,1,2.4,9,0,7,22.1,1,0,8,24.6,7,0,5,12.6,3,0,3,6.0,10,0,4,6.6,,,,,,,,,,,,,,,,,,,,,,,,,,,,,,,,,7,2460,0,0,0,0,7,550,3,420,9,240,0,0,0,0,3,7,6270,16, , ,0,0, , ,0,0,3,7,16900,36,0,0,0,0,0,0,0,0,3,7,3330,36,7,9,1710,21,3,9,1260,15,0,0,0,0,0,0,0,0,0,0,0,0,0,0,0,0,7,3,29960,67,0,0,0,0,0,0,0,0,0,0,0,0,0,0,0,0,0,0,0,0,3,7,9,19870,57,0,0,0,0,0,0,0,0,0,0,7,3,9,221070,441,0,0,0,0,0,0,0,0,0,0,0,0,0,0,0,0,0,0,0,0,0,0,0,0,0
15,05,09,1,新潟,3,05,未勝利・牝,7,芝,0,1000,良,16,04151305,15,0,12,94.6,14,0,13,96.2,12,0,14,101.9,16,0,11,55.2,7,0,10,51.4,3,0,3,6.4,6,0,1,4.5,1,0,5,6.5,10,0,8,21.2,4,0,6,7.1,9,0,4,6.4,13,0,16,192.9,11,0,15,108.9,8,0,7,10.0,5,0,9,50.4,2,0,2,5.5,,,,,,,,,8,650,0,0,0,0,8,190,16,190,6,210,0,0,0,0,4,8,750,1, , ,0,0, , ,0,0,8,16,1810,7,0,0,0,0,0,0,0,0,8,16,520,2,6,8,960,14,6,16,770,11,0,0,0,0,0,0,0,0,0,0,0,0,0,0,0,0,8,16,3200,9,0,0,0,0,0,0,0,0,0,0,0,0,0,0,0,0,0,0,0,0,6,8,16,4440,15,0,0,0,0,0,0,0,0,0,0,8,16,6,23130,83,0,0,0,0,0,0,0,0,0,0,0,0,0,0,0,0,0,0,0,0,0,0,0,0,0
15,05,09,1,新潟,3,06,未勝利,7,芝,0,2400,良,14,04151306,4,0,4,6.9,7,0,2,3.7,14,0,12,73.5,6,0,6,13.5,2,0,10,49.5,5,0,1,3.5,1,0,5,13.1,12,0,14,181.1,11,0,9,33.3,10,0,11,53.5,8,0,13,154.2,3,0,3,4.6,9,0,8,22.5,13,0,7,18.9,,,,,,,,,,,,,,,,,7,1310,0,0,0,0,7,320,5,980,12,200,0,0,0,0,4,5,2210,10, , ,0,0, , ,0,0,5,7,30170,49,0,0,0,0,0,0,0,0,5,7,6230,46,7,12,920,8,5,12,4520,41,0,0,0,0,0,0,0,0,0,0,0,0,0,0,0,0,7,5,47630,92,0,0,0,0,0,0,0,0,0,0,0,0,0,0,0,0,0,0,0,0,5,7,12,41180,103,0,0,0,0,0,0,0,0,0,0,7,5,12,341120,721,0,0,0,0,0,0,0,0,0,0,0,0,0,0,0,0,0,0,0,0,0,0,0,0,0
15,05,09,1,新潟,3,07,500万下・牝,23,ダ,1,1800,良,10,04151307,9,0,9,27.3,8,0,6,18.6,4,0,1,2.1,6,0,3,6.4,3,0,7,20.2,2,0,2,4.4,5,0,8,24.0,10,0,10,38.1,7,0,5,15.0,1,0,4,7.1,,,,,,,,,,,,,,,,,,,,,,,,,,,,,,,,,10,710,0,0,0,0,10,240,6,200,5,580,0,0,0,0,6,8,1020,4, , ,0,0, , ,0,0,6,10,1300,4,0,0,0,0,0,0,0,0,6,10,430,4,5,10,1680,22,5,6,1070,14,0,0,0,0,0,0,0,0,0,0,0,0,0,0,0,0,10,6,3040,11,0,0,0,0,0,0,0,0,0,0,0,0,0,0,0,0,0,0,0,0,5,6,10,5290,21,0,0,0,0,0,0,0,0,0,0,10,6,5,37180,137,0,0,0,0,0,0,0,0,0,0,0,0,0,0,0,0,0,0,0,0,0,0,0,0,0
15,05,09,1,新潟,3,08,500万下,23,ダ,1,1200,良,15,04151308,8,0,6,19.1,14,0,15,257.5,2,0,5,8.9,11,0,9,25.2,10,0,3,4.8,9,0,7,22.3,6,0,10,25.3,15,0,13,205.8,1,0,4,5.3,13,0,12,81.9,4,0,8,24.8,7,0,2,4.2,12,0,14,256.9,5,0,11,36.2,3,0,1,4.1,,,,,,,,,,,,,9,530,0,0,0,0,9,200,3,240,15,170,0,0,0,0,2,5,2970,16, , ,0,0, , ,0,0,3,9,2600,10,0,0,0,0,0,0,0,0,3,9,910,10,9,15,610,7,3,15,880,9,0,0,0,0,0,0,0,0,0,0,0,0,0,0,0,0,9,3,4220,16,0,0,0,0,0,0,0,0,0,0,0,0,0,0,0,0,0,0,0,0,3,9,15,4330,10,0,0,0,0,0,0,0,0,0,0,9,3,15,24710,59,0,0,0,0,0,0,0,0,0,0,0,0,0,0,0,0,0,0,0,0,0,0,0,0,0
15,05,09,1,新潟,3,09,500万下,23,ダ,1,1800,良,14,04151309,2,0,3,6.8,11,0,13,150.8,10,0,9,26.6,8,0,2,3.9,7,0,1,3.2,12,0,12,66.2,6,0,5,8.2,4,0,4,7.6,14,0,10,29.1,1,0,6,12.8,3,0,11,42.1,13,0,14,326.4,9,0,8,23.8,5,0,7,19.6,,,,,,,,,,,,,,,,,10,1280,0,0,0,0,10,350,1,260,11,740,0,0,0,0,1,6,4160,16, , ,0,0, , ,0,0,1,10,4540,16,0,0,0,0,0,0,0,0,1,10,1280,14,10,11,2480,27,1,11,3500,40,0,0,0,0,0,0,0,0,0,0,0,0,0,0,0,0,10,1,9490,34,0,0,0,0,0,0,0,0,0,0,0,0,0,0,0,0,0,0,0,0,1,10,11,36610,108,0,0,0,0,0,0,0,0,0,0,10,1,11,119310,381,0,0,0,0,0,0,0,0,0,0,0,0,0,0,0,0,0,0,0,0,0,0,0,0,0
15,05,09,1,新潟,3,10,二王子特500,23,芝,8,1800,良,16,04151310,5,0,3,6.6,14,0,14,83.2,1,0,1,3.2,13,0,8,19.6,12,0,13,57.5,8,0,15,122.8,7,0,10,24.6,16,0,7,18.9,11,0,12,37.4,4,0,9,21.7,9,0,16,153.1,6,0,6,12.4,10,0,2,4.6,3,0,5,11.8,15,0,11,25.0,2,0,4,8.7,,,,,,,,,3,320,0,0,0,0,3,160,16,300,14,330,0,0,0,0,2,8,1210,4, , ,0,0, , ,0,0,3,16,2210,5,0,0,0,0,0,0,0,0,3,16,810,4,3,14,860,7,14,16,2020,26,0,0,0,0,0,0,0,0,0,0,0,0,0,0,0,0,3,16,3900,8,0,0,0,0,0,0,0,0,0,0,0,0,0,0,0,0,0,0,0,0,3,14,16,7380,19,0,0,0,0,0,0,0,0,0,0,3,16,14,31840,62,0,0,0,0,0,0,0,0,0,0,0,0,0,0,0,0,0,0,0,0,0,0,0,0,0
15,05,09,1,新潟,3,11,中ノ岳特1000,43,ダ,1,1800,良,15,04151311,12,0,15,184.4,5,0,3,6.1,9,0,1,2.9,13,0,13,140.0,1,0,5,7.8,11,0,9,29.5,15,0,14,178.2,10,0,7,19.1,7,0,11,58.2,14,0,10,41.6,4,0,4,7.4,8,0,12,72.8,3,0,6,16.6,2,0,2,4.2,6,0,8,29.2,,,,,,,,,,,,,5,780,0,0,0,0,5,240,14,160,13,340,0,0,0,0,3,8,1460,8, , ,0,0, , ,0,0,5,14,1640,6,0,0,0,0,0,0,0,0,5,14,720,7,5,13,1550,19,13,14,1010,12,0,0,0,0,0,0,0,0,0,0,0,0,0,0,0,0,5,14,3990,14,0,0,0,0,0,0,0,0,0,0,0,0,0,0,0,0,0,0,0,0,5,13,14,5840,17,0,0,0,0,0,0,0,0,0,0,5,14,13,32060,102,0,0,0,0,0,0,0,0,0,0,0,0,0,0,0,0,0,0,0,0,0,0,0,0,0
15,05,09,1,新潟,3,12,高田城特500,23,芝,8,1600,良,16,04151312,15,0,12,62.8,6,0,4,11.2,12,0,13,85.3,9,0,8,28.8,14,0,14,98.8,10,0,11,62.6,13,0,16,355.1,3,0,3,6.3,2,0,2,4.9,16,0,10,34.4,1,0,1,2.3,11,0,9,31.9,4,0,7,23.3,5,0,6,12.8,7,0,15,128.8,8,0,5,11.4,,,,,,,,,11,230,0,0,0,0,11,120,9,160,8,190,0,0,0,0,5,6,560,1, , ,0,0, , ,0,0,9,11,800,1,0,0,0,0,0,0,0,0,9,11,300,1,8,11,340,2,8,9,510,5,0,0,0,0,0,0,0,0,0,0,0,0,0,0,0,0,11,9,1210,1,0,0,0,0,0,0,0,0,0,0,0,0,0,0,0,0,0,0,0,0,8,9,11,1500,1,0,0,0,0,0,0,0,0,0,0,11,9,8,4330,1,0,0,0,0,0,0,0,0,0,0,0,0,0,0,0,0,0,0,0,0,0,0,0,0,0
15,05,10,1,新潟,4,01,未勝利,7,ダ,1,1200,良,14,04151401,1,0,1,1.5,12,0,12,176.7,2,0,3,7.3,7,0,7,36.0,4,0,6,20.5,10,0,14,226.3,13,0,11,114.8,8,0,2,5.6,14,0,13,214.5,9,0,8,42.0,11,0,9,50.3,6,0,10,83.0,5,0,5,20.4,3,0,4,10.4,,,,,,,,,,,,,,,,,1,150,0,0,0,0,1,110,3,180,14,240,0,0,0,0,1,3,390,2, , ,0,0, , ,0,0,1,3,490,2,0,0,0,0,0,0,0,0,1,3,250,2,1,14,470,6,3,14,1230,15,0,0,0,0,0,0,0,0,0,0,0,0,0,0,0,0,1,3,690,2,0,0,0,0,0,0,0,0,0,0,0,0,0,0,0,0,0,0,0,0,1,3,14,1830,6,0,0,0,0,0,0,0,0,0,0,1,3,14,4110,7,0,0,0,0,0,0,0,0,0,0,0,0,0,0,0,0,0,0,0,0,0,0,0,0,0
15,05,10,1,新潟,4,02,未勝利・牝,7,芝,0,2000,良,15,04151402,15,0,7,20.1,9,0,11,71.9,6,0,6,9.6,10,0,14,157.4,8,0,4,6.7,3,0,3,6.7,14,0,13,118.7,2,0,2,4.1,7,0,15,278.0,4,0,1,3.5,11,0,10,48.3,1,0,5,6.7,12,0,12,97.0,13,0,9,46.2,5,0,8,23.9,,,,,,,,,,,,,12,670,0,0,0,0,12,210,8,160,6,220,0,0,0,0,5,7,1310,6, , ,0,0, , ,0,0,8,12,1320,4,0,0,0,0,0,0,0,0,8,12,530,4,6,12,780,11,6,8,540,5,0,0,0,0,0,0,0,0,0,0,0,0,0,0,0,0,12,8,2930,11,0,0,0,0,0,0,0,0,0,0,0,0,0,0,0,0,0,0,0,0,6,8,12,2570,6,0,0,0,0,0,0,0,0,0,0,12,8,6,14400,36,0,0,0,0,0,0,0,0,0,0,0,0,0,0,0,0,0,0,0,0,0,0,0,0,0
15,05,10,1,新潟,4,03,未勝利,7,ダ,1,1800,良,15,04151403,11,0,5,12.6,12,0,7,30.1,15,0,14,269.9,9,0,12,196.7,3,0,3,4.5,8,0,11,154.3,14,0,13,256.2,5,0,6,25.7,1,0,2,3.1,2,0,10,40.7,7,0,1,2.8,4,0,4,10.4,6,0,9,36.2,13,0,8,34.5,10,0,15,282.9,,,,,,,,,,,,,9,310,0,0,0,0,9,150,10,660,5,160,0,0,0,0,5,6,320,1, , ,0,0, , ,0,0,9,10,5020,14,0,0,0,0,0,0,0,0,9,10,1590,19,5,9,340,3,5,10,1960,25,0,0,0,0,0,0,0,0,0,0,0,0,0,0,0,0,9,10,7250,25,0,0,0,0,0,0,0,0,0,0,0,0,0,0,0,0,0,0,0,0,5,9,10,6390,21,0,0,0,0,0,0,0,0,0,0,9,10,5,36890,105,0,0,0,0,0,0,0,0,0,0,0,0,0,0,0,0,0,0,0,0,0,0,0,0,0
15,05,10,1,新潟,4,04,障害未勝利,7,芝,2,2890,良,12,04151404,3,0,6,20.1,9,0,7,25.8,1,0,1,1.5,12,0,12,121.2,6,0,5,18.3,8,0,11,104.1,4,0,2,6.0,11,0,8,42.5,2,0,4,12.9,10,0,10,86.3,7,0,3,7.3,5,0,9,50.1,,,,,,,,,,,,,,,,,,,,,,,,,3,150,0,0,0,0,3,110,9,230,1,230,0,0,0,0,3,7,620,3, , ,0,0, , ,0,0,3,9,780,3,0,0,0,0,0,0,0,0,3,9,300,3,1,3,350,4,1,9,1130,14,0,0,0,0,0,0,0,0,0,0,0,0,0,0,0,0,3,9,910,3,0,0,0,0,0,0,0,0,0,0,0,0,0,0,0,0,0,0,0,0,1,3,9,1970,8,0,0,0,0,0,0,0,0,0,0,3,9,1,5000,13,0,0,0,0,0,0,0,0,0,0,0,0,0,0,0,0,0,0,0,0,0,0,0,0,0
15,05,10,1,新潟,4,05,未勝利,7,芝,8,1800,良,15,04151405,13,0,9,66.5,11,0,1,2.7,10,0,11,91.8,15,0,12,93.0,7,0,5,9.5,5,0,3,5.8,4,0,4,6.6,14,0,13,126.2,2,0,2,4.9,8,0,15,248.5,9,0,14,190.6,3,0,8,20.4,1,0,6,11.3,12,0,10,79.9,6,0,7,19.7,,,,,,,,,,,,,13,1130,0,0,0,0,13,360,9,180,12,440,0,0,0,0,5,7,2020,10, , ,0,0, , ,0,0,9,13,3770,14,0,0,0,0,0,0,0,0,9,13,1070,12,12,13,3730,30,9,12,2110,23,0,0,0,0,0,0,0,0,0,0,0,0,0,0,0,0,13,9,8980,35,0,0,0,0,0,0,0,0,0,0,0,0,0,0,0,0,0,0,0,0,9,12,13,27090,70,0,0,0,0,0,0,0,0,0,0,13,9,12,90690,295,0,0,0,0,0,0,0,0,0,0,0,0,0,0,0,0,0,0,0,0,0,0,0,0,0
15,05,10,1,新潟,4,06,未勝利,7,芝,0,1200,良,16,04151406,5,0,10,26.9,7,0,8,13.7,13,0,11,47.6,4,0,3,5.2,15,0,14,78.2,14,0,16,154.4,8,0,4,9.1,6,0,13,57.9,12,0,9,14.5,2,0,1,4.4,16,0,15,120.2,1,0,2,5.0,9,0,7,12.1,11,0,5,10.9,3,0,6,11.6,10,0,12,48.1,,,,,,,,,12,500,0,0,0,0,12,180,10,190,15,360,0,0,0,0,5,6,900,3, , ,0,0, , ,0,0,10,12,1470,2,0,0,0,0,0,0,0,0,10,12,550,2,12,15,1480,17,10,15,1280,12,0,0,0,0,0,0,0,0,0,0,0,0,0,0,0,0,12,10,2810,3,0,0,0,0,0,0,0,0,0,0,0,0,0,0,0,0,0,0,0,0,10,12,15,8070,18,0,0,0,0,0,0,0,0,0,0,12,10,15,36810,76,0,0,0,0,0,0,0,0,0,0,0,0,0,0,0,0,0,0,0,0,0,0,0,0,0
15,05,10,1,新潟,4,07,500万下・若,23,ダ,1,1800,良,13,04151407,10,0,10,61.9,6,0,5,9.6,3,0,2,3.7,11,0,11,171.9,4,0,1,3.3,7,0,6,10.6,1,0,8,23.2,9,0,9,34.7,2,0,4,6.6,12,0,7,19.4,5,0,3,5.4,8,0,12,213.3,13,0,13,242.0,,,,,,,,,,,,,,,,,,,,,7,2320,0,0,0,0,7,340,9,220,3,170,0,0,0,0,5,6,2590,14, , ,0,0, , ,0,0,7,9,8010,24,0,0,0,0,0,0,0,0,7,9,2440,28,3,7,800,12,3,9,610,5,0,0,0,0,0,0,0,0,0,0,0,0,0,0,0,0,7,9,20230,61,0,0,0,0,0,0,0,0,0,0,0,0,0,0,0,0,0,0,0,0,3,7,9,9020,34,0,0,0,0,0,0,0,0,0,0,7,9,3,120100,341,0,0,0,0,0,0,0,0,0,0,0,0,0,0,0,0,0,0,0,0,0,0,0,0,0
15,05,10,1,新潟,4,08,500万下,23,ダ,1,1200,良,15,04151408,5,0,4,7.3,7,0,3,6.0,4,0,6,18.3,11,0,13,73.0,3,0,8,29.8,14,0,9,37.6,12,0,15,150.9,13,0,12,71.5,8,0,5,13.8,15,0,7,22.5,10,0,14,119.8,9,0,11,49.2,6,0,10,47.8,2,0,1,2.2,1,0,2,5.2,,,,,,,,,,,,,15,520,0,0,0,0,15,150,14,120,5,440,0,0,0,0,8,8,650,2, , ,0,0, , ,0,0,14,15,670,1,0,0,0,0,0,0,0,0,14,15,280,1,5,15,1710,17,5,14,1000,11,0,0,0,0,0,0,0,0,0,0,0,0,0,0,0,0,15,14,1450,2,0,0,0,0,0,0,0,0,0,0,0,0,0,0,0,0,0,0,0,0,5,14,15,4270,8,0,0,0,0,0,0,0,0,0,0,15,14,5,18850,34,0,0,0,0,0,0,0,0,0,0,0,0,0,0,0,0,0,0,0,0,0,0,0,0,0
15,05,10,1,新潟,4,09,500万下・牝,23,芝,8,2000,良,13,04151409,10,0,5,10.7,5,0,8,21.3,12,0,9,47.5,7,0,12,110.0,11,0,7,19.9,2,0,1,3.1,3,0,2,4.3,7,0,10,55.4,1,0,4,7.0,13,0,11,65.3,4,0,6,14.6,6,0,3,4.4,9,0,13,130.8,,,,,,,,,,,,,,,,,,,,,9,700,0,0,0,0,9,190,6,150,7,180,0,0,0,0,5,6,560,2, , ,0,0, , ,0,0,6,9,1190,3,0,0,0,0,0,0,0,0,6,9,530,5,7,9,560,6,6,7,300,1,0,0,0,0,0,0,0,0,0,0,0,0,0,0,0,0,9,6,3010,9,0,0,0,0,0,0,0,0,0,0,0,0,0,0,0,0,0,0,0,0,6,7,9,1910,3,0,0,0,0,0,0,0,0,0,0,9,6,7,12370,27,0,0,0,0,0,0,0,0,0,0,0,0,0,0,0,0,0,0,0,0,0,0,0,0,0
15,05,10,1,新潟,4,10,わらび賞500*,23,ダ,1,1800,良,12,04151410,6,0,8,50.6,4,0,7,43.2,3,0,4,8.9,11,0,12,163.6,8,0,6,26.8,5,0,11,141.1,7,0,3,6.6,10,0,5,9.8,1,0,1,1.8,9,0,9,61.8,12,0,10,105.0,2,0,2,4.1,,,,,,,,,,,,,,,,,,,,,,,,,9,180,0,0,0,0,9,110,12,140,3,170,0,0,0,0,7,8,320,1, , ,0,0, , ,0,0,9,12,380,1,0,0,0,0,0,0,0,0,9,12,180,1,3,9,280,2,3,12,480,5,0,0,0,0,0,0,0,0,0,0,0,0,0,0,0,0,9,12,580,1,0,0,0,0,0,0,0,0,0,0,0,0,0,0,0,0,0,0,0,0,3,9,12,740,1,0,0,0,0,0,0,0,0,0,0,9,12,3,2230,1,0,0,0,0,0,0,0,0,0,0,0,0,0,0,0,0,0,0,0,0,0,0,0,0,0
15,05,10,1,新潟,4,11,新潟大賞ＨG3,163,芝,8,2000,良,16,04151411,5,0,3,5.0,9,0,11,39.5,13,0,1,4.2,2,0,13,57.2,3,0,6,11.0,1,0,5,10.7,16,0,2,4.9,8,0,12,56.2,4,0,14,78.6,15,0,15,112.9,7,0,4,8.7,14,0,16,340.3,12,0,8,12.6,6,0,10,33.1,10,0,7,11.4,11,0,9,29.4,,,,,,,,,6,1070,0,0,0,0,6,370,4,1470,5,460,0,0,0,0,2,3,1150,4, , ,0,0, , ,0,0,4,6,35750,65,0,0,0,0,0,0,0,0,4,6,8590,71,5,6,2200,28,4,5,10980,76,0,0,0,0,0,0,0,0,0,0,0,0,0,0,0,0,6,4,66430,132,0,0,0,0,0,0,0,0,0,0,0,0,0,0,0,0,0,0,0,0,4,5,6,130520,250,0,0,0,0,0,0,0,0,0,0,6,4,5,945420,1515,0,0,0,0,0,0,0,0,0,0,0,0,0,0,0,0,0,0,0,0,0,0,0,0,0
15,05,10,1,新潟,4,12,飛竜特別500,23,芝,0,1000,良,16,04151412,5,0,10,38.8,15,0,11,52.9,14,0,16,253.9,8,0,6,13.1,10,0,13,81.8,7,0,4,8.0,13,0,8,25.1,16,0,15,195.1,9,0,14,82.7,4,0,1,3.7,2,0,2,3.7,11,0,9,33.7,3,0,12,70.1,1,0,5,9.2,12,0,7,16.2,6,0,3,5.6,,,,,,,,,14,920,0,0,0,0,14,310,11,160,13,1370,0,0,0,0,6,7,1550,5, , ,0,0, , ,0,0,11,14,1700,4,0,0,0,0,0,0,0,0,11,14,680,4,13,14,5050,47,11,13,3540,34,0,0,0,0,0,0,0,0,0,0,0,0,0,0,0,0,14,11,3830,11,0,0,0,0,0,0,0,0,0,0,0,0,0,0,0,0,0,0,0,0,11,13,14,25070,77,0,0,0,0,0,0,0,0,0,0,14,11,13,125220,359,0,0,0,0,0,0,0,0,0,0,0,0,0,0,0,0,0,0,0,0,0,0,0,0,0
15,05,16,1,新潟,5,01,障害未勝利,7,芝,2,2890,重,14,04151501,2,0,8,38.6,1,0,4,11.7,7,0,7,32.5,3,0,2,6.1,10,0,3,9.3,4,0,5,12.8,13,0,9,51.4,12,0,11,96.5,8,0,6,13.2,6,0,10,64.5,14,0,13,101.8,5,0,1,1.6,11,0,14,106.8,9,0,12,98.9,,,,,,,,,,,,,,,,,2,1170,0,0,0,0,2,420,1,1160,4,250,0,0,0,0,1,2,10490,26, , ,0,0, , ,0,0,1,2,11680,30,0,0,0,0,0,0,0,0,1,2,2740,26,2,4,880,7,1,4,1660,19,0,0,0,0,0,0,0,0,0,0,0,0,0,0,0,0,2,1,24900,54,0,0,0,0,0,0,0,0,0,0,0,0,0,0,0,0,0,0,0,0,1,2,4,16550,49,0,0,0,0,0,0,0,0,0,0,2,1,4,164940,362,0,0,0,0,0,0,0,0,0,0,0,0,0,0,0,0,0,0,0,0,0,0,0,0,0
15,05,16,1,新潟,5,02,未勝利,7,ダ,1,1800,不,9,04151502,4,0,7,26.9,9,0,6,20.8,3,0,2,2.6,2,0,8,27.2,7,0,9,69.3,6,0,4,9.9,5,0,1,2.4,8,0,3,7.8,1,0,5,10.0,,,,,,,,,,,,,,,,,,,,,,,,,,,,,,,,,,,,,9,1000,0,0,0,0,9,230,4,620,3,130,0,0,0,0,4,8,7050,15, , ,0,0, , ,0,0,4,9,13240,26,0,0,0,0,0,0,0,0,4,9,2700,23,3,9,540,7,3,4,990,12,0,0,0,0,0,0,0,0,0,0,0,0,0,0,0,0,9,4,20570,47,0,0,0,0,0,0,0,0,0,0,0,0,0,0,0,0,0,0,0,0,3,4,9,9480,31,0,0,0,0,0,0,0,0,0,0,9,4,3,84760,199,0,0,0,0,0,0,0,0,0,0,0,0,0,0,0,0,0,0,0,0,0,0,0,0,0
15,05,16,1,新潟,5,03,未勝利・若,7,ダ,1,1200,不,15,04151503,2,0,2,5.0,6,0,9,22.5,15,0,15,313.9,3,0,3,5.8,1,0,6,9.4,8,0,10,49.2,4,0,11,57.2,12,0,12,105.9,5,0,1,3.5,9,0,8,16.6,10,0,14,211.5,13,0,13,195.0,7,0,4,7.0,11,0,5,9.3,14,0,7,12.7,,,,,,,,,,,,,5,940,0,0,0,0,5,240,1,180,4,200,0,0,0,0,1,3,1120,6, , ,0,0, , ,0,0,1,5,2850,11,0,0,0,0,0,0,0,0,1,5,1070,12,4,5,1020,11,1,4,680,5,0,0,0,0,0,0,0,0,0,0,0,0,0,0,0,0,5,1,5260,22,0,0,0,0,0,0,0,0,0,0,0,0,0,0,0,0,0,0,0,0,1,4,5,4300,11,0,0,0,0,0,0,0,0,0,0,5,1,4,28660,81,0,0,0,0,0,0,0,0,0,0,0,0,0,0,0,0,0,0,0,0,0,0,0,0,0
15,05,16,1,新潟,5,04,障害・オープ,131,芝,2,3290,重,14,04151504,12,0,14,95.1,10,0,6,18.9,7,0,7,20.0,3,0,3,5.2,6,0,12,57.1,5,0,10,46.4,2,0,9,30.6,11,0,13,57.3,9,0,8,29.6,14,0,11,57.0,8,0,2,5.1,13,0,5,14.4,4,0,4,6.9,1,0,1,2.4,,,,,,,,,,,,,,,,,14,240,0,0,0,0,14,140,7,490,4,160,0,0,0,0,5,8,2100,6, , ,0,0, , ,0,0,7,14,4110,15,0,0,0,0,0,0,0,0,7,14,1360,15,4,14,250,1,4,7,1790,22,0,0,0,0,0,0,0,0,0,0,0,0,0,0,0,0,14,7,7030,27,0,0,0,0,0,0,0,0,0,0,0,0,0,0,0,0,0,0,0,0,4,7,14,7460,24,0,0,0,0,0,0,0,0,0,0,14,7,4,39660,119,0,0,0,0,0,0,0,0,0,0,0,0,0,0,0,0,0,0,0,0,0,0,0,0,0
15,05,16,1,新潟,5,05,未勝利,7,芝,0,2000,重,16,04151505,3,0,7,25.1,15,0,14,124.8,5,0,4,12.5,1,0,5,14.6,14,0,15,151.6,12,0,9,46.7,0,3,0,0.0,9,0,8,40.2,11,0,11,59.6,4,0,12,94.1,7,0,6,21.4,2,0,1,1.9,8,0,10,50.3,10,0,3,7.3,6,0,2,3.9,13,0,13,100.8,,,,,,,,,4,1460,0,0,0,0,4,360,12,110,1,430,0,0,0,0,2,6,560,2, , ,0,0, , ,0,0,4,12,1870,5,0,0,0,0,0,0,0,0,4,12,670,7,1,4,3310,31,1,12,930,9,0,0,0,0,0,0,0,0,0,0,0,0,0,0,0,0,4,12,4680,14,0,0,0,0,0,0,0,0,0,0,0,0,0,0,0,0,0,0,0,0,1,4,12,8440,26,0,0,0,0,0,0,0,0,0,0,4,12,1,57190,165,0,0,0,0,0,0,0,0,0,0,0,0,0,0,0,0,0,0,0,0,0,0,0,0,0
15,05,16,1,新潟,5,06,未勝利,7,芝,0,1000,重,16,04151506,16,0,16,184.7,6,0,7,12.1,8,0,12,41.1,11,0,11,25.8,3,0,4,6.5,15,0,13,43.0,10,0,10,21.4,14,0,14,60.5,12,0,1,5.7,5,0,3,6.1,7,0,5,7.6,13,0,8,17.0,9,0,15,172.7,4,0,6,10.1,1,0,2,5.7,2,0,9,18.4,,,,,,,,,15,570,0,0,0,0,15,180,16,460,5,210,0,0,0,0,8,8,4150,18, , ,0,0, , ,0,0,15,16,4900,17,0,0,0,0,0,0,0,0,15,16,1410,14,5,15,490,1,5,16,2260,21,0,0,0,0,0,0,0,0,0,0,0,0,0,0,0,0,15,16,7810,29,0,0,0,0,0,0,0,0,0,0,0,0,0,0,0,0,0,0,0,0,5,15,16,14240,45,0,0,0,0,0,0,0,0,0,0,15,16,5,78490,230,0,0,0,0,0,0,0,0,0,0,0,0,0,0,0,0,0,0,0,0,0,0,0,0,0
15,05,16,1,新潟,5,07,500万下・牝,23,ダ,1,1200,不,15,04151507,3,0,4,8.8,6,0,10,23.1,2,0,3,4.6,1,0,1,3.9,7,0,2,4.5,12,0,12,52.7,9,0,6,10.7,4,0,8,21.0,5,0,5,10.2,13,0,15,194.5,11,0,14,114.6,10,0,11,39.1,8,0,9,21.6,15,0,13,60.3,14,0,7,20.6,,,,,,,,,,,,,4,390,0,0,0,0,4,160,3,160,1,250,0,0,0,0,2,3,440,1, , ,0,0, , ,0,0,3,4,1390,3,0,0,0,0,0,0,0,0,3,4,510,3,1,4,1100,11,1,3,780,7,0,0,0,0,0,0,0,0,0,0,0,0,0,0,0,0,4,3,2870,6,0,0,0,0,0,0,0,0,0,0,0,0,0,0,0,0,0,0,0,0,1,3,4,3470,6,0,0,0,0,0,0,0,0,0,0,4,3,1,17480,33,0,0,0,0,0,0,0,0,0,0,0,0,0,0,0,0,0,0,0,0,0,0,0,0,0
15,05,16,1,新潟,5,08,500万下,23,ダ,1,1800,不,15,04151508,1,0,2,3.6,3,0,12,77.8,7,0,8,36.0,9,0,13,78.2,4,0,3,3.9,15,0,11,67.5,14,0,15,135.9,2,0,1,3.5,10,0,5,11.8,11,0,10,61.5,8,0,7,14.1,12,0,9,38.1,5,0,14,107.3,6,0,4,10.9,13,0,6,13.1,,,,,,,,,,,,,1,360,0,0,0,0,1,160,8,160,2,940,0,0,0,0,1,5,630,2, , ,0,0, , ,0,0,1,8,780,2,0,0,0,0,0,0,0,0,1,8,350,1,1,2,3030,31,2,8,3340,38,0,0,0,0,0,0,0,0,0,0,0,0,0,0,0,0,1,8,1730,4,0,0,0,0,0,0,0,0,0,0,0,0,0,0,0,0,0,0,0,0,1,2,8,10810,37,0,0,0,0,0,0,0,0,0,0,1,8,2,46350,139,0,0,0,0,0,0,0,0,0,0,0,0,0,0,0,0,0,0,0,0,0,0,0,0,0
15,05,16,1,新潟,5,09,500万下,23,芝,0,1200,稍,16,04151509,15,0,9,32.5,14,0,7,12.7,5,0,12,60.2,9,0,6,9.8,4,0,5,9.8,2,0,3,5.9,3,0,1,3.4,6,0,8,17.2,7,0,13,63.7,10,0,16,187.9,8,0,11,53.4,1,0,2,5.4,12,0,15,95.6,16,0,14,67.0,13,0,10,39.7,11,0,4,7.4,,,,,,,,,12,540,0,0,0,0,12,200,6,180,7,150,0,0,0,0,3,6,1190,5, , ,0,0, , ,0,0,6,12,2090,7,0,0,0,0,0,0,0,0,6,12,740,6,7,12,370,2,6,7,360,1,0,0,0,0,0,0,0,0,0,0,0,0,0,0,0,0,12,6,3470,9,0,0,0,0,0,0,0,0,0,0,0,0,0,0,0,0,0,0,0,0,6,7,12,1920,1,0,0,0,0,0,0,0,0,0,0,12,6,7,11810,11,0,0,0,0,0,0,0,0,0,0,0,0,0,0,0,0,0,0,0,0,0,0,0,0,0
15,05,16,1,新潟,5,10,胎内川特500,23,芝,0,2200,稍,13,04151510,8,0,12,40.8,9,0,1,3.8,12,0,9,21.1,1,0,4,7.3,3,0,2,5.3,4,0,3,6.8,13,0,13,112.8,6,0,8,16.3,5,0,5,8.3,7,0,6,11.0,2,0,7,11.4,11,0,11,29.0,10,0,10,22.9,,,,,,,,,,,,,,,,,,,,,4,730,0,0,0,0,4,230,11,450,5,190,0,0,0,0,4,7,980,4, , ,0,0, , ,0,0,4,11,4930,20,0,0,0,0,0,0,0,0,4,11,1630,22,4,5,680,6,5,11,1480,16,0,0,0,0,0,0,0,0,0,0,0,0,0,0,0,0,4,11,10400,45,0,0,0,0,0,0,0,0,0,0,0,0,0,0,0,0,0,0,0,0,4,5,11,10400,34,0,0,0,0,0,0,0,0,0,0,4,11,5,73160,256,0,0,0,0,0,0,0,0,0,0,0,0,0,0,0,0,0,0,0,0,0,0,0,0,0
15,05,16,1,新潟,5,11,八海山Ｈ1000,43,ダ,1,1200,不,15,04151511,9,0,11,31.2,7,0,9,20.7,5,0,12,37.6,13,0,10,28.3,14,0,15,67.6,3,0,14,59.8,10,0,6,10.0,1,0,4,8.6,8,0,3,5.2,2,0,2,5.1,15,0,7,12.9,10,0,1,4.6,4,0,8,15.6,5,0,5,9.5,12,0,13,56.7,,,,,,,,,,,,,8,860,0,0,0,0,8,290,10,190,6,1180,0,0,0,0,5,6,780,3, , ,0,0, , ,0,0,8,10,2290,7,0,0,0,0,0,0,0,0,8,10,860,5,6,8,6250,66,6,10,4280,52,0,0,0,0,0,0,0,0,0,0,0,0,0,0,0,0,8,10,4880,18,0,0,0,0,0,0,0,0,0,0,0,0,0,0,0,0,0,0,0,0,6,8,10,39630,125,0,0,0,0,0,0,0,0,0,0,8,10,6,188240,635,0,0,0,0,0,0,0,0,0,0,0,0,0,0,0,0,0,0,0,0,0,0,0,0,0
15,05,16,1,新潟,5,12,石打特別500,23,芝,8,1800,稍,14,04151512,5,0,3,6.8,10,0,1,4.2,1,0,9,17.3,3,0,5,7.3,4,0,7,15.9,8,0,6,13.4,11,0,10,18.3,2,0,4,7.2,9,0,14,133.9,7,0,8,17.2,13,0,13,112.0,12,0,11,20.6,6,0,2,5.7,14,0,12,21.6,,,,,,,,,,,,,,,,,3,1730,0,0,0,0,3,500,8,260,4,220,0,0,0,0,3,5,1170,4, , ,0,0, , ,0,0,3,8,5230,22,0,0,0,0,0,0,0,0,3,8,1860,25,3,4,1600,16,4,8,790,6,0,0,0,0,0,0,0,0,0,0,0,0,0,0,0,0,3,8,9620,39,0,0,0,0,0,0,0,0,0,0,0,0,0,0,0,0,0,0,0,0,3,4,8,11240,40,0,0,0,0,0,0,0,0,0,0,3,8,4,62900,208,0,0,0,0,0,0,0,0,0,0,0,0,0,0,0,0,0,0,0,0,0,0,0,0,0
15,05,17,1,新潟,6,01,未勝利・牝,7,ダ,1,1800,重,15,04151601,5,0,8,27.9,15,0,15,150.6,2,0,2,5.5,6,0,6,9.0,12,0,13,102.0,8,0,10,39.0,7,0,5,8.8,10,0,4,5.9,11,0,12,57.9,1,0,1,3.7,14,0,11,51.6,9,0,14,111.9,4,0,7,11.5,13,0,9,36.1,3,0,3,5.7,,,,,,,,,,,,,10,370,0,0,0,0,10,140,3,180,15,230,0,0,0,0,2,6,1020,4, , ,0,0, , ,0,0,3,10,1170,2,0,0,0,0,0,0,0,0,3,10,370,1,10,15,540,4,3,15,800,10,0,0,0,0,0,0,0,0,0,0,0,0,0,0,0,0,10,3,2130,3,0,0,0,0,0,0,0,0,0,0,0,0,0,0,0,0,0,0,0,0,3,10,15,3050,7,0,0,0,0,0,0,0,0,0,0,10,3,15,13320,21,0,0,0,0,0,0,0,0,0,0,0,0,0,0,0,0,0,0,0,0,0,0,0,0,0
15,05,17,1,新潟,6,02,未勝利,7,ダ,1,1200,重,15,04151602,12,0,12,136.4,15,0,14,155.6,11,0,11,118.6,6,0,4,7.3,3,0,2,4.1,8,0,8,15.7,14,0,13,140.5,13,0,15,212.5,7,0,9,35.6,1,0,3,5.1,5,0,1,3.7,2,0,5,8.2,4,0,7,15.5,10,0,10,54.7,9,0,6,11.6,,,,,,,,,,,,,10,510,0,0,0,0,10,190,12,250,5,170,0,0,0,0,6,7,690,2, , ,0,0, , ,0,0,10,12,2170,9,0,0,0,0,0,0,0,0,10,12,950,13,5,10,620,5,5,12,710,7,0,0,0,0,0,0,0,0,0,0,0,0,0,0,0,0,10,12,3300,14,0,0,0,0,0,0,0,0,0,0,0,0,0,0,0,0,0,0,0,0,5,10,12,3860,11,0,0,0,0,0,0,0,0,0,0,10,12,5,16180,40,0,0,0,0,0,0,0,0,0,0,0,0,0,0,0,0,0,0,0,0,0,0,0,0,0
15,05,17,1,新潟,6,03,未勝利,7,ダ,1,1800,重,12,04151603,4,0,2,4.5,11,0,6,10.9,7,0,7,12.2,3,0,5,6.9,1,0,4,6.0,12,0,9,36.3,2,0,8,19.7,5,0,10,37.6,6,0,12,48.4,10,0,3,6.0,9,0,1,4.2,8,0,11,48.4,,,,,,,,,,,,,,,,,,,,,,,,,5,600,0,0,0,0,5,220,7,410,4,180,0,0,0,0,5,6,2570,13, , ,0,0, , ,0,0,5,7,4300,19,0,0,0,0,0,0,0,0,5,7,740,9,4,5,660,5,4,7,2130,28,0,0,0,0,0,0,0,0,0,0,0,0,0,0,0,0,5,7,7380,32,0,0,0,0,0,0,0,0,0,0,0,0,0,0,0,0,0,0,0,0,4,5,7,9840,35,0,0,0,0,0,0,0,0,0,0,5,7,4,39130,149,0,0,0,0,0,0,0,0,0,0,0,0,0,0,0,0,0,0,0,0,0,0,0,0,0
15,05,17,1,新潟,6,04,障害未勝利,7,芝,2,2890,稍,14,04151604,3,0,8,21.6,5,0,1,3.2,8,0,13,138.1,2,0,5,12.9,11,0,14,206.8,10,0,7,15.6,9,0,11,47.7,7,0,9,30.8,13,0,4,9.2,14,0,10,46.6,6,0,2,3.4,1,0,3,5.3,12,0,12,77.9,4,0,6,14.8,,,,,,,,,,,,,,,,,12,530,0,0,0,0,12,200,4,280,1,440,0,0,0,0,3,7,1150,4, , ,0,0, , ,0,0,4,12,2780,10,0,0,0,0,0,0,0,0,4,12,1030,12,1,12,1840,20,1,4,2850,30,0,0,0,0,0,0,0,0,0,0,0,0,0,0,0,0,12,4,5040,17,0,0,0,0,0,0,0,0,0,0,0,0,0,0,0,0,0,0,0,0,1,4,12,23850,71,0,0,0,0,0,0,0,0,0,0,12,4,1,84980,252,0,0,0,0,0,0,0,0,0,0,0,0,0,0,0,0,0,0,0,0,0,0,0,0,0
15,05,17,1,新潟,6,05,未勝利,7,芝,0,1400,稍,16,04151605,10,0,14,201.2,9,0,8,27.5,2,0,3,6.6,12,0,10,49.8,11,0,4,7.5,8,0,2,3.2,16,0,12,141.2,1,0,1,2.5,4,0,7,24.4,5,0,5,13.9,15,0,15,223.5,3,0,6,21.6,13,0,13,145.4,7,0,9,48.2,6,0,11,133.7,14,0,16,299.7,,,,,,,,,8,250,0,0,0,0,8,120,3,170,12,360,0,0,0,0,2,4,720,3, , ,0,0, , ,0,0,3,8,760,2,0,0,0,0,0,0,0,0,3,8,330,2,8,12,850,9,3,12,1600,18,0,0,0,0,0,0,0,0,0,0,0,0,0,0,0,0,8,3,1330,3,0,0,0,0,0,0,0,0,0,0,0,0,0,0,0,0,0,0,0,0,3,8,12,3610,11,0,0,0,0,0,0,0,0,0,0,8,3,12,13000,32,0,0,0,0,0,0,0,0,0,0,0,0,0,0,0,0,0,0,0,0,0,0,0,0,0
15,05,17,1,新潟,6,06,未勝利,7,芝,0,2400,稍,12,04151606,12,0,9,59.0,2,0,1,2.4,1,0,3,8.0,5,0,8,47.7,4,0,4,8.2,7,0,11,126.9,11,0,7,30.4,10,0,6,21.5,3,0,2,2.8,9,0,10,93.3,8,0,5,9.4,6,0,12,172.5,,,,,,,,,,,,,,,,,,,,,,,,,3,800,0,0,0,0,3,180,2,120,9,130,0,0,0,0,2,3,960,3, , ,0,0, , ,0,0,2,3,780,2,0,0,0,0,0,0,0,0,2,3,320,4,3,9,400,7,2,9,160,1,0,0,0,0,0,0,0,0,0,0,0,0,0,0,0,0,3,2,2220,9,0,0,0,0,0,0,0,0,0,0,0,0,0,0,0,0,0,0,0,0,2,3,9,850,3,0,0,0,0,0,0,0,0,0,0,3,2,9,8770,21,0,0,0,0,0,0,0,0,0,0,0,0,0,0,0,0,0,0,0,0,0,0,0,0,0
15,05,17,1,新潟,6,07,500万下,23,ダ,1,1200,重,15,04151607,8,0,14,170.2,6,0,4,7.1,15,0,8,42.2,3,0,2,5.8,12,0,15,190.8,5,0,10,45.3,11,0,12,126.3,1,0,3,6.8,2,0,1,2.4,14,0,13,135.5,9,0,7,16.1,7,0,9,42.3,13,0,11,123.9,10,0,5,7.8,4,0,6,10.3,,,,,,,,,,,,,8,680,0,0,0,0,8,180,9,120,4,140,0,0,0,0,5,5,800,4, , ,0,0, , ,0,0,8,9,800,2,0,0,0,0,0,0,0,0,8,9,300,2,4,8,550,6,4,9,250,1,0,0,0,0,0,0,0,0,0,0,0,0,0,0,0,0,8,9,1950,6,0,0,0,0,0,0,0,0,0,0,0,0,0,0,0,0,0,0,0,0,4,8,9,1120,1,0,0,0,0,0,0,0,0,0,0,8,9,4,7520,11,0,0,0,0,0,0,0,0,0,0,0,0,0,0,0,0,0,0,0,0,0,0,0,0,0
15,05,17,1,新潟,6,08,500万下・若,23,芝,8,2000,良,15,04151608,1,0,7,11.1,14,0,15,211.3,9,0,4,6.0,13,0,14,174.4,15,0,11,61.9,6,0,1,5.0,11,0,3,5.7,12,0,10,27.9,10,0,5,7.1,4,0,13,109.4,7,0,8,17.0,3,0,12,77.3,5,0,6,8.3,8,0,9,22.5,2,0,2,5.6,,,,,,,,,,,,,1,1110,0,0,0,0,1,390,15,270,12,1480,0,0,0,0,1,8,2400,12, , ,0,0, , ,0,0,1,15,3550,16,0,0,0,0,0,0,0,0,1,15,1290,19,1,12,8860,60,12,15,3220,39,0,0,0,0,0,0,0,0,0,0,0,0,0,0,0,0,1,15,8250,38,0,0,0,0,0,0,0,0,0,0,0,0,0,0,0,0,0,0,0,0,1,12,15,55450,141,0,0,0,0,0,0,0,0,0,0,1,15,12,373530,865,0,0,0,0,0,0,0,0,0,0,0,0,0,0,0,0,0,0,0,0,0,0,0,0,0
15,05,17,1,新潟,6,09,500万下,23,ダ,1,1800,重,15,04151609,11,0,2,5.5,10,0,14,128.6,4,0,5,10.5,1,0,4,10.0,6,0,15,150.4,12,0,3,7.0,5,0,9,18.2,3,0,8,15.3,9,0,11,79.2,15,0,13,125.8,7,0,7,13.2,13,0,12,123.0,14,0,10,42.7,8,0,6,12.8,2,0,1,2.5,,,,,,,,,,,,,4,1000,0,0,0,0,4,260,15,140,8,340,0,0,0,0,3,8,920,3, , ,0,0, , ,0,0,4,15,1200,3,0,0,0,0,0,0,0,0,4,15,550,3,4,8,2270,28,8,15,1080,14,0,0,0,0,0,0,0,0,0,0,0,0,0,0,0,0,4,15,3580,12,0,0,0,0,0,0,0,0,0,0,0,0,0,0,0,0,0,0,0,0,4,8,15,5670,19,0,0,0,0,0,0,0,0,0,0,4,15,8,33060,101,0,0,0,0,0,0,0,0,0,0,0,0,0,0,0,0,0,0,0,0,0,0,0,0,0
15,05,17,1,新潟,6,10,はやぶさ500*,23,芝,0,1000,良,16,04151610,14,0,14,68.2,16,0,8,25.3,11,0,15,71.7,8,0,13,63.5,6,0,2,4.4,12,0,4,6.4,5,0,7,17.5,4,0,6,12.4,10,0,9,27.5,15,0,3,6.2,13,0,12,40.5,9,0,16,121.8,7,0,5,11.7,1,0,11,35.1,3,0,1,3.6,2,0,10,31.0,,,,,,,,,14,3510,0,0,0,0,14,820,16,610,15,160,0,0,0,0,7,8,1110,4, , ,0,0, , ,0,0,14,16,22730,57,0,0,0,0,0,0,0,0,14,16,6010,58,14,15,1520,16,15,16,1110,9,0,0,0,0,0,0,0,0,0,0,0,0,0,0,0,0,14,16,39980,106,0,0,0,0,0,0,0,0,0,0,0,0,0,0,0,0,0,0,0,0,14,15,16,15610,49,0,0,0,0,0,0,0,0,0,0,14,16,15,125070,391,0,0,0,0,0,0,0,0,0,0,0,0,0,0,0,0,0,0,0,0,0,0,0,0,0
15,05,17,1,新潟,6,11,赤倉特別1000,43,芝,8,1800,良,11,04151611,2,0,1,3.8,6,0,6,8.3,7,0,5,7.5,11,0,11,128.5,8,0,8,45.1,10,0,10,73.4,9,0,9,61.7,1,0,2,4.2,4,0,4,5.3,3,0,7,38.4,5,0,3,4.3,,,,,,,,,,,,,,,,,,,,,,,,,,,,,8,420,0,0,0,0,8,160,1,140,10,710,0,0,0,0,1,7,450,1, , ,0,0, , ,0,0,1,8,780,1,0,0,0,0,0,0,0,0,1,8,350,1,8,10,2100,21,1,10,1540,16,0,0,0,0,0,0,0,0,0,0,0,0,0,0,0,0,8,1,1540,3,0,0,0,0,0,0,0,0,0,0,0,0,0,0,0,0,0,0,0,0,1,8,10,5900,20,0,0,0,0,0,0,0,0,0,0,8,1,10,28900,111,0,0,0,0,0,0,0,0,0,0,0,0,0,0,0,0,0,0,0,0,0,0,0,0,0
15,05,17,1,新潟,6,12,五泉特別500,23,芝,0,1400,良,16,04151612,8,0,5,9.6,2,0,6,9.9,7,0,13,35.2,12,0,10,20.0,9,0,11,23.1,10,0,9,19.0,4,0,15,51.2,13,0,8,18.0,6,0,7,12.0,3,0,3,7.1,11,0,14,47.2,5,0,1,5.0,15,0,2,5.4,14,0,4,7.7,1,0,12,27.2,16,0,16,128.0,,,,,,,,,15,2720,0,0,0,0,15,620,2,390,10,280,0,0,0,0,1,8,5340,25, , ,0,0, , ,0,0,2,15,19840,74,0,0,0,0,0,0,0,0,2,15,6070,78,10,15,2810,37,2,10,1330,8,0,0,0,0,0,0,0,0,0,0,0,0,0,0,0,0,15,2,54070,168,0,0,0,0,0,0,0,0,0,0,0,0,0,0,0,0,0,0,0,0,2,10,15,44120,174,0,0,0,0,0,0,0,0,0,0,15,2,10,461460,1554,0,0,0,0,0,0,0,0,0,0,0,0,0,0,0,0,0,0,0,0,0,0,0,0,0
15,05,23,1,新潟,7,01,未勝利・牝,7,ダ,1,1800,良,15,04151701,6,0,2,2.4,9,0,13,185.3,7,0,4,16.3,10,0,6,26.4,8,0,12,182.6,12,0,11,171.9,15,0,15,195.5,4,0,10,146.0,14,0,8,39.3,5,0,5,20.0,2,0,7,26.9,11,0,14,188.4,3,0,3,7.4,1,0,1,2.2,13,0,9,53.5,,,,,,,,,,,,,14,220,0,0,0,0,14,110,11,340,13,140,0,0,0,0,6,8,980,4, , ,0,0, , ,0,0,11,14,1960,5,0,0,0,0,0,0,0,0,11,14,660,5,13,14,260,2,11,13,820,7,0,0,0,0,0,0,0,0,0,0,0,0,0,0,0,0,14,11,2930,9,0,0,0,0,0,0,0,0,0,0,0,0,0,0,0,0,0,0,0,0,11,13,14,2220,6,0,0,0,0,0,0,0,0,0,0,14,11,13,8880,19,0,0,0,0,0,0,0,0,0,0,0,0,0,0,0,0,0,0,0,0,0,0,0,0,0
15,05,23,1,新潟,7,02,未勝利,7,ダ,1,1200,良,15,04151702,11,0,4,6.1,9,0,10,35.4,3,0,5,9.1,13,0,13,88.8,14,0,15,344.9,5,0,12,75.9,12,0,9,34.4,6,0,6,11.1,2,0,2,4.4,8,0,8,30.4,10,0,7,13.7,7,0,11,51.8,1,0,3,5.6,4,0,1,3.7,15,0,14,120.8,,,,,,,,,,,,,13,560,0,0,0,0,13,160,9,160,3,260,0,0,0,0,5,7,820,2, , ,0,0, , ,0,0,9,13,1290,3,0,0,0,0,0,0,0,0,9,13,620,5,3,13,820,10,3,9,670,6,0,0,0,0,0,0,0,0,0,0,0,0,0,0,0,0,13,9,2850,8,0,0,0,0,0,0,0,0,0,0,0,0,0,0,0,0,0,0,0,0,3,9,13,3180,8,0,0,0,0,0,0,0,0,0,0,13,9,3,18310,50,0,0,0,0,0,0,0,0,0,0,0,0,0,0,0,0,0,0,0,0,0,0,0,0,0
15,05,23,1,新潟,7,03,未勝利・若,7,ダ,1,1800,良,15,04151703,11,0,11,78.1,4,0,9,46.2,8,0,13,171.9,2,0,4,7.8,6,0,5,8.2,15,0,12,84.6,10,0,6,8.5,5,0,1,3.0,12,0,14,173.8,1,0,7,9.2,9,0,8,28.9,14,0,15,218.5,3,0,3,7.0,7,0,2,5.1,13,0,10,56.3,,,,,,,,,,,,,10,920,0,0,0,0,10,290,4,240,13,210,0,0,0,0,3,6,1600,9, , ,0,0, , ,0,0,4,10,4410,18,0,0,0,0,0,0,0,0,4,10,1560,18,10,13,1470,17,4,13,720,9,0,0,0,0,0,0,0,0,0,0,0,0,0,0,0,0,10,4,8100,36,0,0,0,0,0,0,0,0,0,0,0,0,0,0,0,0,0,0,0,0,4,10,13,8760,29,0,0,0,0,0,0,0,0,0,0,10,4,13,57440,201,0,0,0,0,0,0,0,0,0,0,0,0,0,0,0,0,0,0,0,0,0,0,0,0,0
15,05,23,1,新潟,7,04,障害未勝利,7,芝,2,2890,良,14,04151704,12,0,14,213.1,6,0,5,12.3,13,0,7,17.3,9,0,10,23.3,8,0,6,15.4,4,0,3,6.3,3,0,11,30.6,5,0,2,4.5,1,0,4,8.3,7,0,9,22.9,2,0,1,2.9,0,4,8,21.5,10,0,13,90.8,11,0,12,36.0,,,,,,,,,,,,,,,,,9,830,0,0,0,0,9,310,11,150,7,850,0,0,0,0,6,7,990,3, , ,0,0, , ,0,0,9,11,1880,5,0,0,0,0,0,0,0,0,9,11,850,6,7,9,4570,49,7,11,2530,34,0,0,0,0,0,0,0,0,0,0,0,0,0,0,0,0,9,11,4200,13,0,0,0,0,0,0,0,0,0,0,0,0,0,0,0,0,0,0,0,0,7,9,11,21080,71,0,0,0,0,0,0,0,0,0,0,9,11,7,112740,381,0,0,0,0,0,0,0,0,0,0,0,0,0,0,0,0,0,0,0,0,0,0,0,0,0
15,05,23,1,新潟,7,05,未勝利,7,芝,0,1200,良,16,04151705,10,0,14,66.3,2,0,8,17.6,6,0,4,9.6,11,0,10,22.2,8,0,5,12.0,5,0,1,3.0,14,0,12,44.7,3,0,9,18.2,1,0,6,12.5,12,0,15,213.8,15,0,13,66.1,13,0,2,4.1,7,0,3,9.2,16,0,16,284.1,9,0,7,14.6,4,0,11,42.2,,,,,,,,,9,1250,0,0,0,0,9,360,2,470,8,570,0,0,0,0,1,5,8100,25, , ,0,0, , ,0,0,2,9,5350,19,0,0,0,0,0,0,0,0,2,9,1820,20,8,9,3360,38,2,8,4160,45,0,0,0,0,0,0,0,0,0,0,0,0,0,0,0,0,9,2,10480,42,0,0,0,0,0,0,0,0,0,0,0,0,0,0,0,0,0,0,0,0,2,8,9,31030,97,0,0,0,0,0,0,0,0,0,0,9,2,8,174490,565,0,0,0,0,0,0,0,0,0,0,0,0,0,0,0,0,0,0,0,0,0,0,0,0,0
15,05,23,1,新潟,7,06,未勝利,7,芝,0,2200,良,16,04151706,5,0,14,85.2,12,0,13,52.0,8,0,4,5.5,6,0,3,5.3,10,0,6,14.6,9,0,8,19.0,7,0,2,4.7,14,0,7,18.6,3,0,10,24.5,2,0,11,34.2,0,1,0,0.0,1,0,1,4.6,11,0,5,8.9,4,0,12,49.2,15,0,9,22.9,13,0,15,149.0,,,,,,,,,12,460,0,0,0,0,12,230,10,680,9,560,0,0,0,0,5,6,3060,14, , ,0,0, , ,0,0,10,12,7230,29,0,0,0,0,0,0,0,0,10,12,2430,31,9,12,2300,28,9,10,4370,48,0,0,0,0,0,0,0,0,0,0,0,0,0,0,0,0,12,10,11460,48,0,0,0,0,0,0,0,0,0,0,0,0,0,0,0,0,0,0,0,0,9,10,12,41250,132,0,0,0,0,0,0,0,0,0,0,12,10,9,178500,583,0,0,0,0,0,0,0,0,0,0,0,0,0,0,0,0,0,0,0,0,0,0,0,0,0
15,05,23,1,新潟,7,07,500万下・牝,23,ダ,1,1200,良,15,04151707,8,0,12,36.8,5,0,13,47.1,15,0,15,320.6,13,0,14,89.0,9,0,6,10.6,10,0,9,26.6,4,0,5,10.0,14,0,11,27.3,7,0,3,6.3,11,0,2,5.0,1,0,1,3.3,12,0,10,26.9,2,0,7,18.1,6,0,8,20.5,3,0,4,8.3,,,,,,,,,,,,,11,330,0,0,0,0,11,150,13,400,15,270,0,0,0,0,6,7,1020,5, , ,0,0, , ,0,0,11,13,2760,10,0,0,0,0,0,0,0,0,11,13,950,10,11,15,630,3,13,15,2390,30,0,0,0,0,0,0,0,0,0,0,0,0,0,0,0,0,11,13,4650,18,0,0,0,0,0,0,0,0,0,0,0,0,0,0,0,0,0,0,0,0,11,13,15,7220,21,0,0,0,0,0,0,0,0,0,0,11,13,15,38210,107,0,0,0,0,0,0,0,0,0,0,0,0,0,0,0,0,0,0,0,0,0,0,0,0,0
15,05,23,1,新潟,7,08,500万下,23,芝,0,1000,良,16,04151708,10,0,7,24.6,16,0,14,64.4,13,0,11,58.2,9,0,16,151.4,15,0,12,62.8,7,0,3,7.0,11,0,8,32.7,4,0,15,99.5,12,0,6,18.0,14,0,10,56.5,8,0,5,17.1,2,0,2,4.5,6,0,13,63.4,3,0,4,15.6,5,0,9,39.4,1,0,1,1.9,,,,,,,,,16,190,0,0,0,0,16,110,12,140,14,280,0,0,0,0,6,8,290,1, , ,0,0, , ,0,0,12,16,420,1,0,0,0,0,0,0,0,0,12,16,210,1,14,16,540,4,12,14,1150,12,0,0,0,0,0,0,0,0,0,0,0,0,0,0,0,0,16,12,570,1,0,0,0,0,0,0,0,0,0,0,0,0,0,0,0,0,0,0,0,0,12,14,16,1670,2,0,0,0,0,0,0,0,0,0,0,16,12,14,4080,3,0,0,0,0,0,0,0,0,0,0,0,0,0,0,0,0,0,0,0,0,0,0,0,0,0
15,05,23,1,新潟,7,09,500万下・牝,23,ダ,1,1800,良,15,04151709,1,0,4,7.0,11,0,15,214.9,2,0,7,10.4,12,0,11,27.4,7,0,3,7.0,9,0,9,20.9,8,0,5,7.3,4,0,2,6.4,5,0,12,27.6,3,0,6,7.8,14,0,10,24.4,15,0,14,139.1,13,0,8,16.4,6,0,13,130.5,10,0,1,4.7,,,,,,,,,,,,,1,700,0,0,0,0,1,270,3,330,10,230,0,0,0,0,1,2,4340,23, , ,0,0, , ,0,0,1,3,4950,22,0,0,0,0,0,0,0,0,1,3,2130,26,1,10,1450,19,3,10,1840,23,0,0,0,0,0,0,0,0,0,0,0,0,0,0,0,0,1,3,7950,36,0,0,0,0,0,0,0,0,0,0,0,0,0,0,0,0,0,0,0,0,1,3,10,16850,62,0,0,0,0,0,0,0,0,0,0,1,3,10,83610,307,0,0,0,0,0,0,0,0,0,0,0,0,0,0,0,0,0,0,0,0,0,0,0,0,0
15,05,23,1,新潟,7,10,早苗賞500*,23,芝,8,1800,良,14,04151710,3,0,5,7.5,9,0,7,15.8,13,0,11,50.7,1,0,1,3.0,6,0,3,5.9,7,0,14,103.3,8,0,8,30.2,5,0,6,14.5,12,0,10,35.6,10,0,13,97.9,4,0,4,5.9,2,0,2,5.3,11,0,9,34.7,14,0,12,91.1,,,,,,,,,,,,,,,,,4,300,0,0,0,0,4,160,12,210,1,200,0,0,0,0,3,7,590,1, , ,0,0, , ,0,0,4,12,1370,4,0,0,0,0,0,0,0,0,4,12,610,7,1,4,560,4,1,12,1030,11,0,0,0,0,0,0,0,0,0,0,0,0,0,0,0,0,4,12,2150,2,0,0,0,0,0,0,0,0,0,0,0,0,0,0,0,0,0,0,0,0,1,4,12,3260,7,0,0,0,0,0,0,0,0,0,0,4,12,1,12740,13,0,0,0,0,0,0,0,0,0,0,0,0,0,0,0,0,0,0,0,0,0,0,0,0,0
15,05,23,1,新潟,7,11,大日岳特1000,43,芝,0,1200,良,16,04151711,16,0,14,39.3,15,0,10,19.3,4,0,7,13.6,3,0,8,13.9,13,0,12,32.8,5,0,9,16.1,6,0,4,7.2,1,0,6,11.9,12,0,13,37.0,2,0,5,9.2,7,0,3,7.1,14,0,2,5.8,8,0,1,4.9,9,0,16,85.7,11,0,11,31.7,10,0,15,41.0,,,,,,,,,8,1190,0,0,0,0,8,310,10,320,4,420,0,0,0,0,4,5,1770,7, , ,0,0, , ,0,0,8,10,4520,17,0,0,0,0,0,0,0,0,8,10,1580,16,4,8,1940,21,4,10,2310,30,0,0,0,0,0,0,0,0,0,0,0,0,0,0,0,0,8,10,7960,31,0,0,0,0,0,0,0,0,0,0,0,0,0,0,0,0,0,0,0,0,4,8,10,18080,56,0,0,0,0,0,0,0,0,0,0,8,10,4,96070,300,0,0,0,0,0,0,0,0,0,0,0,0,0,0,0,0,0,0,0,0,0,0,0,0,0
15,05,23,1,新潟,7,12,三条特別500,23,芝,8,1600,良,16,04151712,13,0,13,60.1,1,0,5,10.7,10,0,10,39.9,6,0,4,10.6,12,0,7,13.8,8,0,9,20.4,9,0,1,2.4,4,0,8,14.0,15,0,15,206.1,16,0,16,215.6,11,0,12,58.7,7,0,2,5.9,14,0,14,202.2,3,0,3,8.1,5,0,6,11.3,2,0,11,54.2,,,,,,,,,2,1070,0,0,0,0,2,330,16,1350,14,270,0,0,0,0,1,8,4450,20, , ,0,0, , ,0,0,2,16,29520,58,0,0,0,0,0,0,0,0,2,16,6420,50,2,14,1610,17,14,16,7180,56,0,0,0,0,0,0,0,0,0,0,0,0,0,0,0,0,2,16,45230,100,0,0,0,0,0,0,0,0,0,0,0,0,0,0,0,0,0,0,0,0,2,14,16,82290,168,0,0,0,0,0,0,0,0,0,0,2,16,14,586380,1076,0,0,0,0,0,0,0,0,0,0,0,0,0,0,0,0,0,0,0,0,0,0,0,0,0
15,05,24,1,新潟,8,01,未勝利,7,ダ,1,1200,良,15,04151801,5,0,8,30.5,6,0,7,24.9,14,0,10,83.6,3,0,9,33.5,12,0,14,247.1,2,0,3,10.2,10,0,5,13.9,1,0,1,1.5,13,0,11,165.9,11,0,15,292.4,4,0,6,24.5,8,0,4,11.5,9,0,2,6.3,7,0,12,186.9,15,0,13,195.6,,,,,,,,,,,,,8,150,0,0,0,0,8,110,6,210,4,440,0,0,0,0,4,5,490,2, , ,0,0, , ,0,0,6,8,660,2,0,0,0,0,0,0,0,0,6,8,340,2,4,8,800,10,4,6,1870,19,0,0,0,0,0,0,0,0,0,0,0,0,0,0,0,0,8,6,950,2,0,0,0,0,0,0,0,0,0,0,0,0,0,0,0,0,0,0,0,0,4,6,8,3310,13,0,0,0,0,0,0,0,0,0,0,8,6,4,6740,15,0,0,0,0,0,0,0,0,0,0,0,0,0,0,0,0,0,0,0,0,0,0,0,0,0
15,05,24,1,新潟,8,02,未勝利・牝,7,芝,8,1600,良,16,04151802,12,0,9,37.9,16,0,16,277.3,13,0,15,229.6,1,0,2,3.8,4,0,10,62.0,7,0,5,10.9,9,0,12,146.8,10,0,14,217.4,5,0,4,10.7,15,0,13,168.3,11,0,3,4.9,8,0,6,11.5,14,0,11,70.0,6,0,7,14.6,3,0,8,16.1,2,0,1,3.2,,,,,,,,,4,380,0,0,0,0,4,140,16,140,15,240,0,0,0,0,2,8,460,1, , ,0,0, , ,0,0,4,16,570,1,0,0,0,0,0,0,0,0,4,16,220,1,4,15,730,7,15,16,610,5,0,0,0,0,0,0,0,0,0,0,0,0,0,0,0,0,4,16,1040,1,0,0,0,0,0,0,0,0,0,0,0,0,0,0,0,0,0,0,0,0,4,15,16,2030,3,0,0,0,0,0,0,0,0,0,0,4,16,15,7490,5,0,0,0,0,0,0,0,0,0,0,0,0,0,0,0,0,0,0,0,0,0,0,0,0,0
15,05,24,1,新潟,8,03,未勝利,7,ダ,1,1800,良,15,04151803,4,0,11,51.3,13,0,15,407.6,2,0,1,3.1,0,4,4,7.7,14,0,12,131.4,10,0,6,13.8,7,0,7,15.6,8,0,9,29.0,6,0,5,9.7,3,0,3,5.8,12,0,8,16.0,1,0,2,4.3,5,0,10,46.7,9,0,14,192.4,11,0,13,138.7,,,,,,,,,,,,,12,430,0,0,0,0,12,160,3,130,10,160,0,0,0,0,2,7,640,1, , ,0,0, , ,0,0,3,12,840,1,0,0,0,0,0,0,0,0,3,12,330,1,10,12,620,6,3,10,330,2,0,0,0,0,0,0,0,0,0,0,0,0,0,0,0,0,12,3,1350,1,0,0,0,0,0,0,0,0,0,0,0,0,0,0,0,0,0,0,0,0,3,10,12,1480,1,0,0,0,0,0,0,0,0,0,0,12,3,10,5920,1,0,0,0,0,0,0,0,0,0,0,0,0,0,0,0,0,0,0,0,0,0,0,0,0,0
15,05,24,1,新潟,8,04,障害未勝利,7,芝,2,2890,良,14,04151804,2,0,2,4.5,9,0,8,26.7,13,0,9,41.9,8,0,7,12.6,1,0,3,5.5,5,0,11,112.7,14,0,14,232.6,7,0,5,8.6,11,0,13,174.4,4,0,4,5.7,12,0,10,59.1,3,0,1,3.5,10,0,12,131.8,6,0,6,11.1,,,,,,,,,,,,,,,,,5,550,0,0,0,0,5,170,1,180,12,150,0,0,0,0,1,4,1050,3, , ,0,0, , ,0,0,1,5,1260,4,0,0,0,0,0,0,0,0,1,5,470,4,5,12,350,2,1,12,310,1,0,0,0,0,0,0,0,0,0,0,0,0,0,0,0,0,5,1,2320,7,0,0,0,0,0,0,0,0,0,0,0,0,0,0,0,0,0,0,0,0,1,5,12,1300,1,0,0,0,0,0,0,0,0,0,0,5,1,12,8310,11,0,0,0,0,0,0,0,0,0,0,0,0,0,0,0,0,0,0,0,0,0,0,0,0,0
15,05,24,1,新潟,8,05,未勝利,7,芝,8,1800,良,16,04151805,12,0,15,257.5,7,0,7,15.5,5,0,9,19.8,14,0,11,48.6,16,0,14,159.7,15,0,2,3.8,10,0,8,17.1,4,0,3,8.2,8,0,13,119.2,2,0,1,3.1,6,0,5,9.3,9,0,6,14.8,1,0,10,26.1,11,0,16,263.0,13,0,12,86.1,3,0,4,8.4,,,,,,,,,13,2610,0,0,0,0,13,610,10,160,16,240,0,0,0,0,5,7,5040,19, , ,0,0, , ,0,0,10,13,4330,18,0,0,0,0,0,0,0,0,10,13,1460,18,13,16,2270,32,10,16,440,2,0,0,0,0,0,0,0,0,0,0,0,0,0,0,0,0,13,10,12060,44,0,0,0,0,0,0,0,0,0,0,0,0,0,0,0,0,0,0,0,0,10,13,16,7560,26,0,0,0,0,0,0,0,0,0,0,13,10,16,69180,237,0,0,0,0,0,0,0,0,0,0,0,0,0,0,0,0,0,0,0,0,0,0,0,0,0
15,05,24,1,新潟,8,06,500万下,23,ダ,1,1200,良,15,04151806,14,0,8,17.2,5,0,1,3.7,2,0,11,31.8,6,0,9,19.4,1,0,6,14.5,8,0,12,50.1,13,0,10,24.2,4,0,2,4.6,11,0,7,14.8,9,0,13,161.0,15,0,15,203.7,10,0,3,5.0,3,0,5,11.6,12,0,4,7.7,7,0,14,175.0,,,,,,,,,,,,,5,1450,0,0,0,0,5,580,3,930,13,430,0,0,0,0,2,3,1630,8, , ,0,0, , ,0,0,3,5,20690,57,0,0,0,0,0,0,0,0,3,5,6470,57,5,13,3470,44,3,13,3190,41,0,0,0,0,0,0,0,0,0,0,0,0,0,0,0,0,5,3,40510,113,0,0,0,0,0,0,0,0,0,0,0,0,0,0,0,0,0,0,0,0,3,5,13,86760,191,0,0,0,0,0,0,0,0,0,0,5,3,13,561440,1158,0,0,0,0,0,0,0,0,0,0,0,0,0,0,0,0,0,0,0,0,0,0,0,0,0
15,05,24,1,新潟,8,07,500万下・牝,23,芝,0,1400,良,16,04151807,12,0,13,118.9,13,0,14,133.1,9,0,3,7.4,6,0,6,16.8,8,0,8,34.9,7,0,4,8.6,2,0,1,2.2,5,0,7,22.2,11,0,9,36.5,4,0,10,42.4,14,0,16,214.6,15,0,15,159.7,16,0,12,92.7,1,0,2,4.6,3,0,11,64.3,10,0,5,10.3,,,,,,,,,14,460,0,0,0,0,14,170,7,120,15,1050,0,0,0,0,4,7,400,1, , ,0,0, , ,0,0,7,14,430,1,0,0,0,0,0,0,0,0,7,14,260,1,14,15,5840,46,7,15,3560,36,0,0,0,0,0,0,0,0,0,0,0,0,0,0,0,0,14,7,1350,3,0,0,0,0,0,0,0,0,0,0,0,0,0,0,0,0,0,0,0,0,7,14,15,14360,43,0,0,0,0,0,0,0,0,0,0,14,7,15,64080,180,0,0,0,0,0,0,0,0,0,0,0,0,0,0,0,0,0,0,0,0,0,0,0,0,0
15,05,24,1,新潟,8,08,500万下・若,23,芝,8,1800,良,16,04151808,2,0,3,10.1,11,0,8,26.3,16,0,16,265.5,7,0,11,39.6,1,0,5,14.4,6,0,4,12.8,9,0,13,53.0,4,0,1,2.0,8,0,7,24.2,10,0,14,76.5,12,0,10,34.2,3,0,9,26.9,15,0,6,18.0,5,0,2,4.7,13,0,12,40.1,14,0,15,90.0,,,,,,,,,5,1440,0,0,0,0,5,260,1,340,12,490,0,0,0,0,1,3,2000,8, , ,0,0, , ,0,0,1,5,6620,23,0,0,0,0,0,0,0,0,1,5,1990,21,5,12,3320,34,1,12,3620,37,0,0,0,0,0,0,0,0,0,0,0,0,0,0,0,0,5,1,14920,47,0,0,0,0,0,0,0,0,0,0,0,0,0,0,0,0,0,0,0,0,1,5,12,40830,123,0,0,0,0,0,0,0,0,0,0,5,1,12,286050,764,0,0,0,0,0,0,0,0,0,0,0,0,0,0,0,0,0,0,0,0,0,0,0,0,0
15,05,24,1,新潟,8,09,500万下,23,ダ,1,1800,良,15,04151809,1,0,13,87.4,7,0,11,26.0,13,0,10,21.4,5,0,2,6.1,6,0,7,12.9,9,0,9,19.9,8,0,8,18.5,12,0,12,33.8,2,0,6,9.1,15,0,15,270.9,10,0,3,7.6,3,0,1,3.4,11,0,4,7.9,4,0,5,8.7,14,0,14,127.3,,,,,,,,,,,,,1,8740,0,0,0,0,1,1950,9,350,12,170,0,0,0,0,1,5,37140,33, , ,0,0, , ,0,0,1,9,28710,64,0,0,0,0,0,0,0,0,1,9,14580,74,1,12,7830,62,9,12,810,5,0,0,0,0,0,0,0,0,0,0,0,0,0,0,0,0,1,9,91530,143,0,0,0,0,0,0,0,0,0,0,0,0,0,0,0,0,0,0,0,0,1,9,12,65400,178,0,0,0,0,0,0,0,0,0,0,1,9,12,760250,1347,0,0,0,0,0,0,0,0,0,0,0,0,0,0,0,0,0,0,0,0,0,0,0,0,0
15,05,24,1,新潟,8,10,荒川峡特500,23,芝,0,2400,良,16,04151810,11,0,11,35.8,3,0,10,27.8,16,0,12,45.4,2,0,3,5.6,7,0,16,110.8,12,0,15,102.3,6,0,13,57.4,14,0,14,64.7,5,0,4,6.5,1,0,5,7.6,15,0,1,4.2,13,0,6,12.8,8,0,8,20.2,9,0,9,24.6,10,0,2,5.4,4,0,7,14.9,,,,,,,,,10,760,0,0,0,0,10,210,4,180,2,470,0,0,0,0,2,5,790,3, , ,0,0, , ,0,0,4,10,1810,7,0,0,0,0,0,0,0,0,4,10,670,5,2,10,2760,36,2,4,1790,19,0,0,0,0,0,0,0,0,0,0,0,0,0,0,0,0,10,4,3530,9,0,0,0,0,0,0,0,0,0,0,0,0,0,0,0,0,0,0,0,0,2,4,10,16920,59,0,0,0,0,0,0,0,0,0,0,10,4,2,87790,299,0,0,0,0,0,0,0,0,0,0,0,0,0,0,0,0,0,0,0,0,0,0,0,0,0
15,05,24,1,新潟,8,11,韋駄天ＳＨ,131,芝,0,1000,良,16,04151811,12,0,16,102.1,11,0,13,55.5,10,0,7,16.0,4,0,11,23.2,1,0,15,94.8,2,0,1,3.2,6,0,6,15.8,14,0,4,10.8,15,0,10,23.2,16,0,12,45.6,9,0,3,6.0,13,0,14,70.6,5,0,2,4.5,3,0,5,13.2,7,0,9,20.7,8,0,8,17.0,,,,,,,,,5,9480,0,0,0,0,5,1700,6,160,14,370,0,0,0,0,3,3,19180,34, , ,0,0, , ,0,0,5,6,19550,56,0,0,0,0,0,0,0,0,5,6,5520,59,5,14,12930,96,6,14,1210,8,0,0,0,0,0,0,0,0,0,0,0,0,0,0,0,0,5,6,49700,137,0,0,0,0,0,0,0,0,0,0,0,0,0,0,0,0,0,0,0,0,5,6,14,76160,207,0,0,0,0,0,0,0,0,0,0,5,6,14,739890,1625,0,0,0,0,0,0,0,0,0,0,0,0,0,0,0,0,0,0,0,0,0,0,0,0,0
15,05,24,1,新潟,8,12,白馬岳特1000,43,ダ,1,1800,良,15,04151812,15,0,5,9.2,12,0,6,24.6,2,0,9,32.7,11,0,10,36.6,4,0,12,59.0,6,0,15,193.8,9,0,7,29.8,1,0,11,58.8,10,0,1,2.7,5,0,8,31.7,13,0,2,4.0,7,0,14,166.4,8,0,3,5.4,14,0,4,7.8,3,0,13,98.7,,,,,,,,,,,,,8,5880,0,0,0,0,8,1510,3,1050,15,2600,0,0,0,0,2,5,2510,10, , ,0,0, , ,0,0,3,8,40200,73,0,0,0,0,0,0,0,0,3,8,9490,69,8,15,15110,81,3,15,20030,87,0,0,0,0,0,0,0,0,0,0,0,0,0,0,0,0,8,3,117490,159,0,0,0,0,0,0,0,0,0,0,0,0,0,0,0,0,0,0,0,0,3,8,15,543200,382,0,0,0,0,0,0,0,0,0,0,8,3,15,3564740,2348,0,0,0,0,0,0,0,0,0,0,0,0,0,0,0,0,0,0,0,0,0,0,0,0,0
