15,04,25,2,東京,1,01,未勝利・牝,7,ダ,1,1400,良,16,05152101,15,0,9,40.5,2,0,2,3.7,7,0,12,97.9,1,0,5,16.2,14,0,15,212.6,4,0,3,6.5,8,0,11,87.5,13,0,10,78.5,5,0,7,36.6,11,0,8,39.2,6,0,4,14.1,9,0,6,17.0,16,0,13,130.1,10,0,14,153.7,12,0,16,351.4,3,0,1,1.9,,,,,,,,,4,1620,0,0,0,0,4,210,2,130,16,110,0,0,0,0,1,2,2380,7, , ,0,0, , ,0,0,2,4,2870,8,0,0,0,0,0,0,0,0,2,4,670,7,4,16,350,3,2,16,180,1,0,0,0,0,0,0,0,0,0,0,0,0,0,0,0,0,4,2,7360,19,0,0,0,0,0,0,0,0,0,0,0,0,0,0,0,0,0,0,0,0,2,4,16,1160,2,0,0,0,0,0,0,0,0,0,0,4,2,16,16260,45,0,0,0,0,0,0,0,0,0,0,0,0,0,0,0,0,0,0,0,0,0,0,0,0,0
15,04,25,2,東京,1,02,未勝利,7,ダ,1,1300,良,16,05152102,11,0,10,113.5,12,0,6,26.6,15,0,14,199.2,16,0,15,243.2,2,0,3,10.5,9,0,7,33.0,4,0,8,33.8,7,0,11,141.1,10,0,13,172.6,6,0,9,55.1,1,0,2,4.4,5,0,4,18.7,14,0,16,535.3,13,0,12,141.3,8,0,5,22.7,3,0,1,1.4,,,,,,,,,11,440,0,0,0,0,11,120,5,160,16,110,0,0,0,0,3,6,1480,4, , ,0,0, , ,0,0,5,11,2850,8,0,0,0,0,0,0,0,0,5,11,570,7,11,16,150,1,5,16,300,2,0,0,0,0,0,0,0,0,0,0,0,0,0,0,0,0,11,5,5060,14,0,0,0,0,0,0,0,0,0,0,0,0,0,0,0,0,0,0,0,0,5,11,16,840,1,0,0,0,0,0,0,0,0,0,0,11,5,16,9640,25,0,0,0,0,0,0,0,0,0,0,0,0,0,0,0,0,0,0,0,0,0,0,0,0,0
15,04,25,2,東京,1,03,未勝利,7,ダ,1,1600,良,16,05152103,10,0,13,220.6,1,0,8,21.7,15,0,14,391.0,2,0,3,5.7,12,0,12,127.1,5,0,7,13.5,3,0,9,28.1,8,0,6,12.6,9,0,10,44.1,11,0,16,461.9,7,0,2,4.6,14,0,4,7.8,13,0,1,3.0,16,0,15,452.3,6,0,11,65.0,4,0,5,8.5,,,,,,,,,2,2170,0,0,0,0,2,490,4,220,7,850,0,0,0,0,1,2,6100,20, , ,0,0, , ,0,0,2,4,4520,19,0,0,0,0,0,0,0,0,2,4,1460,21,2,7,6830,50,4,7,2140,26,0,0,0,0,0,0,0,0,0,0,0,0,0,0,0,0,2,4,10220,43,0,0,0,0,0,0,0,0,0,0,0,0,0,0,0,0,0,0,0,0,2,4,7,34670,99,0,0,0,0,0,0,0,0,0,0,2,4,7,237410,605,0,0,0,0,0,0,0,0,0,0,0,0,0,0,0,0,0,0,0,0,0,0,0,0,0
15,04,25,2,東京,1,04,未勝利,7,ダ,1,2100,良,12,05152104,8,0,11,112.3,7,0,4,10.1,12,0,12,151.3,1,0,3,4.9,9,0,5,10.4,10,0,7,18.9,5,0,2,4.7,6,0,10,53.9,11,0,9,51.4,3,0,8,20.5,2,0,1,2.3,4,0,6,14.9,,,,,,,,,,,,,,,,,,,,,,,,,4,490,0,0,0,0,4,180,11,130,10,370,0,0,0,0,4,8,390,2, , ,0,0, , ,0,0,4,11,610,2,0,0,0,0,0,0,0,0,4,11,270,1,4,10,1630,19,10,11,700,9,0,0,0,0,0,0,0,0,0,0,0,0,0,0,0,0,4,11,1440,5,0,0,0,0,0,0,0,0,0,0,0,0,0,0,0,0,0,0,0,0,4,10,11,3300,10,0,0,0,0,0,0,0,0,0,0,4,11,10,15170,44,0,0,0,0,0,0,0,0,0,0,0,0,0,0,0,0,0,0,0,0,0,0,0,0,0
15,04,25,2,東京,1,05,未勝利,7,芝,0,2000,良,17,05152105,11,0,11,111.7,10,0,15,388.1,8,0,4,12.5,3,0,5,14.6,17,0,13,205.1,7,0,10,89.2,5,0,7,18.6,13,0,3,7.3,12,0,16,394.2,2,0,2,5.6,16,0,17,434.3,9,0,8,25.0,6,0,6,16.0,14,0,14,387.6,4,0,9,60.3,1,0,1,1.7,15,0,12,185.1,,,,,16,170,0,0,0,0,16,110,10,150,4,250,0,0,0,0,5,8,520,2, , ,0,0, , ,0,0,10,16,650,1,0,0,0,0,0,0,0,0,10,16,300,1,4,16,500,4,4,10,920,12,0,0,0,0,0,0,0,0,0,0,0,0,0,0,0,0,16,10,790,1,0,0,0,0,0,0,0,0,0,0,0,0,0,0,0,0,0,0,0,0,4,10,16,2220,4,0,0,0,0,0,0,0,0,0,0,16,10,4,6240,8,0,0,0,0,0,0,0,0,0,0,0,0,0,0,0,0,0,0,0,0,0,0,0,0,0
15,04,25,2,東京,1,06,500万下*,23,ダ,1,1600,良,9,05152106,5,0,4,7.5,1,0,1,1.9,9,0,9,148.7,7,0,2,3.2,4,0,3,6.8,8,0,8,50.1,6,0,7,32.7,3,0,5,23.0,2,0,6,24.3,,,,,,,,,,,,,,,,,,,,,,,,,,,,,,,,,,,,,2,190,0,0,0,0,2,110,9,300,8,360,0,0,0,0,2,8,710,4, , ,0,0, , ,0,0,2,9,1490,7,0,0,0,0,0,0,0,0,2,9,560,7,2,8,550,6,8,9,2270,21,0,0,0,0,0,0,0,0,0,0,0,0,0,0,0,0,2,9,2120,8,0,0,0,0,0,0,0,0,0,0,0,0,0,0,0,0,0,0,0,0,2,8,9,4930,16,0,0,0,0,0,0,0,0,0,0,2,9,8,17160,58,0,0,0,0,0,0,0,0,0,0,0,0,0,0,0,0,0,0,0,0,0,0,0,0,0
15,04,25,2,東京,1,07,500万下,23,芝,0,2000,良,15,05152107,5,0,13,64.2,13,0,6,16.3,10,0,3,5.0,8,0,5,8.8,7,0,2,5.0,4,0,8,23.8,11,0,9,29.7,3,0,10,40.1,12,0,14,82.4,2,0,7,22.1,14,0,15,101.6,1,0,1,3.4,15,0,12,59.1,9,0,11,49.2,6,0,4,5.8,,,,,,,,,,,,,12,340,0,0,0,0,12,160,10,660,8,820,0,0,0,0,6,7,3490,12, , ,0,0, , ,0,0,10,12,4170,12,0,0,0,0,0,0,0,0,10,12,1590,13,8,12,2370,26,8,10,9180,71,0,0,0,0,0,0,0,0,0,0,0,0,0,0,0,0,12,10,7450,23,0,0,0,0,0,0,0,0,0,0,0,0,0,0,0,0,0,0,0,0,8,10,12,50900,138,0,0,0,0,0,0,0,0,0,0,12,10,8,198840,563,0,0,0,0,0,0,0,0,0,0,0,0,0,0,0,0,0,0,0,0,0,0,0,0,0
15,04,25,2,東京,1,08,500万下・牝,23,ダ,1,1600,良,11,05152108,8,0,6,16.2,1,0,5,10.0,10,0,10,95.7,6,0,8,65.9,3,0,2,3.7,7,0,4,7.2,5,0,1,2.6,2,0,7,38.5,9,0,9,83.6,4,0,3,4.1,11,0,11,168.0,,,,,,,,,,,,,,,,,,,,,,,,,,,,,2,1000,0,0,0,0,2,330,8,800,5,200,0,0,0,0,2,7,9620,16, , ,0,0, , ,0,0,2,8,19270,29,0,0,0,0,0,0,0,0,2,8,3840,25,2,5,750,9,5,8,2340,19,0,0,0,0,0,0,0,0,0,0,0,0,0,0,0,0,2,8,31750,52,0,0,0,0,0,0,0,0,0,0,0,0,0,0,0,0,0,0,0,0,2,5,8,17950,45,0,0,0,0,0,0,0,0,0,0,2,8,5,168540,296,0,0,0,0,0,0,0,0,0,0,0,0,0,0,0,0,0,0,0,0,0,0,0,0,0
15,04,25,2,東京,1,09,新緑賞500*,23,芝,0,2300,良,9,05152109,1,0,1,2.0,2,0,3,5.9,3,0,6,15.2,8,0,8,36.7,7,0,7,30.3,6,0,2,4.2,9,0,9,39.5,4,0,5,10.0,5,0,4,8.9,,,,,,,,,,,,,,,,,,,,,,,,,,,,,,,,,,,,,1,200,0,0,0,0,1,120,2,200,3,270,0,0,0,0,1,2,700,3, , ,0,0, , ,0,0,1,2,700,2,0,0,0,0,0,0,0,0,1,2,280,2,1,3,450,5,2,3,990,16,0,0,0,0,0,0,0,0,0,0,0,0,0,0,0,0,1,2,940,2,0,0,0,0,0,0,0,0,0,0,0,0,0,0,0,0,0,0,0,0,1,2,3,1880,7,0,0,0,0,0,0,0,0,0,0,1,2,3,5330,12,0,0,0,0,0,0,0,0,0,0,0,0,0,0,0,0,0,0,0,0,0,0,0,0,0
15,04,25,2,東京,1,10,鎌倉Ｓ1600,67,ダ,1,1400,良,16,05152110,14,0,14,159.8,11,0,8,23.6,16,0,13,144.4,3,0,1,2.4,13,0,3,7.2,2,0,7,21.5,3,0,6,15.9,12,0,4,7.7,8,0,15,267.3,15,0,12,95.1,9,0,2,4.5,5,0,10,51.5,6,0,16,315.1,1,0,5,9.4,10,0,11,54.1,7,0,9,26.5,,,,,,,,,14,940,0,0,0,0,14,190,6,360,4,110,7,240,0,0,3,7,3240,14, , ,0,0, , ,0,0,6,14,11150,28,0,0,0,0,0,0,0,0,6,14,1600,28,4,14,300,4,7,14,1050,21,4,6,710,12,6,7,2810,46,0,0,0,0,0,0,0,0,14,6,20900,51,0,0,0,0,0,0,0,0,0,0,0,0,0,0,0,0,0,0,0,0,4,6,14,3600,19,6,7,14,18730,94,0,0,0,0,0,14,6,4,34070,201,14,6,7,122900,559,0,0,0,0,0,0,0,0,0,0,0,0,0,0,0,0,0,0,0,0
15,04,25,2,東京,1,11,メトロポＨ,131,芝,0,2400,良,12,05152111,3,0,5,7.4,1,0,7,18.8,12,0,12,109.0,5,0,9,48.4,4,0,10,49.1,8,0,3,5.8,9,0,2,5.2,2,0,4,6.1,6,0,6,10.6,7,0,1,2.9,11,0,11,59.9,10,0,8,26.1,,,,,,,,,,,,,,,,,,,,,,,,,2,1880,0,0,0,0,2,480,8,210,1,250,0,0,0,0,2,6,3330,12, , ,0,0, , ,0,0,2,8,6070,19,0,0,0,0,0,0,0,0,2,8,1860,20,1,2,2700,28,1,8,980,11,0,0,0,0,0,0,0,0,0,0,0,0,0,0,0,0,2,8,13390,43,0,0,0,0,0,0,0,0,0,0,0,0,0,0,0,0,0,0,0,0,1,2,8,16450,52,0,0,0,0,0,0,0,0,0,0,2,8,1,125370,353,0,0,0,0,0,0,0,0,0,0,0,0,0,0,0,0,0,0,0,0,0,0,0,0,0
15,04,25,2,東京,1,12,1000万下・牝,43,芝,0,1400,良,16,05152112,2,0,1,3.1,10,0,10,26.2,6,0,2,4.5,4,0,9,25.1,11,0,4,14.0,5,0,6,15.8,15,0,13,55.7,9,0,8,19.8,12,0,7,18.8,1,0,3,4.6,8,0,14,58.1,7,0,12,31.2,16,0,5,15.8,13,0,16,184.3,3,0,15,70.7,14,0,11,30.1,,,,,,,,,10,460,0,0,0,0,10,190,1,190,15,1100,0,0,0,0,1,5,820,3, , ,0,0, , ,0,0,1,10,1210,3,0,0,0,0,0,0,0,0,1,10,540,3,10,15,4820,59,1,15,4470,53,0,0,0,0,0,0,0,0,0,0,0,0,0,0,0,0,10,1,2060,4,0,0,0,0,0,0,0,0,0,0,0,0,0,0,0,0,0,0,0,0,1,10,15,23040,71,0,0,0,0,0,0,0,0,0,0,10,1,15,83150,229,0,0,0,0,0,0,0,0,0,0,0,0,0,0,0,0,0,0,0,0,0,0,0,0,0
15,04,26,2,東京,2,01,未勝利・牝,7,ダ,1,1600,良,16,05152201,6,0,6,11.9,13,0,15,312.4,7,0,9,67.2,1,0,1,3.6,8,0,4,7.4,4,0,2,3.8,12,0,10,74.0,14,0,16,364.3,9,0,8,36.7,5,0,3,4.1,3,0,7,11.9,0,4,11,75.0,2,0,5,11.2,15,0,14,296.1,11,0,13,260.5,10,0,12,185.1,,,,,,,,,4,360,0,0,0,0,4,160,13,260,11,310,0,0,0,0,2,7,2340,11, , ,0,0, , ,0,0,4,13,2190,10,0,0,0,0,0,0,0,0,4,13,690,8,4,11,720,10,11,13,1620,20,0,0,0,0,0,0,0,0,0,0,0,0,0,0,0,0,4,13,3650,17,0,0,0,0,0,0,0,0,0,0,0,0,0,0,0,0,0,0,0,0,4,11,13,6640,23,0,0,0,0,0,0,0,0,0,0,4,13,11,29710,108,0,0,0,0,0,0,0,0,0,0,0,0,0,0,0,0,0,0,0,0,0,0,0,0,0
15,04,26,2,東京,2,02,未勝利,7,ダ,1,1400,良,16,05152202,15,0,12,268.5,1,0,2,4.1,6,0,7,12.1,4,0,8,20.8,14,0,13,372.2,11,0,16,464.9,8,0,5,10.9,7,0,11,211.4,13,0,15,457.6,10,0,4,9.2,9,0,1,3.2,2,0,6,11.3,12,0,10,127.6,3,0,3,4.7,5,0,9,22.2,16,0,14,409.4,,,,,,,,,2,410,0,0,0,0,2,170,12,320,14,190,0,0,0,0,1,6,420,1, , ,0,0, , ,0,0,2,12,2580,11,0,0,0,0,0,0,0,0,2,12,790,9,2,14,510,4,12,14,790,8,0,0,0,0,0,0,0,0,0,0,0,0,0,0,0,0,2,12,4410,19,0,0,0,0,0,0,0,0,0,0,0,0,0,0,0,0,0,0,0,0,2,12,14,3940,13,0,0,0,0,0,0,0,0,0,0,2,12,14,22820,78,0,0,0,0,0,0,0,0,0,0,0,0,0,0,0,0,0,0,0,0,0,0,0,0,0
15,04,26,2,東京,2,03,未勝利,7,ダ,1,1600,良,16,05152203,8,0,10,58.8,2,0,2,4.2,4,0,12,149.0,6,0,5,15.9,11,0,8,33.0,3,0,4,11.1,9,0,11,142.4,7,0,7,25.2,12,0,16,488.6,14,0,13,159.3,16,0,14,186.2,1,0,1,2.1,5,0,9,43.5,10,0,6,16.3,13,0,15,297.6,15,0,3,5.2,,,,,,,,,12,210,0,0,0,0,12,110,2,130,6,180,0,0,0,0,1,6,390,1, , ,0,0, , ,0,0,2,12,360,1,0,0,0,0,0,0,0,0,2,12,160,1,6,12,330,3,2,6,410,4,0,0,0,0,0,0,0,0,0,0,0,0,0,0,0,0,12,2,540,1,0,0,0,0,0,0,0,0,0,0,0,0,0,0,0,0,0,0,0,0,2,6,12,800,1,0,0,0,0,0,0,0,0,0,0,12,2,6,2350,1,0,0,0,0,0,0,0,0,0,0,0,0,0,0,0,0,0,0,0,0,0,0,0,0,0
15,04,26,2,東京,2,04,未勝利,7,芝,0,1600,良,18,05152204,13,0,15,449.3,5,0,8,31.4,4,0,10,67.1,12,0,13,136.3,2,0,3,10.5,15,0,18,578.8,3,0,2,3.6,8,0,6,25.7,14,0,12,123.3,7,0,4,12.7,6,0,9,49.4,16,0,14,283.0,10,0,5,14.0,18,0,17,552.9,17,0,16,523.2,9,0,7,28.9,1,0,1,1.8,11,0,11,71.3,17,180,0,0,0,0,17,110,5,170,7,120,0,0,0,0,3,8,770,2, , ,0,0, , ,0,0,5,17,930,2,0,0,0,0,0,0,0,0,5,17,320,2,7,17,160,1,5,7,340,3,0,0,0,0,0,0,0,0,0,0,0,0,0,0,0,0,17,5,1320,3,0,0,0,0,0,0,0,0,0,0,0,0,0,0,0,0,0,0,0,0,5,7,17,780,1,0,0,0,0,0,0,0,0,0,0,17,5,7,3640,4,0,0,0,0,0,0,0,0,0,0,0,0,0,0,0,0,0,0,0,0,0,0,0,0,0
15,04,26,2,東京,2,05,未勝利・牝,7,芝,0,1800,良,17,05152205,13,0,10,61.0,4,0,2,5.7,6,0,4,6.2,16,0,8,41.3,1,0,3,5.9,10,0,15,113.6,3,0,1,2.5,9,0,13,81.1,2,0,6,14.7,5,0,5,8.7,17,0,14,102.0,15,0,12,74.2,7,0,7,25.5,11,0,16,171.4,14,0,9,48.6,8,0,11,61.4,12,0,17,339.4,,,,,5,590,0,0,0,0,5,190,9,290,7,120,0,0,0,0,3,5,1780,8, , ,0,0, , ,0,0,5,9,4670,14,0,0,0,0,0,0,0,0,5,9,1380,16,5,7,340,2,7,9,570,5,0,0,0,0,0,0,0,0,0,0,0,0,0,0,0,0,5,9,7780,26,0,0,0,0,0,0,0,0,0,0,0,0,0,0,0,0,0,0,0,0,5,7,9,2460,9,0,0,0,0,0,0,0,0,0,0,5,9,7,25560,70,0,0,0,0,0,0,0,0,0,0,0,0,0,0,0,0,0,0,0,0,0,0,0,0,0
15,04,26,2,東京,2,06,500万下*,23,芝,0,1600,良,9,05152206,4,0,5,9.2,1,0,1,2.9,5,0,7,47.8,9,0,9,144.6,6,0,4,6.3,2,0,2,3.2,7,0,8,132.3,8,0,6,47.8,3,0,3,3.5,,,,,,,,,,,,,,,,,,,,,,,,,,,,,,,,,,,,,2,290,0,0,0,0,2,110,6,140,9,110,0,0,0,0,2,6,560,2, , ,0,0, , ,0,0,2,6,610,2,0,0,0,0,0,0,0,0,2,6,250,3,2,9,160,1,6,9,260,4,0,0,0,0,0,0,0,0,0,0,0,0,0,0,0,0,2,6,1150,3,0,0,0,0,0,0,0,0,0,0,0,0,0,0,0,0,0,0,0,0,2,6,9,400,1,0,0,0,0,0,0,0,0,0,0,2,6,9,2430,4,0,0,0,0,0,0,0,0,0,0,0,0,0,0,0,0,0,0,0,0,0,0,0,0,0
15,04,26,2,東京,2,07,500万下,23,ダ,1,1600,良,14,05152207,9,0,11,119.4,4,0,4,8.1,6,0,7,25.3,10,0,13,261.5,1,0,1,1.9,2,0,2,4.3,8,0,9,46.8,11,0,12,218.8,5,0,8,35.9,3,0,6,22.5,13,0,3,6.8,7,0,5,11.9,12,0,10,79.1,14,0,14,412.2,,,,,,,,,,,,,,,,,5,190,0,0,0,0,5,110,6,140,10,300,0,0,0,0,4,4,420,2, , ,0,0, , ,0,0,5,6,430,1,0,0,0,0,0,0,0,0,5,6,200,1,5,10,520,5,6,10,1110,14,0,0,0,0,0,0,0,0,0,0,0,0,0,0,0,0,5,6,630,1,0,0,0,0,0,0,0,0,0,0,0,0,0,0,0,0,0,0,0,0,5,6,10,2150,6,0,0,0,0,0,0,0,0,0,0,5,6,10,5180,8,0,0,0,0,0,0,0,0,0,0,0,0,0,0,0,0,0,0,0,0,0,0,0,0,0
15,04,26,2,東京,2,08,500万下,23,ダ,1,1300,良,16,05152208,5,0,12,92.7,8,0,8,16.5,3,0,2,4.3,2,0,10,51.1,14,0,5,8.2,7,0,6,12.9,11,0,14,184.7,0,3,0,0.0,4,0,3,4.7,6,0,4,6.8,13,0,7,15.6,1,0,1,4.0,9,0,13,147.7,15,0,15,219.6,10,0,9,28.5,12,0,11,72.7,,,,,,,,,12,400,0,0,0,0,12,170,4,870,3,180,0,0,0,0,2,6,1060,5, , ,0,0, , ,0,0,4,12,12540,35,0,0,0,0,0,0,0,0,4,12,3390,36,3,12,470,2,3,4,2710,32,0,0,0,0,0,0,0,0,0,0,0,0,0,0,0,0,12,4,18970,61,0,0,0,0,0,0,0,0,0,0,0,0,0,0,0,0,0,0,0,0,3,4,12,15500,57,0,0,0,0,0,0,0,0,0,0,12,4,3,109980,375,0,0,0,0,0,0,0,0,0,0,0,0,0,0,0,0,0,0,0,0,0,0,0,0,0
15,04,26,2,東京,2,09,石和特別1000,43,芝,0,1800,良,10,05152209,8,0,7,70.1,1,0,2,3.3,4,0,1,3.2,2,0,4,5.6,10,0,9,105.2,9,0,8,96.9,6,0,10,106.8,5,0,5,7.3,7,0,3,4.5,3,0,6,14.6,,,,,,,,,,,,,,,,,,,,,,,,,,,,,,,,,2,330,0,0,0,0,2,150,4,180,10,300,0,0,0,0,2,4,1000,5, , ,0,0, , ,0,0,2,4,920,4,0,0,0,0,0,0,0,0,2,4,360,3,2,10,730,11,4,10,840,13,0,0,0,0,0,0,0,0,0,0,0,0,0,0,0,0,2,4,1570,4,0,0,0,0,0,0,0,0,0,0,0,0,0,0,0,0,0,0,0,0,2,4,10,2860,11,0,0,0,0,0,0,0,0,0,0,2,4,10,10140,41,0,0,0,0,0,0,0,0,0,0,0,0,0,0,0,0,0,0,0,0,0,0,0,0,0
15,04,26,2,東京,2,10,府中Ｓ1600,67,芝,0,2000,良,11,05152210,6,0,11,46.5,9,0,10,38.4,8,0,5,7.9,1,0,2,4.7,5,0,1,3.4,10,0,7,15.0,2,0,4,7.1,7,0,3,4.9,4,0,9,23.2,3,0,6,13.6,11,0,8,17.2,,,,,,,,,,,,,,,,,,,,,,,,,,,,,4,470,0,0,0,0,4,190,7,270,10,330,0,0,0,0,4,6,1530,9, , ,0,0, , ,0,0,4,7,1980,8,0,0,0,0,0,0,0,0,4,7,630,6,4,10,990,10,7,10,1850,27,0,0,0,0,0,0,0,0,0,0,0,0,0,0,0,0,4,7,3130,9,0,0,0,0,0,0,0,0,0,0,0,0,0,0,0,0,0,0,0,0,4,7,10,8460,34,0,0,0,0,0,0,0,0,0,0,4,7,10,35900,123,0,0,0,0,0,0,0,0,0,0,0,0,0,0,0,0,0,0,0,0,0,0,0,0,0
15,04,26,2,東京,2,11,フローラG2,179,芝,0,2000,良,17,05152211,3,0,3,6.7,4,0,12,54.4,16,0,16,178.7,11,0,7,18.2,1,0,2,6.0,2,0,1,3.2,8,0,11,31.9,14,0,9,21.6,15,0,6,14.1,5,0,8,19.5,6,0,10,30.3,10,0,4,7.2,9,0,13,66.8,12,0,14,88.2,13,0,15,93.4,7,0,5,7.2,17,0,17,184.7,,,,,5,600,0,0,0,0,5,190,6,140,1,230,0,0,0,0,3,3,1130,5, , ,0,0, , ,0,0,5,6,1120,2,0,0,0,0,0,0,0,0,5,6,410,1,1,5,750,5,1,6,470,3,0,0,0,0,0,0,0,0,0,0,0,0,0,0,0,0,5,6,2710,6,0,0,0,0,0,0,0,0,0,0,0,0,0,0,0,0,0,0,0,0,1,5,6,1970,1,0,0,0,0,0,0,0,0,0,0,5,6,1,10710,10,0,0,0,0,0,0,0,0,0,0,0,0,0,0,0,0,0,0,0,0,0,0,0,0,0
15,04,26,2,東京,2,12,1000万下,43,ダ,1,1600,良,16,05152212,10,0,6,17.1,5,0,8,43.7,12,0,7,18.9,3,0,4,7.4,8,0,10,71.3,15,0,15,219.2,1,0,1,2.2,7,0,11,95.0,16,0,12,102.4,13,0,14,143.5,11,0,16,315.5,2,0,3,5.6,6,0,9,51.5,14,0,13,102.7,9,0,2,5.5,4,0,5,10.5,,,,,,,,,7,220,0,0,0,0,7,120,12,160,4,180,0,0,0,0,4,6,660,3, , ,0,0, , ,0,0,7,12,650,1,0,0,0,0,0,0,0,0,7,12,270,1,4,7,310,2,4,12,660,8,0,0,0,0,0,0,0,0,0,0,0,0,0,0,0,0,7,12,910,1,0,0,0,0,0,0,0,0,0,0,0,0,0,0,0,0,0,0,0,0,4,7,12,1420,2,0,0,0,0,0,0,0,0,0,0,7,12,4,4320,3,0,0,0,0,0,0,0,0,0,0,0,0,0,0,0,0,0,0,0,0,0,0,0,0,0
15,05,02,2,東京,3,01,未勝利・牝,7,ダ,1,1600,良,16,05152301,10,0,2,4.9,7,0,13,132.4,11,0,8,49.8,2,0,11,108.5,15,0,12,110.8,13,0,14,180.0,8,0,9,69.7,6,0,6,19.7,12,0,15,246.8,9,0,7,37.5,16,0,10,96.3,3,0,5,8.6,14,0,16,381.2,1,0,4,8.2,4,0,1,1.8,5,0,3,8.0,,,,,,,,,14,820,0,0,0,0,14,400,4,2130,12,330,0,0,0,0,2,7,11580,21, , ,0,0, , ,0,0,4,14,45600,52,0,0,0,0,0,0,0,0,4,14,10560,51,12,14,1130,12,4,12,8620,48,0,0,0,0,0,0,0,0,0,0,0,0,0,0,0,0,14,4,64490,80,0,0,0,0,0,0,0,0,0,0,0,0,0,0,0,0,0,0,0,0,4,12,14,117280,145,0,0,0,0,0,0,0,0,0,0,14,4,12,723050,766,0,0,0,0,0,0,0,0,0,0,0,0,0,0,0,0,0,0,0,0,0,0,0,0,0
15,05,02,2,東京,3,02,未勝利,7,ダ,1,1400,良,16,05152302,13,0,14,175.3,12,0,5,10.4,11,0,12,60.9,10,0,9,20.3,4,0,3,5.3,16,0,16,338.2,1,0,2,4.9,6,0,13,75.2,14,0,15,180.4,8,0,4,7.8,2,0,11,46.1,3,0,7,12.3,15,0,1,4.1,5,0,6,10.6,7,0,8,15.5,9,0,10,23.7,,,,,,,,,7,490,0,0,0,0,7,190,11,930,12,300,0,0,0,0,4,6,2600,15, , ,0,0, , ,0,0,7,11,10400,38,0,0,0,0,0,0,0,0,7,11,2980,38,7,12,950,9,11,12,4910,50,0,0,0,0,0,0,0,0,0,0,0,0,0,0,0,0,7,11,15740,61,0,0,0,0,0,0,0,0,0,0,0,0,0,0,0,0,0,0,0,0,7,11,12,27960,98,0,0,0,0,0,0,0,0,0,0,7,11,12,157440,530,0,0,0,0,0,0,0,0,0,0,0,0,0,0,0,0,0,0,0,0,0,0,0,0,0
15,05,02,2,東京,3,03,未勝利,7,ダ,1,2100,良,14,05152303,8,0,8,43.6,11,0,2,3.9,1,0,3,7.2,10,0,10,52.1,9,0,6,24.9,14,0,7,40.0,3,0,4,7.8,13,0,9,47.9,7,0,13,143.3,5,0,11,57.7,2,0,1,2.1,4,0,12,95.8,12,0,14,278.4,6,0,5,9.8,,,,,,,,,,,,,,,,,3,720,0,0,0,0,3,190,11,110,7,170,0,0,0,0,3,7,700,3, , ,0,0, , ,0,0,3,11,750,3,0,0,0,0,0,0,0,0,3,11,350,3,3,7,630,7,7,11,260,2,0,0,0,0,0,0,0,0,0,0,0,0,0,0,0,0,3,11,2220,7,0,0,0,0,0,0,0,0,0,0,0,0,0,0,0,0,0,0,0,0,3,7,11,1080,3,0,0,0,0,0,0,0,0,0,0,3,11,7,8360,22,0,0,0,0,0,0,0,0,0,0,0,0,0,0,0,0,0,0,0,0,0,0,0,0,0
15,05,02,2,東京,3,04,未勝利,7,芝,0,1800,良,18,05152304,5,0,8,40.6,2,0,1,1.5,9,0,5,18.8,12,0,13,64.1,14,0,14,95.8,1,0,7,31.4,8,0,12,61.9,3,0,2,6.1,7,0,4,12.7,6,0,3,10.5,10,0,15,116.6,4,0,9,42.9,13,0,11,56.6,16,0,18,571.6,18,0,10,50.3,11,0,6,20.1,17,0,17,510.1,15,0,16,309.2,6,3140,0,0,0,0,6,410,2,110,8,160,0,0,0,0,1,3,2690,11, , ,0,0, , ,0,0,2,6,2750,7,0,0,0,0,0,0,0,0,2,6,850,8,6,8,1550,18,2,8,200,1,0,0,0,0,0,0,0,0,0,0,0,0,0,0,0,0,6,2,8850,25,0,0,0,0,0,0,0,0,0,0,0,0,0,0,0,0,0,0,0,0,2,6,8,3620,8,0,0,0,0,0,0,0,0,0,0,6,2,8,36540,103,0,0,0,0,0,0,0,0,0,0,0,0,0,0,0,0,0,0,0,0,0,0,0,0,0
15,05,02,2,東京,3,05,未勝利,7,芝,0,1400,良,18,05152305,2,0,18,210.5,6,0,4,7.3,14,0,12,125.9,16,0,16,195.6,17,0,11,111.4,5,0,10,100.8,9,0,7,33.6,12,0,5,11.9,3,0,8,40.7,12,0,14,148.7,4,0,1,1.9,10,0,17,205.3,11,0,9,89.7,8,0,15,175.0,7,0,3,6.2,15,0,13,142.8,18,0,2,5.4,1,0,6,21.8,18,2180,0,0,0,0,18,500,1,3720,9,1140,0,0,0,0,1,8,1680,6, , ,0,0, , ,0,0,1,18,141760,96,0,0,0,0,0,0,0,0,1,18,30030,101,9,18,7510,48,1,9,45730,120,0,0,0,0,0,0,0,0,0,0,0,0,0,0,0,0,18,1,276500,180,0,0,0,0,0,0,0,0,0,0,0,0,0,0,0,0,0,0,0,0,1,9,18,1073620,528,0,0,0,0,0,0,0,0,0,0,18,1,9,7236040,3006,0,0,0,0,0,0,0,0,0,0,0,0,0,0,0,0,0,0,0,0,0,0,0,0,0
15,05,02,2,東京,3,06,500万下*,23,ダ,1,1600,良,15,05152306,3,0,3,8.7,4,0,9,52.6,10,0,13,168.3,5,0,7,15.4,1,0,1,1.6,8,0,4,11.7,9,0,10,75.1,2,0,2,7.9,6,0,6,15.4,11,0,8,21.2,12,0,5,11.8,13,0,11,88.0,15,0,14,319.4,14,0,15,373.2,7,0,12,144.8,,,,,,,,,,,,,5,160,0,0,0,0,5,110,8,180,1,170,0,0,0,0,3,5,340,1, , ,0,0, , ,0,0,5,8,700,2,0,0,0,0,0,0,0,0,5,8,250,1,1,5,280,2,1,8,860,10,0,0,0,0,0,0,0,0,0,0,0,0,0,0,0,0,5,8,880,2,0,0,0,0,0,0,0,0,0,0,0,0,0,0,0,0,0,0,0,0,1,5,8,1450,1,0,0,0,0,0,0,0,0,0,0,5,8,1,3930,2,0,0,0,0,0,0,0,0,0,0,0,0,0,0,0,0,0,0,0,0,0,0,0,0,0
15,05,02,2,東京,3,07,500万下,23,ダ,1,1400,良,16,05152307,12,0,14,157.5,6,0,6,15.6,16,0,4,8.0,5,0,11,78.9,15,0,9,31.2,8,0,12,87.8,9,0,3,6.4,10,0,7,16.4,1,0,2,4.7,13,0,15,240.9,11,0,8,25.3,4,0,13,113.9,2,0,10,39.8,7,0,5,8.6,3,0,1,2.6,14,0,16,350.4,,,,,,,,,9,470,0,0,0,0,9,210,13,710,15,150,0,0,0,0,5,7,2910,13, , ,0,0, , ,0,0,9,13,13700,38,0,0,0,0,0,0,0,0,9,13,4590,41,9,15,370,2,13,15,1960,23,0,0,0,0,0,0,0,0,0,0,0,0,0,0,0,0,9,13,21460,60,0,0,0,0,0,0,0,0,0,0,0,0,0,0,0,0,0,0,0,0,9,13,15,11010,37,0,0,0,0,0,0,0,0,0,0,9,13,15,82690,243,0,0,0,0,0,0,0,0,0,0,0,0,0,0,0,0,0,0,0,0,0,0,0,0,0
15,05,02,2,東京,3,08,500万下,23,芝,0,1400,良,17,05152308,5,0,6,18.4,11,0,17,212.4,16,0,16,165.6,6,0,2,3.9,12,0,4,8.4,1,0,5,12.4,17,0,12,79.2,14,0,15,125.4,15,0,13,84.0,9,0,8,23.0,3,0,1,2.9,4,0,3,4.9,10,0,9,40.9,7,0,14,86.1,13,0,11,54.9,8,0,10,54.9,2,0,7,22.9,,,,,6,1240,0,0,0,0,6,330,17,500,11,150,0,0,0,0,3,8,3400,12, , ,0,0, , ,0,0,6,17,14290,34,0,0,0,0,0,0,0,0,6,17,3690,35,6,11,690,4,11,17,1590,16,0,0,0,0,0,0,0,0,0,0,0,0,0,0,0,0,6,17,26570,66,0,0,0,0,0,0,0,0,0,0,0,0,0,0,0,0,0,0,0,0,6,11,17,14810,40,0,0,0,0,0,0,0,0,0,0,6,17,11,126300,327,0,0,0,0,0,0,0,0,0,0,0,0,0,0,0,0,0,0,0,0,0,0,0,0,0
15,05,02,2,東京,3,09,陣馬特Ｈ1000,43,芝,0,2400,良,14,05152309,10,0,10,30.1,1,0,5,7.0,2,0,2,5.5,11,0,9,19.9,6,0,7,14.0,4,0,8,19.2,13,0,3,5.9,7,0,6,11.8,5,0,11,45.4,14,0,4,6.4,8,0,12,66.7,12,0,1,3.9,3,0,13,71.3,9,0,14,82.7,,,,,,,,,,,,,,,,,2,700,0,0,0,0,2,240,3,200,13,1340,0,0,0,0,2,3,1280,6, , ,0,0, , ,0,0,2,3,1640,5,0,0,0,0,0,0,0,0,2,3,720,5,2,13,7870,69,3,13,5820,54,0,0,0,0,0,0,0,0,0,0,0,0,0,0,0,0,2,3,3190,10,0,0,0,0,0,0,0,0,0,0,0,0,0,0,0,0,0,0,0,0,2,3,13,42940,120,0,0,0,0,0,0,0,0,0,0,2,3,13,173870,538,0,0,0,0,0,0,0,0,0,0,0,0,0,0,0,0,0,0,0,0,0,0,0,0,0
15,05,02,2,東京,3,10,春光Ｓ1600,67,ダ,1,2100,良,14,05152310,14,0,5,13.9,12,0,14,288.2,5,0,10,44.0,1,0,1,2.8,11,0,11,63.1,10,0,4,10.4,2,0,3,4.1,6,0,13,195.8,4,0,6,15.9,13,0,9,37.7,8,0,7,17.4,9,0,12,82.2,3,0,2,3.8,7,0,8,34.4,,,,,,,,,,,,,,,,,4,280,0,0,0,0,4,120,7,140,13,140,0,0,0,0,3,5,560,1, , ,0,0, , ,0,0,4,7,650,2,0,0,0,0,0,0,0,0,4,7,270,2,4,13,240,1,7,13,370,3,0,0,0,0,0,0,0,0,0,0,0,0,0,0,0,0,4,7,1130,2,0,0,0,0,0,0,0,0,0,0,0,0,0,0,0,0,0,0,0,0,4,7,13,790,1,0,0,0,0,0,0,0,0,0,0,4,7,13,3250,1,0,0,0,0,0,0,0,0,0,0,0,0,0,0,0,0,0,0,0,0,0,0,0,0,0
15,05,02,2,東京,3,11,青葉賞G2,179,芝,0,2400,良,18,05152311,4,0,3,5.6,7,0,7,14.2,2,0,4,6.0,6,0,2,4.2,9,0,13,65.8,3,0,5,10.4,5,0,12,59.3,1,0,1,4.1,12,0,15,298.0,13,0,17,407.8,8,0,14,69.8,11,0,8,22.5,16,0,6,13.2,15,0,16,369.7,17,0,11,49.3,14,0,10,37.6,10,0,9,24.2,18,0,18,522.8,8,410,0,0,0,0,8,160,3,180,6,260,0,0,0,0,2,4,560,1, , ,0,0, , ,0,0,3,8,1190,3,0,0,0,0,0,0,0,0,3,8,490,4,6,8,830,8,3,6,710,7,0,0,0,0,0,0,0,0,0,0,0,0,0,0,0,0,8,3,2260,4,0,0,0,0,0,0,0,0,0,0,0,0,0,0,0,0,0,0,0,0,3,6,8,2920,5,0,0,0,0,0,0,0,0,0,0,8,3,6,12990,21,0,0,0,0,0,0,0,0,0,0,0,0,0,0,0,0,0,0,0,0,0,0,0,0,0
15,05,02,2,東京,3,12,1000万下,43,ダ,1,1300,良,16,05152312,9,0,5,9.4,12,0,14,75.5,16,0,3,5.4,15,0,13,57.8,2,0,2,3.8,8,0,11,42.7,5,0,8,26.1,10,0,16,291.1,1,0,6,13.0,14,0,9,26.8,3,0,1,3.6,6,0,15,192.1,13,0,10,34.2,7,0,7,20.4,11,0,12,53.9,4,0,4,8.8,,,,,,,,,9,1300,0,0,0,0,9,310,5,150,11,150,0,0,0,0,3,5,1830,9, , ,0,0, , ,0,0,5,9,3430,10,0,0,0,0,0,0,0,0,5,9,970,10,9,11,780,8,5,11,290,1,0,0,0,0,0,0,0,0,0,0,0,0,0,0,0,0,9,5,8580,28,0,0,0,0,0,0,0,0,0,0,0,0,0,0,0,0,0,0,0,0,5,9,11,3180,6,0,0,0,0,0,0,0,0,0,0,9,5,11,30470,76,0,0,0,0,0,0,0,0,0,0,0,0,0,0,0,0,0,0,0,0,0,0,0,0,0
15,05,03,2,東京,4,01,未勝利,7,ダ,1,1600,良,16,05152401,11,0,12,94.4,12,0,16,253.4,4,0,1,3.5,16,0,10,46.1,3,0,3,4.2,9,0,9,44.5,7,0,6,14.8,9,0,7,15.6,6,0,11,90.1,8,0,14,152.7,14,0,4,8.9,1,0,5,10.8,13,0,13,95.9,5,0,8,34.4,15,0,15,165.0,2,0,2,3.6,,,,,,,,,12,1080,0,0,0,0,12,240,16,150,5,180,0,0,0,0,6,8,870,4, , ,0,0, , ,0,0,12,16,1940,8,0,0,0,0,0,0,0,0,12,16,730,7,5,12,980,12,5,16,470,3,0,0,0,0,0,0,0,0,0,0,0,0,0,0,0,0,12,16,4570,19,0,0,0,0,0,0,0,0,0,0,0,0,0,0,0,0,0,0,0,0,5,12,16,3690,11,0,0,0,0,0,0,0,0,0,0,12,16,5,28050,89,0,0,0,0,0,0,0,0,0,0,0,0,0,0,0,0,0,0,0,0,0,0,0,0,0
15,05,03,2,東京,4,02,未勝利,7,ダ,1,1300,良,16,05152402,9,0,9,49.5,5,0,6,12.6,2,0,1,3.7,4,0,2,4.0,12,0,11,147.5,8,0,5,12.0,0,1,0,0.0,6,0,7,14.1,11,0,13,224.6,15,0,14,323.6,10,0,8,25.6,1,0,3,4.4,3,0,4,5.3,14,0,15,384.5,7,0,10,107.2,13,0,12,212.9,,,,,,,,,12,440,0,0,0,0,12,150,3,140,13,160,0,0,0,0,2,6,350,1, , ,0,0, , ,0,0,3,12,740,1,0,0,0,0,0,0,0,0,3,12,290,2,12,13,400,4,3,13,410,5,0,0,0,0,0,0,0,0,0,0,0,0,0,0,0,0,12,3,1540,3,0,0,0,0,0,0,0,0,0,0,0,0,0,0,0,0,0,0,0,0,3,12,13,1270,2,0,0,0,0,0,0,0,0,0,0,12,3,13,6230,8,0,0,0,0,0,0,0,0,0,0,0,0,0,0,0,0,0,0,0,0,0,0,0,0,0
15,05,03,2,東京,4,03,未勝利・牝,7,芝,0,1600,良,17,05152403,2,0,2,3.4,12,0,14,241.0,10,0,8,33.1,16,0,16,241.2,11,0,17,446.3,14,0,14,241.0,8,0,7,21.9,15,0,13,192.8,4,0,4,9.2,1,0,5,10.1,3,0,1,2.2,13,0,10,133.0,5,0,6,21.0,17,0,11,170.3,9,0,12,184.8,6,0,3,8.2,7,0,9,34.3,,,,,10,1010,0,0,0,0,10,220,1,140,11,120,0,0,0,0,1,5,830,4, , ,0,0, , ,0,0,1,10,1730,7,0,0,0,0,0,0,0,0,1,10,540,6,10,11,420,5,1,11,210,1,0,0,0,0,0,0,0,0,0,0,0,0,0,0,0,0,10,1,4250,18,0,0,0,0,0,0,0,0,0,0,0,0,0,0,0,0,0,0,0,0,1,10,11,1090,2,0,0,0,0,0,0,0,0,0,0,10,1,11,11690,31,0,0,0,0,0,0,0,0,0,0,0,0,0,0,0,0,0,0,0,0,0,0,0,0,0
15,05,03,2,東京,4,04,未勝利,7,芝,0,2300,良,14,05152404,5,0,11,87.9,3,0,4,7.5,13,0,12,108.7,10,0,10,57.3,2,0,2,3.2,8,0,6,24.6,4,0,5,17.3,9,0,9,36.5,14,0,13,143.0,1,0,3,5.6,12,0,14,388.4,7,0,8,29.0,11,0,1,2.5,6,0,7,24.6,,,,,,,,,,,,,,,,,10,560,0,0,0,0,10,170,5,130,2,170,0,0,0,0,4,6,770,3, , ,0,0, , ,0,0,5,10,1020,3,0,0,0,0,0,0,0,0,5,10,410,3,2,10,860,8,2,5,430,4,0,0,0,0,0,0,0,0,0,0,0,0,0,0,0,0,10,5,2040,7,0,0,0,0,0,0,0,0,0,0,0,0,0,0,0,0,0,0,0,0,2,5,10,1890,5,0,0,0,0,0,0,0,0,0,0,10,5,2,11900,32,0,0,0,0,0,0,0,0,0,0,0,0,0,0,0,0,0,0,0,0,0,0,0,0,0
15,05,03,2,東京,4,05,500万下*,23,ダ,1,1400,良,16,05152405,1,0,3,6.9,11,0,11,46.9,8,0,5,11.7,2,0,8,28.8,12,0,12,62.3,9,0,14,93.9,5,0,9,32.7,16,0,6,17.0,4,0,7,26.9,15,0,16,438.1,7,0,2,4.9,6,0,13,77.8,10,0,15,209.2,13,0,4,7.0,14,0,10,44.4,3,0,1,2.3,,,,,,,,,1,690,0,0,0,0,1,230,4,490,16,130,0,0,0,0,1,2,2130,9, , ,0,0, , ,0,0,1,4,7300,24,0,0,0,0,0,0,0,0,1,4,2120,26,1,16,510,3,4,16,1130,10,0,0,0,0,0,0,0,0,0,0,0,0,0,0,0,0,1,4,17500,55,0,0,0,0,0,0,0,0,0,0,0,0,0,0,0,0,0,0,0,0,1,4,16,9060,32,0,0,0,0,0,0,0,0,0,0,1,4,16,70910,223,0,0,0,0,0,0,0,0,0,0,0,0,0,0,0,0,0,0,0,0,0,0,0,0,0
15,05,03,2,東京,4,06,500万下*,23,芝,0,1400,良,17,05152406,13,0,9,28.1,7,0,3,8.8,11,0,13,127.3,14,0,17,374.7,2,0,5,13.2,4,0,1,1.9,6,0,2,5.3,3,0,7,18.6,12,0,15,204.8,10,0,10,65.7,17,0,16,369.4,1,0,8,21.2,15,0,12,73.6,9,0,11,66.3,16,0,14,163.5,5,0,4,12.7,8,0,6,13.4,,,,,12,2120,0,0,0,0,12,620,5,420,8,550,0,0,0,0,3,6,1510,6, , ,0,0, , ,0,0,5,12,10000,30,0,0,0,0,0,0,0,0,5,12,2670,26,8,12,3770,39,5,8,2690,29,0,0,0,0,0,0,0,0,0,0,0,0,0,0,0,0,12,5,21730,61,0,0,0,0,0,0,0,0,0,0,0,0,0,0,0,0,0,0,0,0,5,8,12,42380,106,0,0,0,0,0,0,0,0,0,0,12,5,8,290940,630,0,0,0,0,0,0,0,0,0,0,0,0,0,0,0,0,0,0,0,0,0,0,0,0,0
15,05,03,2,東京,4,07,500万下,23,ダ,1,2100,良,10,05152407,9,0,8,26.6,8,0,7,15.2,2,0,3,8.4,7,0,4,8.6,1,0,5,8.7,6,0,9,58.3,5,0,2,3.0,3,0,10,134.0,10,0,6,13.0,4,0,1,2.6,,,,,,,,,,,,,,,,,,,,,,,,,,,,,,,,,5,870,0,0,0,0,5,260,3,300,8,2770,0,0,0,0,3,5,3620,14, , ,0,0, , ,0,0,3,5,3250,15,0,0,0,0,0,0,0,0,3,5,990,14,5,8,7370,38,3,8,12520,42,0,0,0,0,0,0,0,0,0,0,0,0,0,0,0,0,5,3,6860,30,0,0,0,0,0,0,0,0,0,0,0,0,0,0,0,0,0,0,0,0,3,5,8,70210,91,0,0,0,0,0,0,0,0,0,0,5,3,8,332570,460,0,0,0,0,0,0,0,0,0,0,0,0,0,0,0,0,0,0,0,0,0,0,0,0,0
15,05,03,2,東京,4,08,1000万下,43,芝,0,1600,良,15,05152408,5,0,6,17.8,14,0,14,172.5,12,0,8,30.2,3,0,4,10.9,1,0,2,3.0,9,0,5,14.0,11,0,12,70.8,2,0,1,2.6,4,0,9,43.3,10,0,10,64.4,8,0,13,119.3,13,0,15,303.0,7,0,7,19.8,6,0,3,6.4,15,0,11,69.1,,,,,,,,,,,,,5,300,0,0,0,0,5,130,8,120,4,260,0,0,0,0,3,5,310,1, , ,0,0, , ,0,0,5,8,390,1,0,0,0,0,0,0,0,0,5,8,210,1,4,5,640,5,4,8,790,11,0,0,0,0,0,0,0,0,0,0,0,0,0,0,0,0,5,8,990,2,0,0,0,0,0,0,0,0,0,0,0,0,0,0,0,0,0,0,0,0,4,5,8,2230,5,0,0,0,0,0,0,0,0,0,0,5,8,4,9450,18,0,0,0,0,0,0,0,0,0,0,0,0,0,0,0,0,0,0,0,0,0,0,0,0,0
15,05,03,2,東京,4,09,晩春ＳＨ1600,67,芝,0,1400,良,17,05152409,13,0,2,4.9,6,0,6,17.9,3,0,9,28.3,10,0,10,37.9,8,0,12,50.5,2,0,4,8.7,4,0,7,19.7,7,0,11,38.7,1,0,1,2.4,9,0,15,80.3,5,0,3,7.1,16,0,17,184.8,11,0,5,15.4,15,0,16,83.6,12,0,8,23.0,14,0,14,63.3,17,0,13,62.9,,,,,9,240,0,0,0,0,9,150,6,220,3,420,0,0,0,0,3,5,810,2, , ,0,0, , ,0,0,6,9,1080,3,0,0,0,0,0,0,0,0,6,9,490,3,3,9,1170,8,3,6,3010,31,0,0,0,0,0,0,0,0,0,0,0,0,0,0,0,0,9,6,1590,4,0,0,0,0,0,0,0,0,0,0,0,0,0,0,0,0,0,0,0,0,3,6,9,7540,21,0,0,0,0,0,0,0,0,0,0,9,6,3,21140,47,0,0,0,0,0,0,0,0,0,0,0,0,0,0,0,0,0,0,0,0,0,0,0,0,0
15,05,03,2,東京,4,10,オアシス,131,ダ,1,1600,良,12,05152410,7,0,12,74.9,11,0,9,29.3,6,0,3,6.6,8,0,4,8.2,10,0,10,47.8,3,0,1,2.7,0,4,2,3.3,9,0,11,62.8,4,0,8,26.5,1,0,7,26.4,2,0,6,17.8,5,0,5,9.7,,,,,,,,,,,,,,,,,,,,,,,,,10,2640,0,0,0,0,10,470,11,470,6,150,0,0,0,0,7,8,2700,11, , ,0,0, , ,0,0,10,11,18800,38,0,0,0,0,0,0,0,0,10,11,3520,37,6,10,1270,14,6,11,1040,10,0,0,0,0,0,0,0,0,0,0,0,0,0,0,0,0,10,11,48350,86,0,0,0,0,0,0,0,0,0,0,0,0,0,0,0,0,0,0,0,0,6,10,11,16310,44,0,0,0,0,0,0,0,0,0,0,10,11,6,259890,533,0,0,0,0,0,0,0,0,0,0,0,0,0,0,0,0,0,0,0,0,0,0,0,0,0
15,05,03,2,東京,4,11,スイート,131,芝,0,1800,良,15,05152411,14,0,14,155.4,13,0,11,96.4,3,0,3,6.8,1,0,1,2.0,8,0,2,5.8,4,0,10,73.2,2,0,15,164.4,10,0,4,6.9,7,0,6,12.9,9,0,7,29.9,11,0,8,39.4,5,0,9,65.0,15,0,12,97.6,12,0,13,107.1,6,0,5,10.9,,,,,,,,,,,,,4,200,0,0,0,0,4,120,7,1490,3,190,0,0,0,0,3,4,2880,10, , ,0,0, , ,0,0,4,7,12610,29,0,0,0,0,0,0,0,0,4,7,3770,31,3,4,340,3,3,7,8970,60,0,0,0,0,0,0,0,0,0,0,0,0,0,0,0,0,4,7,15160,41,0,0,0,0,0,0,0,0,0,0,0,0,0,0,0,0,0,0,0,0,3,4,7,24930,62,0,0,0,0,0,0,0,0,0,0,4,7,3,135960,305,0,0,0,0,0,0,0,0,0,0,0,0,0,0,0,0,0,0,0,0,0,0,0,0,0
15,05,03,2,東京,4,12,1000万下,43,ダ,1,2100,良,15,05152412,15,0,10,35.4,7,0,14,121.0,10,0,13,47.3,3,0,1,4.6,5,0,7,13.6,1,0,2,4.7,12,0,15,230.4,9,0,3,5.7,8,0,6,11.6,2,0,12,47.2,13,0,8,25.4,4,0,4,5.8,11,0,9,26.6,14,0,11,38.3,6,0,5,7.6,,,,,,,,,,,,,6,470,0,0,0,0,6,180,10,960,4,170,0,0,0,0,4,6,3690,15, , ,0,0, , ,0,0,6,10,9840,35,0,0,0,0,0,0,0,0,6,10,2370,29,4,6,430,1,4,10,3410,41,0,0,0,0,0,0,0,0,0,0,0,0,0,0,0,0,6,10,16480,59,0,0,0,0,0,0,0,0,0,0,0,0,0,0,0,0,0,0,0,0,4,6,10,13810,44,0,0,0,0,0,0,0,0,0,0,6,10,4,72870,244,0,0,0,0,0,0,0,0,0,0,0,0,0,0,0,0,0,0,0,0,0,0,0,0,0
15,05,09,2,東京,5,01,未勝利・牝,7,ダ,1,1400,良,16,05152501,15,0,3,6.9,10,0,10,35.4,5,0,5,10.2,16,0,16,408.8,6,0,6,22.7,1,0,15,255.8,3,0,1,2.3,14,0,14,243.3,4,0,8,29.0,12,0,11,44.8,9,0,7,22.9,13,0,12,55.3,7,0,13,57.9,8,0,2,4.8,11,0,9,35.2,2,0,4,7.9,,,,,,,,,6,25580,0,0,0,0,6,3300,16,240,7,130,0,0,0,0,3,8,4940,18, , ,0,0, , ,0,0,6,16,75510,77,0,0,0,0,0,0,0,0,6,16,17760,83,6,7,7520,58,7,16,530,4,0,0,0,0,0,0,0,0,0,0,0,0,0,0,0,0,6,16,236650,171,0,0,0,0,0,0,0,0,0,0,0,0,0,0,0,0,0,0,0,0,6,7,16,46390,111,0,0,0,0,0,0,0,0,0,0,6,16,7,875920,1193,0,0,0,0,0,0,0,0,0,0,0,0,0,0,0,0,0,0,0,0,0,0,0,0,0
15,05,09,2,東京,5,02,未勝利,7,ダ,1,1600,良,16,05152502,2,0,1,3.9,11,0,14,198.1,12,0,11,123.9,14,0,16,233.6,4,0,6,11.5,9,0,12,175.4,16,0,10,64.4,5,0,2,4.1,3,0,8,52.1,8,0,7,13.5,6,0,3,4.5,7,0,5,8.9,13,0,13,180.5,1,0,4,5.6,15,0,15,216.2,10,0,9,56.7,,,,,,,,,14,560,0,0,0,0,14,200,1,180,9,1800,0,0,0,0,1,7,1490,6, , ,0,0, , ,0,0,1,14,1350,6,0,0,0,0,0,0,0,0,1,14,660,7,9,14,6430,37,1,9,4800,30,0,0,0,0,0,0,0,0,0,0,0,0,0,0,0,0,14,1,2510,7,0,0,0,0,0,0,0,0,0,0,0,0,0,0,0,0,0,0,0,0,1,9,14,30740,54,0,0,0,0,0,0,0,0,0,0,14,1,9,98820,235,0,0,0,0,0,0,0,0,0,0,0,0,0,0,0,0,0,0,0,0,0,0,0,0,0
15,05,09,2,東京,5,03,未勝利,7,ダ,1,2100,良,16,05152503,14,0,10,41.2,1,0,1,1.8,7,0,9,29.8,2,0,3,7.3,11,0,5,13.7,5,0,7,21.1,6,0,4,13.5,13,0,13,65.1,8,0,6,15.3,16,0,14,153.1,12,0,15,185.3,3,0,2,6.2,9,0,11,48.1,4,0,8,25.9,10,0,16,210.8,15,0,12,48.9,,,,,,,,,2,180,0,0,0,0,2,110,4,170,12,150,0,0,0,0,1,2,880,3, , ,0,0, , ,0,0,2,4,1080,4,0,0,0,0,0,0,0,0,2,4,380,3,2,12,230,1,4,12,950,11,0,0,0,0,0,0,0,0,0,0,0,0,0,0,0,0,2,4,1610,4,0,0,0,0,0,0,0,0,0,0,0,0,0,0,0,0,0,0,0,0,2,4,12,2260,4,0,0,0,0,0,0,0,0,0,0,2,4,12,8250,11,0,0,0,0,0,0,0,0,0,0,0,0,0,0,0,0,0,0,0,0,0,0,0,0,0
15,05,09,2,東京,5,04,未勝利,7,芝,0,1800,良,18,05152504,5,0,3,6.2,9,0,6,10.2,11,0,2,5.3,1,0,5,9.9,13,0,9,39.9,3,0,10,71.6,7,0,7,24.5,16,0,18,354.0,15,0,12,126.4,6,0,11,120.0,10,0,16,204.9,14,0,17,324.8,12,0,13,187.8,17,0,15,202.0,4,0,8,32.3,2,0,1,2.2,8,0,4,9.1,18,0,13,187.8,4,990,0,0,0,0,4,250,16,150,6,1180,0,0,0,0,2,8,360,1, , ,0,0, , ,0,0,4,16,1250,4,0,0,0,0,0,0,0,0,4,16,590,4,4,6,5140,39,6,16,3140,29,0,0,0,0,0,0,0,0,0,0,0,0,0,0,0,0,4,16,3470,11,0,0,0,0,0,0,0,0,0,0,0,0,0,0,0,0,0,0,0,0,4,6,16,22200,59,0,0,0,0,0,0,0,0,0,0,4,16,6,127340,337,0,0,0,0,0,0,0,0,0,0,0,0,0,0,0,0,0,0,0,0,0,0,0,0,0
15,05,09,2,東京,5,05,未勝利,7,芝,0,1600,良,17,05152505,4,0,9,60.0,9,0,16,378.6,7,0,13,188.1,1,0,2,2.9,2,0,8,50.2,16,0,14,230.4,6,0,6,14.5,12,0,7,39.2,10,0,10,113.0,11,0,3,5.2,8,0,5,13.1,3,0,1,2.8,5,0,4,7.7,14,0,12,157.1,13,0,15,312.6,0,3,0,0.0,15,0,11,113.0,,,,,4,290,0,0,0,0,4,140,5,690,12,140,0,0,0,0,2,3,5440,16, , ,0,0, , ,0,0,4,5,6820,19,0,0,0,0,0,0,0,0,4,5,1520,15,4,12,210,1,5,12,1870,20,0,0,0,0,0,0,0,0,0,0,0,0,0,0,0,0,4,5,10270,32,0,0,0,0,0,0,0,0,0,0,0,0,0,0,0,0,0,0,0,0,4,5,12,5030,16,0,0,0,0,0,0,0,0,0,0,4,5,12,33520,100,0,0,0,0,0,0,0,0,0,0,0,0,0,0,0,0,0,0,0,0,0,0,0,0,0
15,05,09,2,東京,5,06,500万下*,23,ダ,1,1600,良,13,05152506,12,0,12,80.2,11,0,11,68.9,7,0,3,7.5,10,0,6,17.3,6,0,8,29.0,8,0,5,14.7,13,0,13,148.7,3,0,2,6.3,4,0,7,20.0,9,0,10,48.1,1,0,4,11.0,5,0,9,33.3,2,0,1,1.7,,,,,,,,,,,,,,,,,,,,,11,1100,0,0,0,0,11,280,13,110,8,170,0,0,0,0,7,8,740,4, , ,0,0, , ,0,0,11,13,1250,5,0,0,0,0,0,0,0,0,11,13,530,5,8,11,1640,20,8,13,300,2,0,0,0,0,0,0,0,0,0,0,0,0,0,0,0,0,11,13,3950,13,0,0,0,0,0,0,0,0,0,0,0,0,0,0,0,0,0,0,0,0,8,11,13,2470,7,0,0,0,0,0,0,0,0,0,0,11,13,8,22220,70,0,0,0,0,0,0,0,0,0,0,0,0,0,0,0,0,0,0,0,0,0,0,0,0,0
15,05,09,2,東京,5,07,500万下,23,芝,0,2400,良,9,05152507,5,0,3,7.1,7,0,9,81.0,9,0,7,22.1,1,0,2,2.8,2,0,1,2.5,8,0,8,29.8,6,0,6,14.2,4,0,4,8.6,3,0,5,11.2,,,,,,,,,,,,,,,,,,,,,,,,,,,,,,,,,,,,,4,280,0,0,0,0,4,120,5,110,9,200,0,0,0,0,4,5,290,1, , ,0,0, , ,0,0,4,5,290,1,0,0,0,0,0,0,0,0,4,5,170,1,4,9,440,7,5,9,330,2,0,0,0,0,0,0,0,0,0,0,0,0,0,0,0,0,4,5,670,2,0,0,0,0,0,0,0,0,0,0,0,0,0,0,0,0,0,0,0,0,4,5,9,770,3,0,0,0,0,0,0,0,0,0,0,4,5,9,2920,6,0,0,0,0,0,0,0,0,0,0,0,0,0,0,0,0,0,0,0,0,0,0,0,0,0
15,05,09,2,東京,5,08,500万下・牝,23,ダ,1,1400,良,16,05152508,11,0,12,58.1,15,0,11,53.1,5,0,13,59.1,10,0,9,39.1,6,0,5,17.9,13,0,15,231.8,3,0,1,2.1,16,0,3,8.5,1,0,7,25.5,8,0,6,18.3,12,0,10,41.0,9,0,16,313.8,4,0,4,13.8,14,0,14,123.0,7,0,8,36.2,2,0,2,3.4,,,,,,,,,9,2550,0,0,0,0,9,450,16,130,7,110,0,0,0,0,5,8,1620,8, , ,0,0, , ,0,0,9,16,4660,16,0,0,0,0,0,0,0,0,9,16,1270,16,7,9,830,9,7,16,180,1,0,0,0,0,0,0,0,0,0,0,0,0,0,0,0,0,9,16,14110,39,0,0,0,0,0,0,0,0,0,0,0,0,0,0,0,0,0,0,0,0,7,9,16,2580,6,0,0,0,0,0,0,0,0,0,0,9,16,7,37500,94,0,0,0,0,0,0,0,0,0,0,0,0,0,0,0,0,0,0,0,0,0,0,0,0,0
15,05,09,2,東京,5,09,高尾特別1000,43,芝,0,1400,良,16,05152509,15,0,15,325.6,16,0,14,168.5,12,0,12,57.6,13,0,4,8.5,3,0,7,25.6,10,0,16,346.4,8,0,13,85.4,5,0,5,10.0,6,0,2,4.9,7,0,10,44.5,11,0,11,52.7,14,0,9,39.6,2,0,6,10.5,9,0,8,39.6,4,0,1,2.3,1,0,3,6.9,,,,,,,,,16,690,0,0,0,0,16,270,13,300,5,510,0,0,0,0,7,8,630,2, , ,0,0, , ,0,0,13,16,3100,11,0,0,0,0,0,0,0,0,13,16,1250,12,5,16,2270,23,5,13,2310,24,0,0,0,0,0,0,0,0,0,0,0,0,0,0,0,0,16,13,6140,22,0,0,0,0,0,0,0,0,0,0,0,0,0,0,0,0,0,0,0,0,5,13,16,20730,65,0,0,0,0,0,0,0,0,0,0,16,13,5,56770,176,0,0,0,0,0,0,0,0,0,0,0,0,0,0,0,0,0,0,0,0,0,0,0,0,0
15,05,09,2,東京,5,10,緑風ＳＨ1600,67,芝,0,2400,良,18,05152510,3,0,8,17.2,10,0,11,41.7,2,0,6,12.5,1,0,2,4.4,6,0,4,9.9,13,0,14,59.9,14,0,9,27.8,15,0,17,125.0,18,0,12,58.1,16,0,16,122.2,11,0,13,58.9,9,0,7,12.8,7,0,18,162.4,4,0,5,12.4,5,0,1,2.9,8,0,3,8.2,12,0,10,40.9,17,0,15,101.3,4,440,0,0,0,0,4,220,3,470,1,400,0,0,0,0,2,2,4290,18, , ,0,0, , ,0,0,3,4,3400,13,0,0,0,0,0,0,0,0,3,4,1210,13,1,4,1440,15,1,3,2430,27,0,0,0,0,0,0,0,0,0,0,0,0,0,0,0,0,4,3,5800,20,0,0,0,0,0,0,0,0,0,0,0,0,0,0,0,0,0,0,0,0,1,3,4,14040,45,0,0,0,0,0,0,0,0,0,0,4,3,1,61040,192,0,0,0,0,0,0,0,0,0,0,0,0,0,0,0,0,0,0,0,0,0,0,0,0,0
15,05,09,2,東京,5,11,プリンシ,131,芝,0,2000,良,18,05152511,3,0,18,156.6,11,0,10,49.8,14,0,4,9.2,12,0,2,5.7,16,0,17,142.4,7,0,12,66.4,10,0,13,78.4,5,0,9,46.5,2,0,8,42.5,9,0,14,90.3,18,0,5,12.4,13,0,11,58.2,15,0,6,14.7,4,0,16,115.6,8,0,15,90.5,1,0,1,1.9,6,0,3,8.7,17,0,7,39.9,16,190,0,0,0,0,16,130,9,800,1,2430,0,0,0,0,5,8,2250,9, , ,0,0, , ,0,0,9,16,4560,15,0,0,0,0,0,0,0,0,9,16,1450,13,1,16,5760,47,1,9,27970,130,0,0,0,0,0,0,0,0,0,0,0,0,0,0,0,0,16,9,6000,16,0,0,0,0,0,0,0,0,0,0,0,0,0,0,0,0,0,0,0,0,1,9,16,141180,252,0,0,0,0,0,0,0,0,0,0,16,9,1,446510,886,0,0,0,0,0,0,0,0,0,0,0,0,0,0,0,0,0,0,0,0,0,0,0,0,0
15,05,09,2,東京,5,12,1000万下・牝,43,ダ,1,1600,良,16,05152512,1,0,3,5.6,16,0,16,191.6,7,0,14,127.4,3,0,4,10.3,9,0,10,32.2,8,0,15,148.3,2,0,1,3.7,14,0,5,10.4,15,0,11,33.1,13,0,13,97.0,6,0,2,3.8,5,0,6,11.8,12,0,8,18.7,11,0,9,20.7,10,0,12,93.4,4,0,7,15.0,,,,,,,,,1,560,0,0,0,0,1,200,7,150,4,300,0,0,0,0,1,4,830,2, , ,0,0, , ,0,0,1,7,1140,2,0,0,0,0,0,0,0,0,1,7,460,2,1,4,900,10,4,7,690,6,0,0,0,0,0,0,0,0,0,0,0,0,0,0,0,0,1,7,2410,5,0,0,0,0,0,0,0,0,0,0,0,0,0,0,0,0,0,0,0,0,1,4,7,3030,5,0,0,0,0,0,0,0,0,0,0,1,7,4,13520,18,0,0,0,0,0,0,0,0,0,0,0,0,0,0,0,0,0,0,0,0,0,0,0,0,0
15,05,10,2,東京,6,01,未勝利・牝,7,ダ,1,1600,良,12,05152601,6,0,3,4.4,10,0,12,202.5,9,0,9,59.3,8,0,8,19.1,7,0,5,9.1,11,0,11,136.0,5,0,4,8.2,12,0,10,81.2,4,0,1,3.3,3,0,7,15.6,2,0,6,11.5,1,0,2,3.9,,,,,,,,,,,,,,,,,,,,,,,,,12,390,0,0,0,0,12,170,11,450,10,460,0,0,0,0,8,8,2190,10, , ,0,0, , ,0,0,11,12,2920,13,0,0,0,0,0,0,0,0,11,12,1090,14,10,12,970,10,10,11,3350,31,0,0,0,0,0,0,0,0,0,0,0,0,0,0,0,0,12,11,4600,22,0,0,0,0,0,0,0,0,0,0,0,0,0,0,0,0,0,0,0,0,10,11,12,11750,41,0,0,0,0,0,0,0,0,0,0,12,11,10,47880,172,0,0,0,0,0,0,0,0,0,0,0,0,0,0,0,0,0,0,0,0,0,0,0,0,0
15,05,10,2,東京,6,02,未勝利,7,ダ,1,1300,良,16,05152602,10,0,14,99.9,11,0,6,11.2,8,0,7,26.2,9,0,13,90.5,13,0,16,266.1,3,0,3,4.5,16,0,8,45.3,2,0,4,8.4,5,0,12,90.2,7,0,5,10.1,15,0,10,79.2,6,0,9,57.5,12,0,15,173.2,4,0,2,3.6,1,0,1,3.2,14,0,11,88.8,,,,,,,,,15,320,0,0,0,0,15,140,8,250,6,160,0,0,0,0,4,8,1590,6, , ,0,0, , ,0,0,8,15,2090,8,0,0,0,0,0,0,0,0,8,15,720,8,6,15,330,2,6,8,770,11,0,0,0,0,0,0,0,0,0,0,0,0,0,0,0,0,15,8,4230,18,0,0,0,0,0,0,0,0,0,0,0,0,0,0,0,0,0,0,0,0,6,8,15,3060,8,0,0,0,0,0,0,0,0,0,0,15,8,6,18660,52,0,0,0,0,0,0,0,0,0,0,0,0,0,0,0,0,0,0,0,0,0,0,0,0,0
15,05,10,2,東京,6,03,未勝利,7,ダ,1,1400,良,16,05152603,2,0,11,58.3,3,0,10,45.0,13,0,14,130.9,12,0,7,21.5,9,0,1,1.8,11,0,13,121.0,1,0,4,9.5,13,0,15,154.6,8,0,12,72.6,4,0,2,7.7,7,0,9,44.2,0,4,6,11.6,15,0,16,391.5,10,0,8,32.1,5,0,5,10.4,6,0,3,7.8,,,,,,,,,7,950,0,0,0,0,7,270,1,1610,2,1060,0,0,0,0,1,4,12260,26, , ,0,0, , ,0,0,1,7,41220,55,0,0,0,0,0,0,0,0,1,7,10040,56,2,7,4950,39,1,2,17850,71,0,0,0,0,0,0,0,0,0,0,0,0,0,0,0,0,7,1,61400,98,0,0,0,0,0,0,0,0,0,0,0,0,0,0,0,0,0,0,0,0,1,2,7,252190,241,0,0,0,0,0,0,0,0,0,0,7,1,2,828050,1012,0,0,0,0,0,0,0,0,0,0,0,0,0,0,0,0,0,0,0,0,0,0,0,0,0
15,05,10,2,東京,6,04,未勝利,7,芝,0,2000,良,10,05152604,7,0,8,140.8,3,0,4,12.1,2,0,2,3.8,0,4,10,162.3,1,0,3,10.1,6,0,6,58.8,9,0,9,155.4,8,0,7,98.6,4,0,1,1.4,5,0,5,16.0,,,,,,,,,,,,,,,,,,,,,,,,,,,,,,,,,5,1010,0,0,0,0,5,510,3,290,2,560,0,0,0,0,3,5,1760,5, , ,0,0, , ,0,0,3,5,1420,5,0,0,0,0,0,0,0,0,3,5,410,5,2,5,760,8,2,3,430,6,0,0,0,0,0,0,0,0,0,0,0,0,0,0,0,0,5,3,3450,12,0,0,0,0,0,0,0,0,0,0,0,0,0,0,0,0,0,0,0,0,2,3,5,2910,8,0,0,0,0,0,0,0,0,0,0,5,3,2,16420,48,0,0,0,0,0,0,0,0,0,0,0,0,0,0,0,0,0,0,0,0,0,0,0,0,0
15,05,10,2,東京,6,05,500万下・牝*,23,芝,0,1800,良,8,05152605,7,0,5,76.2,1,0,1,2.3,8,0,6,78.3,2,0,2,3.1,3,0,3,4.1,4,0,4,4.5,5,0,7,85.9,6,0,8,117.9,,,,,,,,,,,,,,,,,,,,,,,,,,,,,,,,,,,,,,,,,2,230,0,0,0,0,2,110,4,110,5,110,0,0,0,0,0,0,0,0, , ,0,0, , ,0,0,2,4,340,1,0,0,0,0,0,0,0,0,2,4,150,2,2,5,140,1,4,5,170,3,0,0,0,0,0,0,0,0,0,0,0,0,0,0,0,0,2,4,610,1,0,0,0,0,0,0,0,0,0,0,0,0,0,0,0,0,0,0,0,0,2,4,5,280,1,0,0,0,0,0,0,0,0,0,0,2,4,5,1140,1,0,0,0,0,0,0,0,0,0,0,0,0,0,0,0,0,0,0,0,0,0,0,0,0,0
15,05,10,2,東京,6,06,500万下*,23,芝,0,1600,良,10,05152606,6,0,3,9.6,1,0,1,2.2,10,0,9,104.1,3,0,6,15.0,5,0,8,21.9,2,0,2,2.9,4,0,5,12.0,9,0,10,155.1,8,0,7,19.7,7,0,4,11.1,,,,,,,,,,,,,,,,,,,,,,,,,,,,,,,,,2,220,0,0,0,0,2,110,6,110,4,220,0,0,0,0,2,6,330,1, , ,0,0, , ,0,0,2,6,310,1,0,0,0,0,0,0,0,0,2,6,170,1,2,4,510,8,4,6,500,7,0,0,0,0,0,0,0,0,0,0,0,0,0,0,0,0,2,6,540,1,0,0,0,0,0,0,0,0,0,0,0,0,0,0,0,0,0,0,0,0,2,4,6,1100,3,0,0,0,0,0,0,0,0,0,0,2,6,4,2980,4,0,0,0,0,0,0,0,0,0,0,0,0,0,0,0,0,0,0,0,0,0,0,0,0,0
15,05,10,2,東京,6,07,500万下,23,ダ,1,1600,良,14,05152607,11,0,5,8.9,13,0,12,164.2,8,0,11,127.3,7,0,6,17.5,4,0,1,3.3,10,0,2,4.0,3,0,8,22.4,9,0,7,18.1,12,0,14,244.1,14,0,13,215.1,1,0,3,4.8,5,0,9,32.1,6,0,10,78.3,2,0,4,5.8,,,,,,,,,,,,,,,,,11,480,0,0,0,0,11,180,14,240,7,520,0,0,0,0,7,8,1320,6, , ,0,0, , ,0,0,11,14,1470,5,0,0,0,0,0,0,0,0,11,14,590,5,7,11,1340,18,7,14,1450,20,0,0,0,0,0,0,0,0,0,0,0,0,0,0,0,0,11,14,2720,10,0,0,0,0,0,0,0,0,0,0,0,0,0,0,0,0,0,0,0,0,7,11,14,7920,30,0,0,0,0,0,0,0,0,0,0,11,14,7,31750,112,0,0,0,0,0,0,0,0,0,0,0,0,0,0,0,0,0,0,0,0,0,0,0,0,0
15,05,10,2,東京,6,08,1000万下,43,芝,0,2000,良,13,05152608,1,0,10,38.5,10,0,12,116.6,9,0,13,126.2,13,0,8,27.2,8,0,4,9.7,6,0,7,21.2,12,0,2,2.8,11,0,11,74.6,5,0,1,2.7,7,0,6,16.3,2,0,3,9.6,3,0,5,10.5,4,0,9,27.9,,,,,,,,,,,,,,,,,,,,,1,3850,0,0,0,0,1,930,11,340,12,370,0,0,0,0,1,7,12970,19, , ,0,0, , ,0,0,1,11,11920,30,0,0,0,0,0,0,0,0,1,11,2870,29,1,12,3430,35,11,12,1050,10,0,0,0,0,0,0,0,0,0,0,0,0,0,0,0,0,1,11,26600,69,0,0,0,0,0,0,0,0,0,0,0,0,0,0,0,0,0,0,0,0,1,11,12,25520,68,0,0,0,0,0,0,0,0,0,0,1,11,12,195230,489,0,0,0,0,0,0,0,0,0,0,0,0,0,0,0,0,0,0,0,0,0,0,0,0,0
15,05,10,2,東京,6,09,湘南Ｓ1600,67,芝,0,1600,良,18,05152609,18,0,18,141.3,5,0,15,86.6,6,0,5,12.1,7,0,10,20.8,13,0,1,3.7,17,0,6,12.9,10,0,17,118.1,1,0,2,4.0,14,0,12,39.0,15,0,8,17.9,9,0,9,20.4,2,0,3,7.2,3,0,14,77.4,11,0,7,17.6,4,0,4,11.1,8,0,11,21.7,16,0,16,112.1,12,0,13,56.9,8,400,0,0,0,0,8,170,12,300,13,1680,0,0,0,0,4,6,1360,6, , ,0,0, , ,0,0,8,12,2030,5,0,0,0,0,0,0,0,0,8,12,770,2,8,13,6380,62,12,13,7880,71,0,0,0,0,0,0,0,0,0,0,0,0,0,0,0,0,8,12,3330,4,0,0,0,0,0,0,0,0,0,0,0,0,0,0,0,0,0,0,0,0,8,12,13,46610,143,0,0,0,0,0,0,0,0,0,0,8,12,13,178760,585,0,0,0,0,0,0,0,0,0,0,0,0,0,0,0,0,0,0,0,0,0,0,0,0,0
15,05,10,2,東京,6,10,ブリリアＨ,131,ダ,1,2100,良,16,05152610,15,0,8,35.0,16,0,9,35.1,9,0,11,70.8,4,0,2,4.8,5,0,5,11.8,7,0,4,6.5,10,0,15,208.0,6,0,7,30.1,14,0,16,267.8,1,0,1,2.3,3,0,13,80.7,8,0,3,6.3,11,0,12,74.1,2,0,6,20.4,13,0,14,159.5,12,0,10,43.5,,,,,,,,,10,230,0,0,0,0,10,140,14,440,11,1390,0,0,0,0,5,7,1460,6, , ,0,0, , ,0,0,10,14,1550,5,0,0,0,0,0,0,0,0,10,14,740,5,10,11,3020,29,11,14,12710,68,0,0,0,0,0,0,0,0,0,0,0,0,0,0,0,0,10,14,2180,8,0,0,0,0,0,0,0,0,0,0,0,0,0,0,0,0,0,0,0,0,10,11,14,35950,89,0,0,0,0,0,0,0,0,0,0,10,14,11,108450,285,0,0,0,0,0,0,0,0,0,0,0,0,0,0,0,0,0,0,0,0,0,0,0,0,0
15,05,10,2,東京,6,11,ＮＨＫマG1,195,芝,0,1600,良,18,05152611,4,0,5,7.2,5,0,1,4.3,14,0,18,156.2,12,0,11,34.3,18,0,15,106.9,16,0,14,102.8,1,0,3,6.4,15,0,17,142.6,2,0,4,6.5,9,0,6,10.7,13,0,7,14.2,3,0,2,5.9,10,0,16,134.4,6,0,10,30.3,7,0,13,44.8,11,0,8,18.0,8,0,9,27.3,17,0,12,35.6,7,640,0,0,0,0,7,210,9,260,12,230,0,0,0,0,4,5,1510,6, , ,0,0, , ,0,0,7,9,2800,10,0,0,0,0,0,0,0,0,7,9,1120,10,7,12,780,4,9,12,1260,14,0,0,0,0,0,0,0,0,0,0,0,0,0,0,0,0,7,9,5990,23,0,0,0,0,0,0,0,0,0,0,0,0,0,0,0,0,0,0,0,0,7,9,12,6200,14,0,0,0,0,0,0,0,0,0,0,7,9,12,36720,91,0,0,0,0,0,0,0,0,0,0,0,0,0,0,0,0,0,0,0,0,0,0,0,0,0
15,05,10,2,東京,6,12,日吉特別1000,43,ダ,1,1400,良,16,05152612,8,0,6,16.7,5,0,13,70.7,13,0,12,46.7,6,0,10,33.3,16,0,16,112.0,14,0,11,34.6,3,0,5,11.4,12,0,2,5.2,7,0,3,6.6,10,0,14,82.2,4,0,9,29.3,1,0,8,17.7,15,0,15,110.9,11,0,4,6.8,2,0,1,2.8,9,0,7,17.4,,,,,,,,,12,1770,0,0,0,0,12,400,15,150,7,310,0,0,0,0,6,8,1180,4, , ,0,0, , ,0,0,12,15,2560,8,0,0,0,0,0,0,0,0,12,15,890,8,7,12,2650,28,7,15,760,5,0,0,0,0,0,0,0,0,0,0,0,0,0,0,0,0,12,15,6640,22,0,0,0,0,0,0,0,0,0,0,0,0,0,0,0,0,0,0,0,0,7,12,15,9220,26,0,0,0,0,0,0,0,0,0,0,12,15,7,68160,195,0,0,0,0,0,0,0,0,0,0,0,0,0,0,0,0,0,0,0,0,0,0,0,0,0
15,05,16,2,東京,7,01,未勝利・牝,7,ダ,1,1600,稍,16,05152701,4,0,2,6.9,2,0,5,19.4,5,0,6,23.4,6,0,14,190.9,13,0,10,90.6,11,0,7,27.7,9,0,9,37.7,10,0,15,277.6,7,0,11,97.6,3,0,3,7.6,15,0,4,10.9,12,0,12,99.3,16,0,16,369.6,8,0,8,28.8,1,0,1,1.5,14,0,13,124.4,,,,,,,,,15,150,0,0,0,0,15,110,2,300,10,170,0,0,0,0,1,8,330,1, , ,0,0, , ,0,0,2,15,1560,4,0,0,0,0,0,0,0,0,2,15,650,6,10,15,250,2,2,10,1360,17,0,0,0,0,0,0,0,0,0,0,0,0,0,0,0,0,15,2,1820,6,0,0,0,0,0,0,0,0,0,0,0,0,0,0,0,0,0,0,0,0,2,10,15,2220,4,0,0,0,0,0,0,0,0,0,0,15,2,10,8020,20,0,0,0,0,0,0,0,0,0,0,0,0,0,0,0,0,0,0,0,0,0,0,0,0,0
15,05,16,2,東京,7,02,未勝利,7,ダ,1,1400,稍,16,05152702,10,0,12,36.5,2,0,1,4.9,7,0,10,30.4,16,0,14,69.2,13,0,13,42.5,4,0,6,9.7,14,0,8,18.6,6,0,2,5.4,1,0,4,6.0,12,0,15,205.4,8,0,3,5.6,9,0,11,34.4,3,0,7,14.2,15,0,16,464.9,11,0,9,22.2,5,0,5,8.6,,,,,,,,,9,600,0,0,0,0,9,270,2,170,13,390,0,0,0,0,1,5,1560,8, , ,0,0, , ,0,0,2,9,1610,3,0,0,0,0,0,0,0,0,2,9,710,4,9,13,2180,25,2,13,1250,15,0,0,0,0,0,0,0,0,0,0,0,0,0,0,0,0,9,2,3300,7,0,0,0,0,0,0,0,0,0,0,0,0,0,0,0,0,0,0,0,0,2,9,13,9680,29,0,0,0,0,0,0,0,0,0,0,9,2,13,43430,119,0,0,0,0,0,0,0,0,0,0,0,0,0,0,0,0,0,0,0,0,0,0,0,0,0
15,05,16,2,東京,7,03,未勝利,7,ダ,1,1600,稍,13,05152703,1,0,3,4.8,2,0,1,2.5,0,3,0,0.0,9,0,11,140.6,6,0,6,15.5,11,0,9,56.2,8,0,8,37.3,5,0,4,6.8,7,0,2,4.2,10,0,12,359.4,4,0,7,20.1,3,0,5,11.5,12,0,10,75.1,,,,,,,,,,,,,,,,,,,,,1,480,0,0,0,0,1,170,2,120,12,260,0,0,0,0,1,2,700,2, , ,0,0, , ,0,0,1,2,750,3,0,0,0,0,0,0,0,0,1,2,350,3,1,12,1120,14,2,12,510,6,0,0,0,0,0,0,0,0,0,0,0,0,0,0,0,0,1,2,1650,6,0,0,0,0,0,0,0,0,0,0,0,0,0,0,0,0,0,0,0,0,1,2,12,2470,8,0,0,0,0,0,0,0,0,0,0,1,2,12,11890,36,0,0,0,0,0,0,0,0,0,0,0,0,0,0,0,0,0,0,0,0,0,0,0,0,0
15,05,16,2,東京,7,04,未勝利,7,芝,0,1600,良,18,05152704,4,0,1,2.8,8,0,9,23.6,17,0,18,578.4,11,0,4,9.2,6,0,11,59.5,1,0,6,11.6,5,0,3,5.9,3,0,10,42.4,12,0,13,97.1,2,0,7,15.2,13,0,16,199.3,18,0,14,131.7,10,0,8,18.1,16,0,17,240.5,15,0,12,69.2,9,0,2,5.0,14,0,15,172.1,7,0,5,11.2,6,1160,0,0,0,0,6,390,10,410,8,1410,0,0,0,0,3,5,3140,15, , ,0,0, , ,0,0,6,10,4120,16,0,0,0,0,0,0,0,0,6,10,1210,11,6,8,6970,49,8,10,11330,65,0,0,0,0,0,0,0,0,0,0,0,0,0,0,0,0,6,10,6360,22,0,0,0,0,0,0,0,0,0,0,0,0,0,0,0,0,0,0,0,0,6,8,10,76810,168,0,0,0,0,0,0,0,0,0,0,6,10,8,389740,869,0,0,0,0,0,0,0,0,0,0,0,0,0,0,0,0,0,0,0,0,0,0,0,0,0
15,05,16,2,東京,7,05,未勝利・牝,7,芝,0,1800,良,18,05152705,16,0,14,85.7,3,0,6,10.8,2,0,4,5.8,6,0,7,25.4,1,0,2,4.2,17,0,17,206.6,13,0,5,10.0,12,0,12,42.6,15,0,15,172.1,14,0,10,41.0,11,0,16,192.2,10,0,8,30.6,5,0,3,5.8,4,0,1,3.7,7,0,18,423.8,8,0,11,42.3,18,0,9,36.6,9,0,13,82.6,5,420,0,0,0,0,5,150,3,200,2,230,0,0,0,0,2,3,970,4, , ,0,0, , ,0,0,3,5,1420,5,0,0,0,0,0,0,0,0,3,5,460,3,2,5,540,5,2,3,970,12,0,0,0,0,0,0,0,0,0,0,0,0,0,0,0,0,5,3,2590,9,0,0,0,0,0,0,0,0,0,0,0,0,0,0,0,0,0,0,0,0,2,3,5,2920,8,0,0,0,0,0,0,0,0,0,0,5,3,2,13420,30,0,0,0,0,0,0,0,0,0,0,0,0,0,0,0,0,0,0,0,0,0,0,0,0,0
15,05,16,2,東京,7,06,500万下*,23,ダ,1,1400,稍,16,05152706,4,0,6,16.3,16,0,15,259.3,10,0,13,121.9,1,0,2,4.5,9,0,10,35.8,3,0,4,12.8,6,0,11,36.1,14,0,16,334.1,2,0,1,1.9,8,0,14,137.3,7,0,3,9.5,11,0,9,29.9,15,0,12,44.6,5,0,7,18.8,12,0,5,15.4,13,0,8,28.6,,,,,,,,,4,450,0,0,0,0,4,140,9,110,6,220,0,0,0,0,2,5,540,1, , ,0,0, , ,0,0,4,9,400,1,0,0,0,0,0,0,0,0,4,9,200,1,4,6,890,10,6,9,610,6,0,0,0,0,0,0,0,0,0,0,0,0,0,0,0,0,4,9,1340,3,0,0,0,0,0,0,0,0,0,0,0,0,0,0,0,0,0,0,0,0,4,6,9,1770,2,0,0,0,0,0,0,0,0,0,0,4,9,6,8970,11,0,0,0,0,0,0,0,0,0,0,0,0,0,0,0,0,0,0,0,0,0,0,0,0,0
15,05,16,2,東京,7,07,500万下・牝,23,ダ,1,1600,稍,13,05152707,3,0,7,17.0,1,0,2,3.5,6,0,5,12.8,11,0,12,99.2,4,0,4,12.3,2,0,3,3.9,7,0,1,3.4,8,0,6,14.3,13,0,10,43.0,12,0,11,60.4,10,0,13,195.9,5,0,9,34.1,9,0,8,20.3,,,,,,,,,,,,,,,,,,,,,2,350,0,0,0,0,2,150,6,190,1,310,0,0,0,0,2,5,310,1, , ,0,0, , ,0,0,2,6,730,2,0,0,0,0,0,0,0,0,2,6,390,2,1,2,760,9,1,6,1280,17,0,0,0,0,0,0,0,0,0,0,0,0,0,0,0,0,2,6,1680,5,0,0,0,0,0,0,0,0,0,0,0,0,0,0,0,0,0,0,0,0,1,2,6,3330,9,0,0,0,0,0,0,0,0,0,0,2,6,1,11840,25,0,0,0,0,0,0,0,0,0,0,0,0,0,0,0,0,0,0,0,0,0,0,0,0,0
15,05,16,2,東京,7,08,500万下,23,ダ,1,1400,稍,16,05152708,11,0,16,294.7,8,0,8,24.5,5,0,6,17.4,6,0,7,18.7,14,0,12,92.1,12,0,13,171.6,7,0,15,283.5,10,0,5,8.2,3,0,2,4.1,1,0,1,2.7,15,0,10,50.6,4,0,4,6.8,9,0,3,6.6,13,0,9,47.6,2,0,14,174.5,16,0,11,79.4,,,,,,,,,10,270,0,0,0,0,10,130,15,1620,9,160,0,0,0,0,5,8,3630,13, , ,0,0, , ,0,0,10,15,19080,36,0,0,0,0,0,0,0,0,10,15,5050,39,9,10,270,1,9,15,6640,45,0,0,0,0,0,0,0,0,0,0,0,0,0,0,0,0,10,15,23530,55,0,0,0,0,0,0,0,0,0,0,0,0,0,0,0,0,0,0,0,0,9,10,15,22700,57,0,0,0,0,0,0,0,0,0,0,10,15,9,132300,320,0,0,0,0,0,0,0,0,0,0,0,0,0,0,0,0,0,0,0,0,0,0,0,0,0
15,05,16,2,東京,7,09,夏木立賞500*,23,芝,0,2000,良,11,05152709,7,0,5,7.7,10,0,7,13.3,9,0,6,9.4,5,0,8,20.9,4,0,4,5.6,1,0,2,4.1,8,0,10,102.1,3,0,3,5.5,11,0,9,66.0,2,0,1,3.7,6,0,11,289.7,,,,,,,,,,,,,,,,,,,,,,,,,,,,,6,410,0,0,0,0,6,150,10,140,8,170,0,0,0,0,6,8,760,1, , ,0,0, , ,0,0,6,10,860,1,0,0,0,0,0,0,0,0,6,10,360,1,6,8,580,8,8,10,500,6,0,0,0,0,0,0,0,0,0,0,0,0,0,0,0,0,6,10,1650,1,0,0,0,0,0,0,0,0,0,0,0,0,0,0,0,0,0,0,0,0,6,8,10,1910,4,0,0,0,0,0,0,0,0,0,0,6,10,8,7630,5,0,0,0,0,0,0,0,0,0,0,0,0,0,0,0,0,0,0,0,0,0,0,0,0,0
15,05,16,2,東京,7,10,秋川特別1000,43,芝,0,1600,良,13,05152710,7,0,10,33.0,5,0,8,16.5,3,0,1,3.8,9,0,12,54.8,4,0,2,4.1,8,0,13,76.0,6,0,5,8.1,11,0,7,16.1,1,0,4,7.3,10,0,11,45.8,12,0,3,6.9,2,0,6,12.4,13,0,9,16.8,,,,,,,,,,,,,,,,,,,,,9,730,0,0,0,0,9,260,12,320,3,170,0,0,0,0,6,8,1530,8, , ,0,0, , ,0,0,9,12,5250,19,0,0,0,0,0,0,0,0,9,12,1640,20,3,9,590,5,3,12,950,10,0,0,0,0,0,0,0,0,0,0,0,0,0,0,0,0,9,12,8490,33,0,0,0,0,0,0,0,0,0,0,0,0,0,0,0,0,0,0,0,0,3,9,12,6320,18,0,0,0,0,0,0,0,0,0,0,9,12,3,49110,164,0,0,0,0,0,0,0,0,0,0,0,0,0,0,0,0,0,0,0,0,0,0,0,0,0
15,05,16,2,東京,7,11,京王杯スG2,179,芝,0,1400,良,18,05152711,17,0,18,332.3,12,0,4,6.4,14,0,9,28.3,7,0,8,19.9,9,0,14,88.9,11,0,13,62.9,5,0,11,51.2,3,0,7,18.6,6,0,3,6.0,4,0,10,42.9,1,0,5,8.7,13,0,17,220.9,10,0,1,3.6,18,0,15,99.7,2,0,2,4.7,15,0,12,56.0,16,0,6,12.5,8,0,16,125.6,11,870,0,0,0,0,11,320,15,210,8,510,0,0,0,0,6,7,970,5, , ,0,0, , ,0,0,11,15,2630,10,0,0,0,0,0,0,0,0,11,15,1110,11,8,11,2480,27,8,15,1910,22,0,0,0,0,0,0,0,0,0,0,0,0,0,0,0,0,11,15,4950,20,0,0,0,0,0,0,0,0,0,0,0,0,0,0,0,0,0,0,0,0,8,11,15,16010,45,0,0,0,0,0,0,0,0,0,0,11,15,8,83940,250,0,0,0,0,0,0,0,0,0,0,0,0,0,0,0,0,0,0,0,0,0,0,0,0,0
15,05,16,2,東京,7,12,1000万下,43,ダ,1,1600,良,16,05152712,3,0,3,5.0,15,0,10,103.8,2,0,1,3.7,13,0,11,115.1,10,0,14,214.7,14,0,9,31.6,7,0,2,3.8,6,0,7,15.7,5,0,8,16.4,4,0,12,121.0,11,0,15,237.7,16,0,16,317.0,12,0,13,131.9,1,0,4,7.7,9,0,5,9.4,8,0,6,11.2,,,,,,,,,14,770,0,0,0,0,14,190,3,140,1,160,0,0,0,0,2,7,1660,9, , ,0,0, , ,0,0,3,14,1470,5,0,0,0,0,0,0,0,0,3,14,440,4,1,14,690,7,1,3,370,2,0,0,0,0,0,0,0,0,0,0,0,0,0,0,0,0,14,3,3710,12,0,0,0,0,0,0,0,0,0,0,0,0,0,0,0,0,0,0,0,0,1,3,14,2090,3,0,0,0,0,0,0,0,0,0,0,14,3,1,15650,34,0,0,0,0,0,0,0,0,0,0,0,0,0,0,0,0,0,0,0,0,0,0,0,0,0
15,05,17,2,東京,8,01,未勝利・牝,7,ダ,1,1400,良,16,05152801,13,0,7,34.3,15,0,16,200.9,16,0,14,159.1,3,0,2,3.8,2,0,4,9.9,5,0,12,141.1,11,0,9,38.6,8,0,3,4.1,4,0,10,49.0,12,0,13,146.5,14,0,11,114.7,9,0,15,192.9,1,0,1,2.5,6,0,8,37.9,10,0,5,15.3,7,0,6,22.2,,,,,,,,,13,250,0,0,0,0,13,110,5,190,4,120,0,0,0,0,3,7,1180,5, , ,0,0, , ,0,0,5,13,1250,4,0,0,0,0,0,0,0,0,5,13,410,4,4,13,170,1,4,5,520,5,0,0,0,0,0,0,0,0,0,0,0,0,0,0,0,0,13,5,1930,6,0,0,0,0,0,0,0,0,0,0,0,0,0,0,0,0,0,0,0,0,4,5,13,1230,2,0,0,0,0,0,0,0,0,0,0,13,5,4,6470,11,0,0,0,0,0,0,0,0,0,0,0,0,0,0,0,0,0,0,0,0,0,0,0,0,0
15,05,17,2,東京,8,02,未勝利,7,ダ,1,1300,良,16,05152802,14,0,14,306.6,11,0,12,119.3,4,0,10,48.6,0,3,0,0.0,15,0,8,36.6,5,0,2,3.7,12,0,9,41.6,8,0,5,10.1,7,0,11,57.8,2,0,4,9.0,1,0,1,2.7,6,0,3,5.3,9,0,6,15.2,13,0,15,491.3,3,0,7,17.2,10,0,13,149.8,,,,,,,,,11,270,0,0,0,0,11,130,10,240,15,460,0,0,0,0,5,6,670,2, , ,0,0, , ,0,0,10,11,1060,3,0,0,0,0,0,0,0,0,10,11,460,3,11,15,980,9,10,15,2030,18,0,0,0,0,0,0,0,0,0,0,0,0,0,0,0,0,11,10,1780,5,0,0,0,0,0,0,0,0,0,0,0,0,0,0,0,0,0,0,0,0,10,11,15,4590,15,0,0,0,0,0,0,0,0,0,0,11,10,15,16080,43,0,0,0,0,0,0,0,0,0,0,0,0,0,0,0,0,0,0,0,0,0,0,0,0,0
15,05,17,2,東京,8,03,未勝利,7,ダ,1,1600,良,15,05152803,15,0,10,48.5,10,0,13,104.0,6,0,11,51.9,8,0,4,16.6,13,0,3,12.3,2,0,2,3.3,12,0,9,41.9,11,0,15,362.9,7,0,7,30.8,3,0,5,20.6,4,0,12,73.5,14,0,14,122.7,1,0,1,1.7,9,0,6,21.6,5,0,8,39.9,,,,,,,,,,,,,13,170,0,0,0,0,13,110,6,120,10,200,0,0,0,0,4,7,200,1, , ,0,0, , ,0,0,6,13,200,1,0,0,0,0,0,0,0,0,6,13,130,1,10,13,370,2,6,10,510,4,0,0,0,0,0,0,0,0,0,0,0,0,0,0,0,0,13,6,270,1,0,0,0,0,0,0,0,0,0,0,0,0,0,0,0,0,0,0,0,0,6,10,13,790,1,0,0,0,0,0,0,0,0,0,0,13,6,10,1750,1,0,0,0,0,0,0,0,0,0,0,0,0,0,0,0,0,0,0,0,0,0,0,0,0,0
15,05,17,2,東京,8,04,未勝利,7,芝,0,1400,良,18,05152804,12,0,12,213.0,15,0,11,182.6,1,0,5,9.9,8,0,2,3.1,2,0,3,5.0,7,0,8,54.5,4,0,6,20.6,17,0,14,357.5,9,0,9,61.4,16,0,17,388.5,5,0,4,9.8,13,0,15,366.2,10,0,7,49.7,3,0,1,2.5,6,0,13,232.3,14,0,16,366.8,11,0,10,87.9,18,0,18,537.5,3,990,0,0,0,0,3,250,5,160,14,120,0,0,0,0,2,3,560,3, , ,0,0, , ,0,0,3,5,2920,10,0,0,0,0,0,0,0,0,3,5,760,9,3,14,510,6,5,14,290,2,0,0,0,0,0,0,0,0,0,0,0,0,0,0,0,0,3,5,6690,24,0,0,0,0,0,0,0,0,0,0,0,0,0,0,0,0,0,0,0,0,3,5,14,2080,6,0,0,0,0,0,0,0,0,0,0,3,5,14,18480,59,0,0,0,0,0,0,0,0,0,0,0,0,0,0,0,0,0,0,0,0,0,0,0,0,0
15,05,17,2,東京,8,05,未勝利,7,芝,0,2000,良,13,05152805,5,0,2,5.0,9,0,11,358.1,4,0,5,10.5,6,0,6,33.4,2,0,3,6.7,1,0,1,1.6,3,0,7,50.7,7,0,9,82.2,13,0,12,371.2,11,0,8,79.9,12,0,4,7.8,10,0,13,552.6,8,0,10,203.5,,,,,,,,,,,,,,,,,,,,,6,160,0,0,0,0,6,110,5,160,7,690,0,0,0,0,4,5,450,1, , ,0,0, , ,0,0,5,6,600,2,0,0,0,0,0,0,0,0,5,6,300,3,6,7,1360,15,5,7,2340,20,0,0,0,0,0,0,0,0,0,0,0,0,0,0,0,0,6,5,810,3,0,0,0,0,0,0,0,0,0,0,0,0,0,0,0,0,0,0,0,0,5,6,7,5630,19,0,0,0,0,0,0,0,0,0,0,6,5,7,12990,47,0,0,0,0,0,0,0,0,0,0,0,0,0,0,0,0,0,0,0,0,0,0,0,0,0
15,05,17,2,東京,8,06,500万下*,23,ダ,1,1600,良,14,05152806,2,0,6,10.4,1,0,2,4.5,6,0,8,20.1,3,0,1,3.1,13,0,12,72.4,4,0,3,5.1,7,0,14,174.9,12,0,13,127.7,14,0,7,10.4,8,0,5,9.8,10,0,11,64.4,5,0,10,62.9,9,0,4,9.6,11,0,9,52.4,,,,,,,,,,,,,,,,,2,450,0,0,0,0,2,150,1,240,4,130,0,0,0,0,1,2,2170,11, , ,0,0, , ,0,0,1,2,2080,9,0,0,0,0,0,0,0,0,1,2,870,11,2,4,250,1,1,4,650,7,0,0,0,0,0,0,0,0,0,0,0,0,0,0,0,0,2,1,3810,15,0,0,0,0,0,0,0,0,0,0,0,0,0,0,0,0,0,0,0,0,1,2,4,1970,4,0,0,0,0,0,0,0,0,0,0,2,1,4,12920,26,0,0,0,0,0,0,0,0,0,0,0,0,0,0,0,0,0,0,0,0,0,0,0,0,0
15,05,17,2,東京,8,07,500万下*,23,芝,0,1400,良,18,05152807,2,0,4,21.0,12,0,18,283.6,13,0,15,154.1,14,0,16,174.6,17,0,17,256.3,7,0,10,46.9,5,0,6,22.1,16,0,13,74.5,3,0,2,5.2,4,0,5,21.1,1,0,1,1.5,8,0,3,10.1,11,0,14,94.2,18,0,7,29.5,10,0,11,51.7,6,0,12,53.7,15,0,8,38.9,9,0,9,43.7,11,150,0,0,0,0,11,110,1,320,9,160,0,0,0,0,1,6,1570,6, , ,0,0, , ,0,0,1,11,1730,6,0,0,0,0,0,0,0,0,1,11,580,6,9,11,200,1,1,9,1280,13,0,0,0,0,0,0,0,0,0,0,0,0,0,0,0,0,11,1,2070,6,0,0,0,0,0,0,0,0,0,0,0,0,0,0,0,0,0,0,0,0,1,9,11,2170,5,0,0,0,0,0,0,0,0,0,0,11,1,9,8830,16,0,0,0,0,0,0,0,0,0,0,0,0,0,0,0,0,0,0,0,0,0,0,0,0,0
15,05,17,2,東京,8,08,500万下,23,芝,0,1600,良,13,05152808,6,0,5,7.9,13,0,12,144.3,9,0,11,74.2,11,0,13,209.8,1,0,2,4.0,5,0,7,19.8,7,0,8,33.8,3,0,1,2.8,8,0,6,9.1,10,0,10,69.2,4,0,4,7.3,2,0,3,6.8,12,0,9,61.4,,,,,,,,,,,,,,,,,,,,,5,400,0,0,0,0,5,140,12,210,8,120,0,0,0,0,4,8,2310,10, , ,0,0, , ,0,0,5,12,1950,9,0,0,0,0,0,0,0,0,5,12,780,12,5,8,250,1,8,12,490,5,0,0,0,0,0,0,0,0,0,0,0,0,0,0,0,0,5,12,3880,19,0,0,0,0,0,0,0,0,0,0,0,0,0,0,0,0,0,0,0,0,5,8,12,1740,4,0,0,0,0,0,0,0,0,0,0,5,12,8,14080,44,0,0,0,0,0,0,0,0,0,0,0,0,0,0,0,0,0,0,0,0,0,0,0,0,0
15,05,17,2,東京,8,09,秩父特別1000,43,芝,0,2000,良,12,05152809,5,0,6,19.7,8,0,7,42.6,3,0,3,6.4,9,0,12,159.8,10,0,11,157.1,4,0,4,10.3,2,0,2,3.2,7,0,5,12.0,6,0,10,139.4,1,0,1,2.0,12,0,8,72.8,11,0,9,107.4,,,,,,,,,,,,,,,,,,,,,,,,,10,200,0,0,0,0,10,110,7,110,3,140,0,0,0,0,6,7,260,1, , ,0,0, , ,0,0,7,10,340,1,0,0,0,0,0,0,0,0,7,10,160,1,3,10,230,2,3,7,260,3,0,0,0,0,0,0,0,0,0,0,0,0,0,0,0,0,10,7,490,1,0,0,0,0,0,0,0,0,0,0,0,0,0,0,0,0,0,0,0,0,3,7,10,480,1,0,0,0,0,0,0,0,0,0,0,10,7,3,1290,1,0,0,0,0,0,0,0,0,0,0,0,0,0,0,0,0,0,0,0,0,0,0,0,0,0
15,05,17,2,東京,8,10,青竜Ｓ,131,ダ,1,1600,良,12,05152810,11,0,11,41.0,6,0,8,21.2,2,0,2,5.1,1,0,5,7.7,7,0,10,27.5,12,0,12,48.5,8,0,3,5.2,10,0,9,22.0,3,0,1,4.1,4,0,4,5.4,9,0,7,18.2,5,0,6,12.1,,,,,,,,,,,,,,,,,,,,,,,,,4,770,0,0,0,0,4,210,3,160,9,160,0,0,0,0,3,4,2260,10, , ,0,0, , ,0,0,3,4,1970,7,0,0,0,0,0,0,0,0,3,4,720,7,4,9,760,9,3,9,390,1,0,0,0,0,0,0,0,0,0,0,0,0,0,0,0,0,4,3,4130,15,0,0,0,0,0,0,0,0,0,0,0,0,0,0,0,0,0,0,0,0,3,4,9,2650,5,0,0,0,0,0,0,0,0,0,0,4,3,9,17860,40,0,0,0,0,0,0,0,0,0,0,0,0,0,0,0,0,0,0,0,0,0,0,0,0,0
15,05,17,2,東京,8,11,ヴィクトG1,195,芝,0,1600,良,18,05152811,16,0,10,31.8,5,0,4,10.5,12,0,9,25.9,4,0,3,7.8,1,0,5,14.1,7,0,2,5.5,2,0,12,47.4,13,0,11,35.2,14,0,14,116.0,9,0,16,136.0,10,0,6,15.9,15,0,17,161.0,17,0,8,24.5,18,0,13,106.8,6,0,1,2.2,11,0,15,122.5,8,0,7,16.2,3,0,18,291.8,5,1410,0,0,0,0,5,490,7,1020,18,8500,0,0,0,0,3,4,4510,13, , ,0,0, , ,0,0,5,7,36880,66,0,0,0,0,0,0,0,0,5,7,5410,54,5,18,86300,145,7,18,86580,146,0,0,0,0,0,0,0,0,0,0,0,0,0,0,0,0,5,7,73990,129,0,0,0,0,0,0,0,0,0,0,0,0,0,0,0,0,0,0,0,0,5,7,18,2860480,726,0,0,0,0,0,0,0,0,0,0,5,7,18,20705810,4140,0,0,0,0,0,0,0,0,0,0,0,0,0,0,0,0,0,0,0,0,0,0,0,0,0
15,05,17,2,東京,8,12,ＢＳイＨ1600,67,ダ,1,1600,良,16,05152812,8,0,9,27.6,5,0,3,5.0,3,0,4,7.4,14,0,14,68.4,7,0,8,24.9,4,0,1,4.0,16,0,12,50.7,12,0,15,152.7,9,0,13,51.1,10,0,10,30.3,2,0,2,4.5,13,0,7,18.2,6,0,11,31.2,1,0,6,17.3,11,0,5,7.5,15,0,16,247.4,,,,,,,,,14,1730,0,0,0,0,14,580,11,190,3,260,0,0,0,0,6,7,2610,11, , ,0,0, , ,0,0,11,14,6090,22,0,0,0,0,0,0,0,0,11,14,2380,25,3,14,3200,39,3,11,610,4,0,0,0,0,0,0,0,0,0,0,0,0,0,0,0,0,14,11,12750,40,0,0,0,0,0,0,0,0,0,0,0,0,0,0,0,0,0,0,0,0,3,11,14,15620,52,0,0,0,0,0,0,0,0,0,0,14,11,3,114640,363,0,0,0,0,0,0,0,0,0,0,0,0,0,0,0,0,0,0,0,0,0,0,0,0,0
15,05,23,2,東京,9,01,未勝利・牝,7,ダ,1,1600,良,16,05152901,5,0,3,4.5,11,0,12,169.1,15,0,5,16.4,6,0,2,3.7,2,0,4,5.1,3,0,1,3.4,13,0,9,33.5,16,0,14,230.3,4,0,8,27.5,9,0,11,94.9,7,0,10,54.3,12,0,16,239.7,1,0,7,24.6,8,0,6,17.2,14,0,13,211.6,10,0,15,233.2,,,,,,,,,13,2460,0,0,0,0,13,380,5,170,6,140,0,0,0,0,3,7,880,5, , ,0,0, , ,0,0,5,13,6320,19,0,0,0,0,0,0,0,0,5,13,1530,19,6,13,880,9,5,6,260,1,0,0,0,0,0,0,0,0,0,0,0,0,0,0,0,0,13,5,14550,42,0,0,0,0,0,0,0,0,0,0,0,0,0,0,0,0,0,0,0,0,5,6,13,4050,12,0,0,0,0,0,0,0,0,0,0,13,5,6,49040,132,0,0,0,0,0,0,0,0,0,0,0,0,0,0,0,0,0,0,0,0,0,0,0,0,0
15,05,23,2,東京,9,02,未勝利,7,ダ,1,1400,良,16,05152902,12,0,7,50.7,6,0,14,291.8,16,0,10,67.2,1,0,2,4.2,5,0,8,52.5,3,0,4,4.7,11,0,16,490.3,9,0,5,11.8,10,0,11,100.9,13,0,15,450.4,4,0,6,12.9,8,0,12,178.2,2,0,3,4.4,15,0,9,63.4,7,0,1,3.0,14,0,13,238.6,,,,,,,,,4,420,0,0,0,0,4,140,13,180,6,140,0,0,0,0,2,7,1140,5, , ,0,0, , ,0,0,4,13,1100,5,0,0,0,0,0,0,0,0,4,13,420,6,4,6,320,3,6,13,420,5,0,0,0,0,0,0,0,0,0,0,0,0,0,0,0,0,4,13,2250,11,0,0,0,0,0,0,0,0,0,0,0,0,0,0,0,0,0,0,0,0,4,6,13,1490,4,0,0,0,0,0,0,0,0,0,0,4,13,6,8810,25,0,0,0,0,0,0,0,0,0,0,0,0,0,0,0,0,0,0,0,0,0,0,0,0,0
15,05,23,2,東京,9,03,未勝利,7,ダ,1,2100,良,15,05152903,10,0,13,166.7,12,0,4,15.6,15,0,9,42.9,7,0,11,69.5,3,0,12,151.0,11,0,10,52.3,4,0,8,29.9,2,0,1,1.5,13,0,5,20.1,14,0,14,175.9,1,0,2,4.8,9,0,15,210.6,5,0,7,28.5,8,0,3,9.9,6,0,6,28.0,,,,,,,,,,,,,11,480,0,0,0,0,11,150,8,110,5,1520,0,0,0,0,5,6,350,1, , ,0,0, , ,0,0,8,11,360,1,0,0,0,0,0,0,0,0,8,11,230,1,5,11,6610,51,5,8,2910,29,0,0,0,0,0,0,0,0,0,0,0,0,0,0,0,0,11,8,1180,4,0,0,0,0,0,0,0,0,0,0,0,0,0,0,0,0,0,0,0,0,5,8,11,11250,32,0,0,0,0,0,0,0,0,0,0,11,8,5,54940,157,0,0,0,0,0,0,0,0,0,0,0,0,0,0,0,0,0,0,0,0,0,0,0,0,0
15,05,23,2,東京,9,04,未勝利,7,芝,0,1600,良,18,05152904,13,0,9,43.6,9,0,1,2.0,10,0,14,438.6,8,0,6,17.2,17,0,15,534.1,1,0,8,26.4,18,0,18,790.2,11,0,7,22.1,6,0,5,15.2,4,0,3,6.5,2,0,2,5.5,3,0,10,53.3,12,0,17,688.1,15,0,13,273.1,14,0,12,167.5,7,0,11,105.3,5,0,4,6.6,16,0,16,555.4,6,2640,0,0,0,0,6,580,11,200,12,1000,0,0,0,0,3,6,6200,20, , ,0,0, , ,0,0,6,11,6670,23,0,0,0,0,0,0,0,0,6,11,2380,25,6,12,6790,44,11,12,2850,26,0,0,0,0,0,0,0,0,0,0,0,0,0,0,0,0,6,11,17290,51,0,0,0,0,0,0,0,0,0,0,0,0,0,0,0,0,0,0,0,0,6,11,12,68510,118,0,0,0,0,0,0,0,0,0,0,6,11,12,383840,644,0,0,0,0,0,0,0,0,0,0,0,0,0,0,0,0,0,0,0,0,0,0,0,0,0
15,05,23,2,東京,9,05,未勝利,7,芝,0,2000,良,18,05152905,7,0,6,28.8,17,0,12,135.7,10,0,2,7.0,13,0,11,93.2,15,0,14,168.9,1,0,1,1.2,12,0,15,339.8,9,0,16,373.2,14,0,10,93.2,4,0,13,166.8,5,0,9,70.0,16,0,8,38.7,8,0,4,14.7,6,0,5,28.3,11,0,17,422.0,18,0,18,506.7,3,0,7,31.5,2,0,3,12.9,6,120,0,0,0,0,6,110,18,190,17,350,0,0,0,0,3,8,370,1, , ,0,0, , ,0,0,6,18,590,2,0,0,0,0,0,0,0,0,6,18,300,2,6,17,520,5,17,18,1490,15,0,0,0,0,0,0,0,0,0,0,0,0,0,0,0,0,6,18,620,2,0,0,0,0,0,0,0,0,0,0,0,0,0,0,0,0,0,0,0,0,6,17,18,2140,6,0,0,0,0,0,0,0,0,0,0,6,18,17,4540,9,0,0,0,0,0,0,0,0,0,0,0,0,0,0,0,0,0,0,0,0,0,0,0,0,0
15,05,23,2,東京,9,06,500万下*,23,ダ,1,1400,良,16,05152906,13,0,12,65.1,1,0,2,4.4,11,0,8,19.6,12,0,13,98.5,15,0,11,63.3,4,0,6,13.6,10,0,3,6.0,2,0,1,3.4,9,0,7,15.7,6,0,10,44.4,14,0,16,330.0,8,0,14,121.0,7,0,9,31.5,3,0,4,6.7,5,0,5,8.3,16,0,15,174.8,,,,,,,,,2,440,0,0,0,0,2,150,8,130,14,210,0,0,0,0,1,4,470,1, , ,0,0, , ,0,0,2,8,710,1,0,0,0,0,0,0,0,0,2,8,290,1,2,14,860,8,8,14,520,4,0,0,0,0,0,0,0,0,0,0,0,0,0,0,0,0,2,8,1430,1,0,0,0,0,0,0,0,0,0,0,0,0,0,0,0,0,0,0,0,0,2,8,14,1950,2,0,0,0,0,0,0,0,0,0,0,2,8,14,8220,7,0,0,0,0,0,0,0,0,0,0,0,0,0,0,0,0,0,0,0,0,0,0,0,0,0
15,05,23,2,東京,9,07,500万下,23,ダ,1,1600,良,16,05152907,11,0,3,6.3,9,0,4,12.1,3,0,5,12.3,1,0,2,4.9,10,0,15,337.6,8,0,8,34.6,12,0,13,246.0,4,0,6,16.0,6,0,10,58.6,14,0,14,309.4,13,0,11,72.2,5,0,7,22.5,0,3,0,0.0,2,0,1,1.9,15,0,12,220.7,7,0,9,37.6,,,,,,,,,4,490,0,0,0,0,4,140,14,110,3,290,0,0,0,0,2,7,360,1, , ,0,0, , ,0,0,4,14,490,1,0,0,0,0,0,0,0,0,4,14,240,1,3,4,950,12,3,14,600,7,0,0,0,0,0,0,0,0,0,0,0,0,0,0,0,0,4,14,1310,3,0,0,0,0,0,0,0,0,0,0,0,0,0,0,0,0,0,0,0,0,3,4,14,1960,4,0,0,0,0,0,0,0,0,0,0,4,14,3,10160,23,0,0,0,0,0,0,0,0,0,0,0,0,0,0,0,0,0,0,0,0,0,0,0,0,0
15,05,23,2,東京,9,08,500万下,23,ダ,1,1400,良,16,05152908,1,0,10,42.9,9,0,6,11.8,16,0,12,103.4,13,0,15,418.1,7,0,4,7.2,8,0,13,104.9,5,0,3,6.6,2,0,1,2.3,15,0,14,128.5,4,0,2,6.2,11,0,7,18.5,3,0,8,28.2,6,0,5,8.9,14,0,16,456.8,12,0,9,39.6,10,0,11,77.1,,,,,,,,,1,4290,0,0,0,0,1,820,8,160,12,530,0,0,0,0,1,4,940,5, , ,0,0, , ,0,0,1,8,4920,21,0,0,0,0,0,0,0,0,1,8,1900,24,1,12,10070,62,8,12,1290,16,0,0,0,0,0,0,0,0,0,0,0,0,0,0,0,0,1,8,15210,48,0,0,0,0,0,0,0,0,0,0,0,0,0,0,0,0,0,0,0,0,1,8,12,39870,98,0,0,0,0,0,0,0,0,0,0,1,8,12,352600,697,0,0,0,0,0,0,0,0,0,0,0,0,0,0,0,0,0,0,0,0,0,0,0,0,0
15,05,23,2,東京,9,09,カーネー500*,23,芝,0,1800,良,12,05152909,9,0,4,5.2,7,0,3,4.0,10,0,11,55.5,6,0,5,16.9,4,0,2,3.8,11,0,12,211.5,3,0,1,3.4,5,0,7,20.7,12,0,9,34.2,2,0,10,51.7,8,0,8,24.9,1,0,6,20.5,,,,,,,,,,,,,,,,,,,,,,,,,12,2050,0,0,0,0,12,510,10,1090,7,150,0,0,0,0,7,8,5050,20, , ,0,0, , ,0,0,10,12,47570,52,0,0,0,0,0,0,0,0,10,12,8750,51,7,12,1380,16,7,10,1970,22,0,0,0,0,0,0,0,0,0,0,0,0,0,0,0,0,12,10,71700,96,0,0,0,0,0,0,0,0,0,0,0,0,0,0,0,0,0,0,0,0,7,10,12,37730,88,0,0,0,0,0,0,0,0,0,0,12,10,7,398880,652,0,0,0,0,0,0,0,0,0,0,0,0,0,0,0,0,0,0,0,0,0,0,0,0,0
15,05,23,2,東京,9,10,是政特別1000,43,ダ,1,2100,良,16,05152910,12,0,7,22.9,5,0,1,4.5,15,0,14,65.0,1,0,3,5.0,3,0,2,4.6,2,0,6,11.3,4,0,5,6.8,6,0,9,30.3,13,0,10,41.2,9,0,12,51.0,10,0,11,43.0,7,0,13,55.6,8,0,16,214.4,0,4,4,6.5,11,0,15,103.6,14,0,8,25.7,,,,,,,,,4,500,0,0,0,0,4,200,6,340,5,170,0,0,0,0,2,3,760,1, , ,0,0, , ,0,0,4,6,2570,11,0,0,0,0,0,0,0,0,4,6,990,11,4,5,530,3,5,6,1150,13,0,0,0,0,0,0,0,0,0,0,0,0,0,0,0,0,4,6,4450,21,0,0,0,0,0,0,0,0,0,0,0,0,0,0,0,0,0,0,0,0,4,5,6,4360,12,0,0,0,0,0,0,0,0,0,0,4,6,5,24960,75,0,0,0,0,0,0,0,0,0,0,0,0,0,0,0,0,0,0,0,0,0,0,0,0,0
15,05,23,2,東京,9,11,モンゴルＨ,131,芝,0,1800,良,18,05152911,7,0,6,10.0,11,0,12,61.8,9,0,9,34.0,10,0,16,305.3,6,0,4,8.9,15,0,14,141.7,3,0,11,48.8,0,1,0,0.0,8,0,15,226.1,16,0,8,18.6,4,0,5,9.0,2,0,13,98.4,13,0,2,5.5,14,0,10,43.0,17,0,17,407.7,5,0,3,7.6,12,0,7,14.9,1,0,1,2.6,18,260,0,0,0,0,18,150,12,1740,7,980,0,0,0,0,6,8,990,5, , ,0,0, , ,0,0,12,18,18390,45,0,0,0,0,0,0,0,0,12,18,4910,49,7,18,3080,35,7,12,24980,98,0,0,0,0,0,0,0,0,0,0,0,0,0,0,0,0,18,12,22830,66,0,0,0,0,0,0,0,0,0,0,0,0,0,0,0,0,0,0,0,0,7,12,18,201950,282,0,0,0,0,0,0,0,0,0,0,18,12,7,845900,1257,0,0,0,0,0,0,0,0,0,0,0,0,0,0,0,0,0,0,0,0,0,0,0,0,0
15,05,23,2,東京,9,12,1000万下,43,芝,0,1400,良,18,05152912,1,0,1,3.1,16,0,16,130.6,18,0,17,185.1,4,0,15,82.4,17,0,12,68.0,3,0,4,6.9,10,0,10,36.4,5,0,11,59.5,9,0,18,224.6,2,0,2,5.5,15,0,9,28.9,6,0,7,14.3,8,0,3,5.9,11,0,6,11.9,7,0,8,26.7,14,0,13,69.6,12,0,5,10.3,13,0,14,73.1,1,310,0,0,0,0,1,140,10,170,6,190,0,0,0,0,1,5,930,2, , ,0,0, , ,0,0,1,10,950,1,0,0,0,0,0,0,0,0,1,10,380,1,1,6,460,3,6,10,790,6,0,0,0,0,0,0,0,0,0,0,0,0,0,0,0,0,1,10,1490,1,0,0,0,0,0,0,0,0,0,0,0,0,0,0,0,0,0,0,0,0,1,6,10,2150,2,0,0,0,0,0,0,0,0,0,0,1,10,6,7930,4,0,0,0,0,0,0,0,0,0,0,0,0,0,0,0,0,0,0,0,0,0,0,0,0,0
15,05,24,2,東京,10,01,未勝利・牝,7,ダ,1,1400,良,16,05152A01,7,0,5,10.2,10,0,10,89.3,4,0,12,100.5,14,0,11,90.9,2,0,8,16.8,13,0,16,332.2,8,0,6,10.5,5,0,7,13.7,3,0,4,7.7,9,0,3,5.7,15,0,15,241.1,12,0,9,88.5,11,0,13,162.3,6,0,1,3.4,1,0,2,3.7,16,0,14,208.4,,,,,,,,,15,370,0,0,0,0,15,170,5,430,9,240,0,0,0,0,3,8,5510,14, , ,0,0, , ,0,0,5,15,4360,19,0,0,0,0,0,0,0,0,5,15,1380,21,9,15,540,4,5,9,1860,24,0,0,0,0,0,0,0,0,0,0,0,0,0,0,0,0,15,5,6890,29,0,0,0,0,0,0,0,0,0,0,0,0,0,0,0,0,0,0,0,0,5,9,15,8370,29,0,0,0,0,0,0,0,0,0,0,15,5,9,51930,184,0,0,0,0,0,0,0,0,0,0,0,0,0,0,0,0,0,0,0,0,0,0,0,0,0
15,05,24,2,東京,10,02,未勝利,7,ダ,1,1300,良,16,05152A02,4,0,5,9.3,8,0,3,6.4,6,0,4,7.8,1,0,2,3.7,5,0,12,89.9,12,0,11,74.1,14,0,15,254.6,7,0,6,15.9,11,0,7,17.8,3,0,1,2.9,10,0,13,104.0,2,0,8,18.9,13,0,10,73.0,15,0,16,257.1,16,0,9,50.6,9,0,14,107.1,,,,,,,,,4,370,0,0,0,0,4,130,12,260,10,130,0,0,0,0,2,6,1520,4, , ,0,0, , ,0,0,4,12,2370,11,0,0,0,0,0,0,0,0,4,12,700,9,4,10,220,1,10,12,660,8,0,0,0,0,0,0,0,0,0,0,0,0,0,0,0,0,4,12,3570,17,0,0,0,0,0,0,0,0,0,0,0,0,0,0,0,0,0,0,0,0,4,10,12,1740,4,0,0,0,0,0,0,0,0,0,0,4,12,10,10850,25,0,0,0,0,0,0,0,0,0,0,0,0,0,0,0,0,0,0,0,0,0,0,0,0,0
15,05,24,2,東京,10,03,未勝利,7,ダ,1,1600,良,16,05152A03,3,0,6,23.5,13,0,10,69.1,11,0,16,360.1,8,0,4,14.6,4,0,8,61.0,10,0,11,105.2,12,0,9,64.3,5,0,3,5.5,7,0,7,32.4,6,0,5,15.6,15,0,13,239.3,16,0,14,260.9,9,0,12,145.7,14,0,15,317.7,2,0,1,1.7,1,0,2,4.9,,,,,,,,,16,490,0,0,0,0,16,150,15,110,1,300,0,0,0,0,8,8,410,2, , ,0,0, , ,0,0,15,16,380,1,0,0,0,0,0,0,0,0,15,16,210,1,1,16,1070,12,1,15,490,5,0,0,0,0,0,0,0,0,0,0,0,0,0,0,0,0,16,15,830,3,0,0,0,0,0,0,0,0,0,0,0,0,0,0,0,0,0,0,0,0,1,15,16,1590,4,0,0,0,0,0,0,0,0,0,0,16,15,1,6940,18,0,0,0,0,0,0,0,0,0,0,0,0,0,0,0,0,0,0,0,0,0,0,0,0,0
15,05,24,2,東京,10,04,未勝利,7,芝,0,2400,良,16,05152A04,9,0,13,127.3,5,0,5,12.0,4,0,2,4.1,10,0,4,9.9,3,0,6,14.8,6,0,8,22.2,16,0,12,57.5,1,0,3,6.6,7,0,10,47.9,8,0,7,16.5,15,0,14,252.8,12,0,16,526.6,11,0,9,42.1,14,0,15,279.1,13,0,11,56.2,2,0,1,2.4,,,,,,,,,8,660,0,0,0,0,8,210,16,120,5,340,0,0,0,0,4,8,810,3, , ,0,0, , ,0,0,8,16,930,2,0,0,0,0,0,0,0,0,8,16,400,2,5,8,1950,22,5,16,740,7,0,0,0,0,0,0,0,0,0,0,0,0,0,0,0,0,8,16,2560,6,0,0,0,0,0,0,0,0,0,0,0,0,0,0,0,0,0,0,0,0,5,8,16,5080,14,0,0,0,0,0,0,0,0,0,0,8,16,5,30520,88,0,0,0,0,0,0,0,0,0,0,0,0,0,0,0,0,0,0,0,0,0,0,0,0,0
15,05,24,2,東京,10,05,500万下*,23,ダ,1,2100,良,10,05152A05,10,0,2,4.3,4,0,5,10.5,8,0,9,32.7,6,0,6,14.5,2,0,7,19.7,1,0,8,21.2,5,0,4,6.9,7,0,10,40.7,3,0,1,2.8,9,0,3,4.7,,,,,,,,,,,,,,,,,,,,,,,,,,,,,,,,,6,2120,0,0,0,0,6,500,5,480,9,170,0,0,0,0,5,6,9390,21, , ,0,0, , ,0,0,5,6,12480,35,0,0,0,0,0,0,0,0,5,6,3600,36,6,9,1300,18,5,9,1090,12,0,0,0,0,0,0,0,0,0,0,0,0,0,0,0,0,6,5,34630,77,0,0,0,0,0,0,0,0,0,0,0,0,0,0,0,0,0,0,0,0,5,6,9,16960,54,0,0,0,0,0,0,0,0,0,0,6,5,9,185600,466,0,0,0,0,0,0,0,0,0,0,0,0,0,0,0,0,0,0,0,0,0,0,0,0,0
15,05,24,2,東京,10,06,500万下*,23,芝,0,1600,良,11,05152A06,2,0,3,6.8,3,0,2,4.3,5,0,8,119.4,8,0,11,292.7,10,0,9,187.6,1,0,4,11.4,6,0,7,35.6,7,0,6,23.3,9,0,10,229.4,4,0,5,12.9,0,4,1,1.6,,,,,,,,,,,,,,,,,,,,,,,,,,,,,6,1140,0,0,0,0,6,520,1,370,2,240,0,0,0,0,1,6,2790,8, , ,0,0, , ,0,0,1,6,3700,12,0,0,0,0,0,0,0,0,1,6,870,12,2,6,580,6,1,2,390,4,0,0,0,0,0,0,0,0,0,0,0,0,0,0,0,0,6,1,8050,21,0,0,0,0,0,0,0,0,0,0,0,0,0,0,0,0,0,0,0,0,1,2,6,3440,11,0,0,0,0,0,0,0,0,0,0,6,1,2,32280,88,0,0,0,0,0,0,0,0,0,0,0,0,0,0,0,0,0,0,0,0,0,0,0,0,0
15,05,24,2,東京,10,07,500万下,23,芝,0,2000,良,18,05152A07,10,0,4,7.3,4,0,9,25.5,15,0,11,33.9,14,0,18,394.8,7,0,8,17.3,6,0,12,41.7,1,0,1,3.4,9,0,10,29.4,12,0,5,7.8,17,0,16,246.7,18,0,13,80.3,5,0,3,7.0,13,0,15,203.2,16,0,17,323.7,8,0,2,6.0,2,0,6,9.3,11,0,14,114.4,3,0,7,14.8,7,340,0,0,0,0,7,160,16,280,18,400,0,0,0,0,4,8,850,1, , ,0,0, , ,0,0,7,16,1820,3,0,0,0,0,0,0,0,0,7,16,710,4,7,18,1290,13,16,18,1610,21,0,0,0,0,0,0,0,0,0,0,0,0,0,0,0,0,7,16,2840,5,0,0,0,0,0,0,0,0,0,0,0,0,0,0,0,0,0,0,0,0,7,16,18,7270,18,0,0,0,0,0,0,0,0,0,0,7,16,18,32640,70,0,0,0,0,0,0,0,0,0,0,0,0,0,0,0,0,0,0,0,0,0,0,0,0,0
15,05,24,2,東京,10,08,立川特別1000,43,ダ,1,1400,良,16,05152A08,4,0,5,13.9,8,0,3,6.3,2,0,7,17.9,10,0,14,97.3,3,0,1,2.3,1,0,9,25.3,7,0,8,21.7,14,0,13,65.6,5,0,2,4.8,13,0,16,349.9,6,0,6,15.9,16,0,12,53.7,12,0,15,267.1,11,0,10,26.0,9,0,11,49.4,15,0,4,13.3,,,,,,,,,6,2530,0,0,0,0,6,590,3,470,5,150,0,0,0,0,2,3,1780,6, , ,0,0, , ,0,0,3,6,18560,51,0,0,0,0,0,0,0,0,3,6,4550,48,5,6,1520,16,3,5,930,8,0,0,0,0,0,0,0,0,0,0,0,0,0,0,0,0,6,3,39540,102,0,0,0,0,0,0,0,0,0,0,0,0,0,0,0,0,0,0,0,0,3,5,6,16150,50,0,0,0,0,0,0,0,0,0,0,6,3,5,190310,542,0,0,0,0,0,0,0,0,0,0,0,0,0,0,0,0,0,0,0,0,0,0,0,0,0
15,05,24,2,東京,10,09,テレ玉杯1000,43,芝,0,1800,良,11,05152A09,9,0,2,4.5,1,0,5,6.7,5,0,7,16.5,7,0,9,29.8,8,0,11,165.7,10,0,8,27.2,4,0,3,4.9,6,0,10,95.7,3,0,4,5.5,0,4,1,4.1,2,0,6,9.2,,,,,,,,,,,,,,,,,,,,,,,,,,,,,2,670,0,0,0,0,2,230,11,260,9,200,0,0,0,0,2,8,1230,7, , ,0,0, , ,0,0,2,11,3350,15,0,0,0,0,0,0,0,0,2,11,940,15,2,9,480,4,9,11,710,12,0,0,0,0,0,0,0,0,0,0,0,0,0,0,0,0,2,11,6340,31,0,0,0,0,0,0,0,0,0,0,0,0,0,0,0,0,0,0,0,0,2,9,11,3780,17,0,0,0,0,0,0,0,0,0,0,2,11,9,24820,110,0,0,0,0,0,0,0,0,0,0,0,0,0,0,0,0,0,0,0,0,0,0,0,0,0
15,05,24,2,東京,10,10,フリーウ1600,67,芝,0,1400,良,14,05152A10,11,0,11,41.6,9,0,9,22.5,2,0,6,12.2,5,0,7,14.8,6,0,10,27.0,1,0,1,3.8,12,0,8,16.8,14,0,12,83.9,4,0,4,6.1,8,0,13,111.2,3,0,3,5.7,7,0,2,4.4,10,0,5,11.0,13,0,14,121.9,,,,,,,,,,,,,,,,,6,380,0,0,0,0,6,170,3,290,11,220,0,0,0,0,3,4,1290,6, , ,0,0, , ,0,0,3,6,2430,10,0,0,0,0,0,0,0,0,3,6,830,8,6,11,680,5,3,11,1350,17,0,0,0,0,0,0,0,0,0,0,0,0,0,0,0,0,6,3,3790,14,0,0,0,0,0,0,0,0,0,0,0,0,0,0,0,0,0,0,0,0,3,6,11,6170,18,0,0,0,0,0,0,0,0,0,0,6,3,11,24310,64,0,0,0,0,0,0,0,0,0,0,0,0,0,0,0,0,0,0,0,0,0,0,0,0,0
15,05,24,2,東京,10,11,優駿牝馬G1,195,芝,0,2400,良,18,05152A11,10,0,2,6.0,8,0,12,37.6,0,1,0,0.0,7,0,4,8.8,17,0,9,25.5,9,0,5,9.3,12,0,8,20.1,6,0,14,148.4,16,0,10,25.8,1,0,3,6.8,14,0,16,209.5,4,0,13,120.9,5,0,7,17.7,2,0,1,2.7,15,0,17,216.4,13,0,15,198.3,3,0,6,11.8,11,0,11,35.2,10,680,0,0,0,0,10,210,14,160,17,300,0,0,0,0,5,7,780,1, , ,0,0, , ,0,0,10,14,1160,1,0,0,0,0,0,0,0,0,10,14,510,1,10,17,1020,10,14,17,890,7,0,0,0,0,0,0,0,0,0,0,0,0,0,0,0,0,10,14,3030,6,0,0,0,0,0,0,0,0,0,0,0,0,0,0,0,0,0,0,0,0,10,14,17,4140,7,0,0,0,0,0,0,0,0,0,0,10,14,17,20150,24,0,0,0,0,0,0,0,0,0,0,0,0,0,0,0,0,0,0,0,0,0,0,0,0,0
15,05,24,2,東京,10,12,丹沢ＳＨ1600,67,ダ,1,2100,良,16,05152A12,10,0,12,79.9,15,0,16,125.1,14,0,14,111.2,5,0,5,6.9,11,0,8,20.6,9,0,2,4.9,7,0,13,104.9,6,0,6,11.4,16,0,15,123.7,8,0,10,62.9,1,0,1,3.8,2,0,4,5.9,13,0,3,5.7,4,0,11,71.6,12,0,9,57.9,3,0,7,13.4,,,,,,,,,11,380,0,0,0,0,11,160,12,210,16,330,0,0,0,0,6,6,1210,5, , ,0,0, , ,0,0,11,12,1180,3,0,0,0,0,0,0,0,0,11,12,520,4,11,16,940,10,12,16,1240,16,0,0,0,0,0,0,0,0,0,0,0,0,0,0,0,0,11,12,2290,5,0,0,0,0,0,0,0,0,0,0,0,0,0,0,0,0,0,0,0,0,11,12,16,5280,17,0,0,0,0,0,0,0,0,0,0,11,12,16,19340,52,0,0,0,0,0,0,0,0,0,0,0,0,0,0,0,0,0,0,0,0,0,0,0,0,0
