15,04,25,3,ãûìs,1,01,ñ¢èüóòÅEñƒ,7,É_,1,1800,ó«,16,08153101,15,0,15,194.8,11,0,11,96.0,7,0,4,8.0,6,0,10,87.6,4,0,3,5.4,13,0,14,171.2,3,0,9,45.2,10,0,12,139.0,12,0,13,145.6,5,0,2,4.8,14,0,1,2.4,1,0,6,16.0,16,0,16,374.9,8,0,7,22.2,9,0,8,29.2,2,0,5,9.2,,,,,,,,,12,1600,0,0,0,0,12,550,16,310,7,990,0,0,0,0,6,8,800,3, , ,0,0, , ,0,0,12,16,7470,26,0,0,0,0,0,0,0,0,12,16,2660,27,7,12,6950,45,7,16,3920,33,0,0,0,0,0,0,0,0,0,0,0,0,0,0,0,0,12,16,15290,49,0,0,0,0,0,0,0,0,0,0,0,0,0,0,0,0,0,0,0,0,7,12,16,86850,155,0,0,0,0,0,0,0,0,0,0,12,16,7,450320,815,0,0,0,0,0,0,0,0,0,0,0,0,0,0,0,0,0,0,0,0,0,0,0,0,0
15,04,25,3,ãûìs,1,02,ñ¢èüóò,7,É_,1,1400,ó«,16,08153102,10,0,13,271.3,3,0,6,12.8,6,0,8,32.5,16,0,15,346.3,8,0,11,65.0,7,0,10,60.9,1,0,2,3.1,4,0,3,5.8,13,0,7,17.1,12,0,14,334.5,15,0,12,231.8,9,0,16,363.4,2,0,1,3.1,14,0,9,50.7,5,0,5,12.7,11,0,4,7.6,,,,,,,,,7,310,0,0,0,0,7,130,13,140,2,230,0,0,0,0,4,7,410,1, , ,0,0, , ,0,0,7,13,620,2,0,0,0,0,0,0,0,0,7,13,240,1,2,7,580,6,2,13,690,9,0,0,0,0,0,0,0,0,0,0,0,0,0,0,0,0,7,13,1190,2,0,0,0,0,0,0,0,0,0,0,0,0,0,0,0,0,0,0,0,0,2,7,13,1980,4,0,0,0,0,0,0,0,0,0,0,7,13,2,7670,10,0,0,0,0,0,0,0,0,0,0,0,0,0,0,0,0,0,0,0,0,0,0,0,0,0
15,04,25,3,ãûìs,1,03,ñ¢èüóò,7,É_,1,1900,ó«,16,08153103,6,0,4,9.7,13,0,15,329.2,11,0,16,438.0,4,0,1,2.3,14,0,12,171.5,5,0,2,3.8,15,0,11,141.1,9,0,8,47.3,10,0,7,24.4,8,0,10,132.3,1,0,6,10.1,2,0,3,6.5,7,0,9,68.2,12,0,14,258.4,16,0,13,202.6,3,0,5,9.7,,,,,,,,,11,1010,0,0,0,0,11,300,12,220,16,320,0,0,0,0,6,6,3260,11, , ,0,0, , ,0,0,11,12,3250,11,0,0,0,0,0,0,0,0,11,12,860,10,11,16,1090,13,12,16,1140,15,0,0,0,0,0,0,0,0,0,0,0,0,0,0,0,0,11,12,6950,24,0,0,0,0,0,0,0,0,0,0,0,0,0,0,0,0,0,0,0,0,11,12,16,7650,23,0,0,0,0,0,0,0,0,0,0,11,12,16,52360,145,0,0,0,0,0,0,0,0,0,0,0,0,0,0,0,0,0,0,0,0,0,0,0,0,0
15,04,25,3,ãûìs,1,04,ñ¢èüóòÅEñƒ,7,é≈,8,1800,ó«,18,08153104,7,0,3,5.4,16,0,17,321.2,1,0,2,4.5,17,0,7,24.7,5,0,9,30.7,18,0,15,202.6,15,0,12,77.9,4,0,10,33.7,13,0,11,48.3,10,0,16,234.4,11,0,14,179.2,14,0,5,10.5,3,0,1,2.8,9,0,4,8.9,12,0,18,438.7,8,0,13,171.1,6,0,8,26.8,2,0,6,11.9,3,450,0,0,0,0,3,140,18,240,13,130,0,0,0,0,2,8,1500,6, , ,0,0, , ,0,0,3,18,2550,9,0,0,0,0,0,0,0,0,3,18,810,9,3,13,310,1,13,18,650,6,0,0,0,0,0,0,0,0,0,0,0,0,0,0,0,0,3,18,4930,16,0,0,0,0,0,0,0,0,0,0,0,0,0,0,0,0,0,0,0,0,3,13,18,2190,4,0,0,0,0,0,0,0,0,0,0,3,18,13,16600,36,0,0,0,0,0,0,0,0,0,0,0,0,0,0,0,0,0,0,0,0,0,0,0,0,0
15,04,25,3,ãûìs,1,05,ñ¢èüóò,7,é≈,8,2200,ó«,16,08153105,4,0,1,3.2,2,0,4,5.4,8,0,6,13.9,1,0,2,4.5,10,0,13,287.1,12,0,15,387.5,13,0,12,285.9,14,0,7,20.9,16,0,8,21.7,15,0,14,340.8,5,0,9,54.7,6,0,3,4.8,11,0,16,422.5,9,0,11,215.2,7,0,5,8.5,3,0,10,80.6,,,,,,,,,4,450,0,0,0,0,4,160,2,200,16,1920,0,0,0,0,1,2,370,1, , ,0,0, , ,0,0,2,4,990,3,0,0,0,0,0,0,0,0,2,4,500,5,4,16,5260,34,2,16,6950,40,0,0,0,0,0,0,0,0,0,0,0,0,0,0,0,0,4,2,1630,3,0,0,0,0,0,0,0,0,0,0,0,0,0,0,0,0,0,0,0,0,2,4,16,26330,59,0,0,0,0,0,0,0,0,0,0,4,2,16,87900,242,0,0,0,0,0,0,0,0,0,0,0,0,0,0,0,0,0,0,0,0,0,0,0,0,0
15,04,25,3,ãûìs,1,06,500ñúâ∫*,23,É_,1,1800,ó«,13,08153106,5,0,11,60.9,11,0,13,301.2,7,0,12,97.2,2,0,5,13.7,8,0,7,20.6,9,0,10,43.2,13,0,2,5.1,10,0,8,25.5,3,0,6,18.3,12,0,1,2.2,1,0,9,28.1,4,0,4,7.1,6,0,3,5.7,,,,,,,,,,,,,,,,,,,,,11,2810,0,0,0,0,11,590,4,370,9,530,0,0,0,0,4,7,970,5, , ,0,0, , ,0,0,4,11,13010,34,0,0,0,0,0,0,0,0,4,11,3390,33,9,11,4860,47,4,9,1960,23,0,0,0,0,0,0,0,0,0,0,0,0,0,0,0,0,11,4,30590,74,0,0,0,0,0,0,0,0,0,0,0,0,0,0,0,0,0,0,0,0,4,9,11,47200,116,0,0,0,0,0,0,0,0,0,0,11,4,9,287290,644,0,0,0,0,0,0,0,0,0,0,0,0,0,0,0,0,0,0,0,0,0,0,0,0,0
15,04,25,3,ãûìs,1,07,500ñúâ∫*,23,é≈,0,1600,ó«,12,08153107,8,0,12,337.4,2,0,4,7.3,5,0,6,16.4,4,0,7,20.6,6,0,8,36.3,7,0,3,6.7,3,0,1,2.1,9,0,10,184.6,1,0,2,4.3,10,0,5,9.5,12,0,9,63.8,11,0,11,203.3,,,,,,,,,,,,,,,,,,,,,,,,,9,430,0,0,0,0,9,130,2,150,7,110,0,0,0,0,2,7,1340,5, , ,0,0, , ,0,0,2,9,1340,5,0,0,0,0,0,0,0,0,2,9,380,5,7,9,200,1,2,7,300,3,0,0,0,0,0,0,0,0,0,0,0,0,0,0,0,0,9,2,2430,7,0,0,0,0,0,0,0,0,0,0,0,0,0,0,0,0,0,0,0,0,2,7,9,810,2,0,0,0,0,0,0,0,0,0,0,9,2,7,7590,21,0,0,0,0,0,0,0,0,0,0,0,0,0,0,0,0,0,0,0,0,0,0,0,0,0
15,04,25,3,ãûìs,1,08,500ñúâ∫,23,É_,1,1400,ó«,16,08153108,2,0,11,36.0,5,0,5,14.2,4,0,3,7.9,8,0,16,326.7,12,0,14,195.6,1,0,2,5.5,3,0,1,2.3,16,0,15,307.1,14,0,12,43.8,10,0,6,14.7,11,0,9,26.8,9,0,13,158.6,6,0,7,16.1,7,0,10,30.4,13,0,4,8.6,15,0,8,16.8,,,,,,,,,6,550,0,0,0,0,6,170,1,530,7,120,0,0,0,0,1,3,3480,13, , ,0,0, , ,0,0,1,6,9880,31,0,0,0,0,0,0,0,0,1,6,2300,30,6,7,260,1,1,7,1440,15,0,0,0,0,0,0,0,0,0,0,0,0,0,0,0,0,6,1,13990,47,0,0,0,0,0,0,0,0,0,0,0,0,0,0,0,0,0,0,0,0,1,6,7,5360,17,0,0,0,0,0,0,0,0,0,0,6,1,7,50260,154,0,0,0,0,0,0,0,0,0,0,0,0,0,0,0,0,0,0,0,0,0,0,0,0,0
15,04,25,3,ãûìs,1,09,î‰ó«éRì¡1000,43,é≈,8,2200,ó«,10,08153109,7,0,9,80.1,9,0,8,44.2,8,0,6,22.2,5,0,3,7.3,3,0,4,12.4,0,3,0,0.0,6,0,2,4.9,2,0,7,41.6,1,0,1,1.4,4,0,5,17.8,,,,,,,,,,,,,,,,,,,,,,,,,,,,,,,,,9,140,0,0,0,0,9,110,8,460,5,170,0,0,0,0,7,8,320,1, , ,0,0, , ,0,0,8,9,3400,10,0,0,0,0,0,0,0,0,8,9,1000,11,5,9,280,3,5,8,3010,26,0,0,0,0,0,0,0,0,0,0,0,0,0,0,0,0,9,8,4580,16,0,0,0,0,0,0,0,0,0,0,0,0,0,0,0,0,0,0,0,0,5,8,9,5750,17,0,0,0,0,0,0,0,0,0,0,9,8,5,21830,64,0,0,0,0,0,0,0,0,0,0,0,0,0,0,0,0,0,0,0,0,0,0,0,0,0
15,04,25,3,ãûìs,1,10,ãkÇr,131,é≈,8,1400,ó«,12,08153110,1,0,2,4.8,7,0,5,8.7,2,0,1,3.3,3,0,9,16.4,5,0,11,24.8,6,0,8,15.5,11,0,6,13.6,12,0,12,368.8,9,0,7,14.1,4,0,3,6.8,8,0,4,8.3,10,0,10,18.1,,,,,,,,,,,,,,,,,,,,,,,,,1,480,0,0,0,0,1,180,3,140,4,350,0,0,0,0,1,3,1010,4, , ,0,0, , ,0,0,1,3,1010,1,0,0,0,0,0,0,0,0,1,3,430,1,1,4,1430,22,3,4,840,8,0,0,0,0,0,0,0,0,0,0,0,0,0,0,0,0,1,3,2140,2,0,0,0,0,0,0,0,0,0,0,0,0,0,0,0,0,0,0,0,0,1,3,4,5960,16,0,0,0,0,0,0,0,0,0,0,1,3,4,30270,81,0,0,0,0,0,0,0,0,0,0,0,0,0,0,0,0,0,0,0,0,0,0,0,0,0
15,04,25,3,ãûìs,1,11,ã—Çr1600,67,é≈,8,1600,ó«,8,08153111,3,0,2,2.7,5,0,6,25.8,2,0,1,2.1,4,0,8,49.6,7,0,3,6.1,1,0,4,8.5,6,0,5,16.8,8,0,7,34.1,,,,,,,,,,,,,,,,,,,,,,,,,,,,,,,,,,,,,,,,,6,850,0,0,0,0,6,140,3,110,1,110,0,0,0,0,0,0,0,0, , ,0,0, , ,0,0,3,6,1050,4,0,0,0,0,0,0,0,0,3,6,260,3,1,6,280,5,1,3,140,1,0,0,0,0,0,0,0,0,0,0,0,0,0,0,0,0,6,3,2880,9,0,0,0,0,0,0,0,0,0,0,0,0,0,0,0,0,0,0,0,0,1,3,6,520,2,0,0,0,0,0,0,0,0,0,0,6,3,1,6260,19,0,0,0,0,0,0,0,0,0,0,0,0,0,0,0,0,0,0,0,0,0,0,0,0,0
15,04,25,3,ãûìs,1,12,1000ñúâ∫,43,É_,1,1400,ó«,16,08153112,8,0,15,201.3,2,0,5,11.5,4,0,1,2.3,10,0,16,330.8,11,0,9,68.0,5,0,2,3.6,1,0,3,5.2,3,0,4,9.2,7,0,8,58.8,11,0,10,129.5,15,0,11,130.7,14,0,7,32.0,13,0,14,197.9,6,0,6,18.1,9,0,12,144.9,16,0,13,170.5,,,,,,,,,7,520,0,0,0,0,7,200,2,300,8,220,0,0,0,0,1,4,1550,5, , ,0,0, , ,0,0,2,7,2550,10,0,0,0,0,0,0,0,0,2,7,880,9,7,8,740,8,2,8,980,11,0,0,0,0,0,0,0,0,0,0,0,0,0,0,0,0,7,2,4400,17,0,0,0,0,0,0,0,0,0,0,0,0,0,0,0,0,0,0,0,0,2,7,8,5340,15,0,0,0,0,0,0,0,0,0,0,7,2,8,28340,85,0,0,0,0,0,0,0,0,0,0,0,0,0,0,0,0,0,0,0,0,0,0,0,0,0
15,04,26,3,ãûìs,2,01,ñ¢èüóòÅEñƒ,7,É_,1,1400,ó«,16,08153201,6,0,7,33.6,14,0,12,90.2,13,0,11,62.3,4,0,5,16.9,10,0,9,47.0,3,0,2,4.5,9,0,13,191.9,11,0,6,22.8,7,0,10,60.4,8,0,8,42.9,15,0,14,194.6,0,3,0,0.0,2,0,3,5.4,12,0,15,265.7,5,0,4,9.4,1,0,1,1.9,,,,,,,,,16,190,0,0,0,0,16,110,13,130,6,120,0,0,0,0,7,8,400,2, , ,0,0, , ,0,0,13,16,510,2,0,0,0,0,0,0,0,0,13,16,200,2,6,16,160,1,6,13,300,3,0,0,0,0,0,0,0,0,0,0,0,0,0,0,0,0,16,13,780,2,0,0,0,0,0,0,0,0,0,0,0,0,0,0,0,0,0,0,0,0,6,13,16,500,1,0,0,0,0,0,0,0,0,0,0,16,13,6,1810,2,0,0,0,0,0,0,0,0,0,0,0,0,0,0,0,0,0,0,0,0,0,0,0,0,0
15,04,26,3,ãûìs,2,02,ñ¢èüóò,7,É_,1,1800,ó«,16,08153202,3,0,9,45.8,16,0,11,58.1,5,0,10,49.1,9,0,15,326.6,15,0,12,107.3,8,0,1,3.9,12,0,13,119.3,11,0,14,239.8,14,0,3,6.1,6,0,7,11.6,7,0,6,8.3,1,0,5,7.9,13,0,16,380.2,4,0,4,6.1,10,0,8,20.7,2,0,2,4.9,,,,,,,,,12,790,0,0,0,0,12,300,16,200,1,1110,0,0,0,0,6,8,820,3, , ,0,0, , ,0,0,12,16,2080,8,0,0,0,0,0,0,0,0,12,16,800,10,1,12,5110,44,1,16,2850,26,0,0,0,0,0,0,0,0,0,0,0,0,0,0,0,0,12,16,4750,25,0,0,0,0,0,0,0,0,0,0,0,0,0,0,0,0,0,0,0,0,1,12,16,27390,71,0,0,0,0,0,0,0,0,0,0,12,16,1,132570,391,0,0,0,0,0,0,0,0,0,0,0,0,0,0,0,0,0,0,0,0,0,0,0,0,0
15,04,26,3,ãûìs,2,03,ñ¢èüóò,7,É_,1,1200,ó«,16,08153203,9,0,11,227.8,5,0,3,5.8,4,0,5,9.0,14,0,10,122.1,11,0,15,468.5,15,0,16,631.9,5,0,7,20.6,8,0,9,89.5,16,0,13,335.1,10,0,4,7.3,7,0,6,13.4,12,0,14,416.3,3,0,1,2.4,2,0,8,82.3,13,0,12,246.7,1,0,2,4.1,,,,,,,,,16,410,0,0,0,0,16,150,14,1100,13,120,0,0,0,0,7,8,370,1, , ,0,0, , ,0,0,14,16,15510,24,0,0,0,0,0,0,0,0,14,16,3330,24,13,16,190,1,13,14,2200,22,0,0,0,0,0,0,0,0,0,0,0,0,0,0,0,0,16,14,24470,47,0,0,0,0,0,0,0,0,0,0,0,0,0,0,0,0,0,0,0,0,13,14,16,7550,25,0,0,0,0,0,0,0,0,0,0,16,14,13,76050,194,0,0,0,0,0,0,0,0,0,0,0,0,0,0,0,0,0,0,0,0,0,0,0,0,0
15,04,26,3,ãûìs,2,04,ñ¢èüóò,7,é≈,0,1600,ó«,18,08153204,9,0,9,70.6,5,0,6,15.1,10,0,17,435.3,6,0,2,4.6,1,0,1,1.9,3,0,15,237.4,16,0,14,219.0,14,0,12,185.6,4,0,11,137.5,8,0,5,10.1,2,0,3,8.2,17,0,8,33.8,11,0,10,102.2,13,0,18,547.6,7,0,4,8.5,18,0,16,267.3,12,0,7,22.8,15,0,13,217.6,5,190,0,0,0,0,5,110,11,200,6,2480,0,0,0,0,3,6,570,2, , ,0,0, , ,0,0,5,11,670,2,0,0,0,0,0,0,0,0,5,11,350,3,5,6,4880,36,6,11,14770,59,0,0,0,0,0,0,0,0,0,0,0,0,0,0,0,0,5,11,950,2,0,0,0,0,0,0,0,0,0,0,0,0,0,0,0,0,0,0,0,0,5,6,11,25160,57,0,0,0,0,0,0,0,0,0,0,5,11,6,68220,176,0,0,0,0,0,0,0,0,0,0,0,0,0,0,0,0,0,0,0,0,0,0,0,0,0
15,04,26,3,ãûìs,2,05,ñ¢èüóò,7,é≈,0,2000,ó«,18,08153205,11,0,16,276.2,4,0,5,8.2,8,0,8,12.7,6,0,6,8.4,7,0,7,11.9,14,0,11,70.1,17,0,12,82.4,1,0,1,3.6,9,0,10,48.9,3,0,3,6.5,18,0,15,206.8,12,0,9,14.9,16,0,13,181.2,2,0,4,7.9,15,0,14,186.4,10,0,18,500.2,5,0,2,6.2,13,0,17,290.9,8,360,0,0,0,0,8,150,14,240,10,190,0,0,0,0,4,7,1340,4, , ,0,0, , ,0,0,8,14,1690,3,0,0,0,0,0,0,0,0,8,14,680,3,8,10,570,2,10,14,700,4,0,0,0,0,0,0,0,0,0,0,0,0,0,0,0,0,8,14,2780,4,0,0,0,0,0,0,0,0,0,0,0,0,0,0,0,0,0,0,0,0,8,10,14,2880,1,0,0,0,0,0,0,0,0,0,0,8,14,10,14010,9,0,0,0,0,0,0,0,0,0,0,0,0,0,0,0,0,0,0,0,0,0,0,0,0,0
15,04,26,3,ãûìs,2,06,500ñúâ∫*,23,É_,1,1400,ó«,11,08153206,6,0,5,9.5,10,0,10,177.1,7,0,7,34.6,5,0,11,272.0,8,0,9,63.9,2,0,3,6.9,1,0,6,21.8,9,0,1,1.9,4,0,2,4.1,11,0,8,34.7,3,0,4,8.9,,,,,,,,,,,,,,,,,,,,,,,,,,,,,7,2180,0,0,0,0,7,590,6,330,11,310,0,0,0,0,6,6,5220,10, , ,0,0, , ,0,0,6,7,5380,15,0,0,0,0,0,0,0,0,6,7,1570,16,7,11,1560,15,6,11,650,8,0,0,0,0,0,0,0,0,0,0,0,0,0,0,0,0,7,6,14980,35,0,0,0,0,0,0,0,0,0,0,0,0,0,0,0,0,0,0,0,0,6,7,11,9810,27,0,0,0,0,0,0,0,0,0,0,7,6,11,82700,205,0,0,0,0,0,0,0,0,0,0,0,0,0,0,0,0,0,0,0,0,0,0,0,0,0
15,04,26,3,ãûìs,2,07,500ñúâ∫,23,é≈,8,2400,ó«,10,08153207,9,0,1,3.0,2,0,5,7.2,3,0,4,6.1,8,0,7,15.3,6,0,8,55.8,10,0,6,8.5,7,0,10,127.7,5,0,9,108.4,4,0,3,5.9,1,0,2,4.2,,,,,,,,,,,,,,,,,,,,,,,,,,,,,,,,,10,420,0,0,0,0,10,160,2,200,3,200,0,0,0,0,2,8,740,2, , ,0,0, , ,0,0,2,10,1400,6,0,0,0,0,0,0,0,0,2,10,510,7,3,10,510,6,2,3,700,11,0,0,0,0,0,0,0,0,0,0,0,0,0,0,0,0,10,2,2630,12,0,0,0,0,0,0,0,0,0,0,0,0,0,0,0,0,0,0,0,0,2,3,10,2540,10,0,0,0,0,0,0,0,0,0,0,10,2,3,14290,49,0,0,0,0,0,0,0,0,0,0,0,0,0,0,0,0,0,0,0,0,0,0,0,0,0
15,04,26,3,ãûìs,2,08,500ñúâ∫,23,É_,1,1800,ó«,13,08153208,12,0,11,122.4,5,0,6,22.1,6,0,2,5.1,1,0,1,1.4,7,0,8,34.7,11,0,7,34.4,4,0,9,46.5,13,0,12,168.0,8,0,3,10.5,2,0,5,20.1,10,0,10,53.4,9,0,13,272.0,3,0,4,15.9,,,,,,,,,,,,,,,,,,,,,4,140,0,0,0,0,4,110,10,320,13,250,0,0,0,0,4,7,670,2, , ,0,0, , ,0,0,4,10,1100,5,0,0,0,0,0,0,0,0,4,10,500,5,4,13,420,3,10,13,2170,21,0,0,0,0,0,0,0,0,0,0,0,0,0,0,0,0,4,10,1200,6,0,0,0,0,0,0,0,0,0,0,0,0,0,0,0,0,0,0,0,0,4,10,13,3340,11,0,0,0,0,0,0,0,0,0,0,4,10,13,7240,16,0,0,0,0,0,0,0,0,0,0,0,0,0,0,0,0,0,0,0,0,0,0,0,0,0
15,04,26,3,ãûìs,2,09,Ç†Ç∏Ç≥è‹500*,23,é≈,8,2400,ó«,9,08153209,7,0,6,18.1,8,0,8,28.1,5,0,3,7.9,1,0,2,2.6,6,0,4,8.3,4,0,1,2.5,3,0,5,12.6,9,0,9,72.1,2,0,7,20.5,,,,,,,,,,,,,,,,,,,,,,,,,,,,,,,,,,,,,4,260,0,0,0,0,4,130,9,430,7,260,0,0,0,0,4,8,2100,9, , ,0,0, , ,0,0,4,9,2450,9,0,0,0,0,0,0,0,0,4,9,830,9,4,7,590,6,7,9,2520,25,0,0,0,0,0,0,0,0,0,0,0,0,0,0,0,0,4,9,4000,16,0,0,0,0,0,0,0,0,0,0,0,0,0,0,0,0,0,0,0,0,4,7,9,7070,24,0,0,0,0,0,0,0,0,0,0,4,9,7,34340,109,0,0,0,0,0,0,0,0,0,0,0,0,0,0,0,0,0,0,0,0,0,0,0,0,0
15,04,26,3,ãûìs,2,10,è„âÍñŒÇg1600,67,É_,1,1800,ó«,16,08153210,2,0,1,3.7,9,0,16,251.2,7,0,11,45.1,4,0,4,6.9,16,0,15,127.5,8,0,2,4.6,13,0,8,19.6,5,0,7,17.6,14,0,5,9.6,15,0,6,14.9,11,0,13,96.1,3,0,9,21.1,6,0,12,83.6,1,0,3,4.8,10,0,10,36.4,12,0,14,109.4,,,,,,,,,14,480,0,0,0,0,14,190,1,170,12,530,0,0,0,0,1,7,1090,2, , ,0,0, , ,0,0,1,14,1170,3,0,0,0,0,0,0,0,0,1,14,500,3,12,14,1420,15,1,12,1990,25,0,0,0,0,0,0,0,0,0,0,0,0,0,0,0,0,14,1,2370,6,0,0,0,0,0,0,0,0,0,0,0,0,0,0,0,0,0,0,0,0,1,12,14,7900,26,0,0,0,0,0,0,0,0,0,0,14,1,12,33150,97,0,0,0,0,0,0,0,0,0,0,0,0,0,0,0,0,0,0,0,0,0,0,0,0,0
15,04,26,3,ãûìs,2,11,É}ÉCÉâÅ[G2,179,é≈,8,1600,ó«,18,08153211,18,0,12,50.9,17,0,4,7.1,10,0,13,83.3,2,0,5,14.6,6,0,11,32.0,7,0,3,6.0,3,0,1,2.7,14,0,17,234.3,5,0,2,5.5,4,0,6,14.8,8,0,7,19.4,13,0,14,97.0,9,0,15,131.8,16,0,18,359.9,1,0,8,22.4,12,0,10,30.9,15,0,16,149.7,10,0,9,27.1,15,2240,0,0,0,0,15,500,4,340,7,140,0,0,0,0,2,7,9690,28, , ,0,0, , ,0,0,4,15,15340,42,0,0,0,0,0,0,0,0,4,15,4090,44,7,15,1120,10,4,7,690,5,0,0,0,0,0,0,0,0,0,0,0,0,0,0,0,0,15,4,32690,86,0,0,0,0,0,0,0,0,0,0,0,0,0,0,0,0,0,0,0,0,4,7,15,10350,32,0,0,0,0,0,0,0,0,0,0,15,4,7,98650,293,0,0,0,0,0,0,0,0,0,0,0,0,0,0,0,0,0,0,0,0,0,0,0,0,0
15,04,26,3,ãûìs,2,12,1000ñúâ∫,43,é≈,8,1600,ó«,15,08153212,1,0,2,4.8,15,0,14,297.4,4,0,5,7.1,7,0,4,6.8,8,0,10,53.2,3,0,1,3.5,2,0,3,6.0,6,0,9,42.7,14,0,13,188.4,5,0,11,128.7,10,0,7,12.2,11,0,12,142.5,13,0,15,446.9,9,0,6,8.6,12,0,8,20.9,,,,,,,,,,,,,1,480,0,0,0,0,1,160,7,160,6,150,0,0,0,0,1,4,560,1, , ,0,0, , ,0,0,1,7,1240,2,0,0,0,0,0,0,0,0,1,7,410,3,1,6,350,1,6,7,400,2,0,0,0,0,0,0,0,0,0,0,0,0,0,0,0,0,1,7,2500,5,0,0,0,0,0,0,0,0,0,0,0,0,0,0,0,0,0,0,0,0,1,6,7,1490,1,0,0,0,0,0,0,0,0,0,0,1,7,6,8250,5,0,0,0,0,0,0,0,0,0,0,0,0,0,0,0,0,0,0,0,0,0,0,0,0,0
15,05,02,3,ãûìs,3,01,ñ¢èüóò,7,É_,1,1400,ó«,16,08153301,2,0,6,17.2,3,0,8,51.2,0,4,12,136.3,14,0,16,451.3,11,0,10,93.1,13,0,13,158.2,9,0,9,62.2,1,0,2,4.1,7,0,4,7.7,12,0,5,9.7,8,0,14,280.1,5,0,7,27.7,4,0,1,2.2,6,0,11,118.3,10,0,15,314.7,15,0,3,6.3,,,,,,,,,8,410,0,0,0,0,8,230,1,1020,2,2090,0,0,0,0,1,4,2960,9, , ,0,0, , ,0,0,1,8,4080,13,0,0,0,0,0,0,0,0,1,8,1280,12,2,8,3300,26,1,2,11110,49,0,0,0,0,0,0,0,0,0,0,0,0,0,0,0,0,8,1,6080,18,0,0,0,0,0,0,0,0,0,0,0,0,0,0,0,0,0,0,0,0,1,2,8,55780,86,0,0,0,0,0,0,0,0,0,0,8,1,2,211880,367,0,0,0,0,0,0,0,0,0,0,0,0,0,0,0,0,0,0,0,0,0,0,0,0,0
15,05,02,3,ãûìs,3,02,ñ¢èüóò,7,É_,1,1800,ó«,16,08153302,11,0,12,154.9,15,0,10,82.0,10,0,15,526.2,7,0,3,5.6,3,0,1,2.1,5,0,8,32.9,12,0,14,272.1,1,0,6,18.2,14,0,9,62.3,9,0,16,573.3,2,0,5,9.2,13,0,11,102.0,4,0,4,8.4,16,0,13,246.3,6,0,2,5.2,8,0,7,18.9,,,,,,,,,8,1820,0,0,0,0,8,340,11,220,5,120,0,0,0,0,4,6,7300,20, , ,0,0, , ,0,0,8,11,8730,21,0,0,0,0,0,0,0,0,8,11,1890,21,5,8,630,6,5,11,430,4,0,0,0,0,0,0,0,0,0,0,0,0,0,0,0,0,8,11,17340,46,0,0,0,0,0,0,0,0,0,0,0,0,0,0,0,0,0,0,0,0,5,8,11,5110,19,0,0,0,0,0,0,0,0,0,0,8,11,5,58550,173,0,0,0,0,0,0,0,0,0,0,0,0,0,0,0,0,0,0,0,0,0,0,0,0,0
15,05,02,3,ãûìs,3,03,ñ¢èüóòÅEñƒ,7,é≈,0,1400,ó«,18,08153303,8,0,6,17.1,11,0,13,50.7,6,0,12,46.0,13,0,11,28.7,10,0,10,28.3,17,0,18,298.0,16,0,17,252.5,12,0,3,5.1,15,0,9,25.4,5,0,8,23.9,3,0,16,152.0,2,0,4,5.6,9,0,15,81.5,14,0,14,52.1,1,0,1,4.8,4,0,5,8.0,7,0,2,5.0,18,0,7,18.1,15,480,0,0,0,0,15,220,12,220,11,3680,0,0,0,0,6,7,1270,4, , ,0,0, , ,0,0,12,15,1830,6,0,0,0,0,0,0,0,0,12,15,870,8,11,15,12300,89,11,12,11720,87,0,0,0,0,0,0,0,0,0,0,0,0,0,0,0,0,15,12,3240,10,0,0,0,0,0,0,0,0,0,0,0,0,0,0,0,0,0,0,0,0,11,12,15,83110,214,0,0,0,0,0,0,0,0,0,0,15,12,11,207390,639,0,0,0,0,0,0,0,0,0,0,0,0,0,0,0,0,0,0,0,0,0,0,0,0,0
15,05,02,3,ãûìs,3,04,ñ¢èüóò,7,é≈,8,1800,ó«,18,08153304,6,0,6,29.5,12,0,13,207.1,3,0,4,7.1,7,0,11,85.5,14,0,17,595.6,1,0,3,6.7,2,0,1,1.7,4,0,2,5.3,8,0,7,35.9,18,0,12,125.1,13,0,8,49.4,5,0,5,16.0,10,0,15,234.5,17,0,16,356.4,15,0,10,78.9,11,0,14,220.6,9,0,9,65.0,16,0,18,779.7,6,670,0,0,0,0,6,130,7,110,3,150,0,0,0,0,3,4,370,1, , ,0,0, , ,0,0,6,7,470,2,0,0,0,0,0,0,0,0,6,7,230,2,3,6,490,6,3,7,280,3,0,0,0,0,0,0,0,0,0,0,0,0,0,0,0,0,6,7,1380,5,0,0,0,0,0,0,0,0,0,0,0,0,0,0,0,0,0,0,0,0,3,6,7,900,3,0,0,0,0,0,0,0,0,0,0,6,7,3,6700,14,0,0,0,0,0,0,0,0,0,0,0,0,0,0,0,0,0,0,0,0,0,0,0,0,0
15,05,02,3,ãûìs,3,05,500ñúâ∫ÅEñƒ*,23,É_,1,1400,ó«,12,08153305,4,0,2,4.0,10,0,6,9.9,7,0,12,227.4,3,0,9,31.5,9,0,7,16.3,2,0,3,4.9,11,0,4,6.4,12,0,8,29.4,5,0,5,7.0,1,0,1,3.9,8,0,10,58.8,6,0,11,222.5,,,,,,,,,,,,,,,,,,,,,,,,,10,390,0,0,0,0,10,160,6,170,4,700,0,0,0,0,5,7,470,1, , ,0,0, , ,0,0,6,10,990,2,0,0,0,0,0,0,0,0,6,10,420,2,4,10,1660,21,4,6,2030,24,0,0,0,0,0,0,0,0,0,0,0,0,0,0,0,0,10,6,2030,4,0,0,0,0,0,0,0,0,0,0,0,0,0,0,0,0,0,0,0,0,4,6,10,7270,29,0,0,0,0,0,0,0,0,0,0,10,6,4,29030,100,0,0,0,0,0,0,0,0,0,0,0,0,0,0,0,0,0,0,0,0,0,0,0,0,0
15,05,02,3,ãûìs,3,06,500ñúâ∫,23,É_,1,1200,ó«,14,08153306,11,0,2,4.1,7,0,10,59.9,10,0,12,87.6,6,0,6,15.9,5,0,5,8.3,9,0,11,73.4,8,0,8,31.3,3,0,9,33.1,1,0,1,2.8,4,0,7,18.5,2,0,4,7.2,13,0,14,287.3,14,0,13,130.0,12,0,3,5.9,,,,,,,,,,,,,,,,,9,280,0,0,0,0,9,130,11,230,8,520,0,0,0,0,6,7,750,2, , ,0,0, , ,0,0,9,11,1180,4,0,0,0,0,0,0,0,0,9,11,530,4,8,9,1250,13,8,11,2220,26,0,0,0,0,0,0,0,0,0,0,0,0,0,0,0,0,9,11,1910,4,0,0,0,0,0,0,0,0,0,0,0,0,0,0,0,0,0,0,0,0,8,9,11,7100,24,0,0,0,0,0,0,0,0,0,0,9,11,8,28090,89,0,0,0,0,0,0,0,0,0,0,0,0,0,0,0,0,0,0,0,0,0,0,0,0,0
15,05,02,3,ãûìs,3,07,500ñúâ∫,23,é≈,8,1600,ó«,17,08153307,3,0,5,8.6,6,0,6,17.5,17,0,16,127.1,13,0,12,56.9,1,0,1,3.2,9,0,15,90.2,14,0,17,216.6,4,0,7,23.7,11,0,13,61.8,5,0,2,3.6,10,0,11,38.7,15,0,9,30.6,8,0,3,7.5,16,0,10,32.7,11,0,8,24.1,7,0,4,8.1,2,0,14,74.5,,,,,5,320,0,0,0,0,5,150,17,1750,1,310,0,0,0,0,3,8,910,3, , ,0,0, , ,0,0,5,17,24370,52,0,0,0,0,0,0,0,0,5,17,8160,64,1,5,670,4,1,17,10910,75,0,0,0,0,0,0,0,0,0,0,0,0,0,0,0,0,5,17,26100,75,0,0,0,0,0,0,0,0,0,0,0,0,0,0,0,0,0,0,0,0,1,5,17,65040,149,0,0,0,0,0,0,0,0,0,0,5,17,1,327770,752,0,0,0,0,0,0,0,0,0,0,0,0,0,0,0,0,0,0,0,0,0,0,0,0,0
15,05,02,3,ãûìs,3,08,1000ñúâ∫,43,É_,1,1200,ó«,16,08153308,11,0,6,9.2,13,0,16,235.7,6,0,11,40.8,5,0,2,6.4,10,0,10,30.8,3,0,9,28.2,14,0,7,14.5,4,0,3,7.9,8,0,12,55.2,15,0,15,235.5,16,0,8,19.8,12,0,13,59.4,7,0,14,82.0,1,0,5,8.7,2,0,1,2.7,9,0,4,8.6,,,,,,,,,14,870,0,0,0,0,14,280,15,120,6,590,0,0,0,0,7,8,940,3, , ,0,0, , ,0,0,14,15,1340,5,0,0,0,0,0,0,0,0,14,15,630,6,6,14,3100,36,6,15,1310,13,0,0,0,0,0,0,0,0,0,0,0,0,0,0,0,0,14,15,2590,9,0,0,0,0,0,0,0,0,0,0,0,0,0,0,0,0,0,0,0,0,6,14,15,8910,23,0,0,0,0,0,0,0,0,0,0,14,15,6,44320,133,0,0,0,0,0,0,0,0,0,0,0,0,0,0,0,0,0,0,0,0,0,0,0,0,0
15,05,02,3,ãûìs,3,09,Ç†Ç‚Çﬂè‹500*,23,é≈,8,1800,ó«,8,08153309,3,0,4,7.7,2,0,2,4.5,1,0,1,1.7,8,0,5,9.7,5,0,3,6.1,4,0,7,34.7,7,0,6,22.5,6,0,8,104.5,,,,,,,,,,,,,,,,,,,,,,,,,,,,,,,,,,,,,,,,,3,170,0,0,0,0,3,110,2,120,1,140,0,0,0,0,0,0,0,0, , ,0,0, , ,0,0,2,3,320,1,0,0,0,0,0,0,0,0,2,3,150,1,1,3,250,3,1,2,410,7,0,0,0,0,0,0,0,0,0,0,0,0,0,0,0,0,3,2,470,1,0,0,0,0,0,0,0,0,0,0,0,0,0,0,0,0,0,0,0,0,1,2,3,620,2,0,0,0,0,0,0,0,0,0,0,3,2,1,1840,3,0,0,0,0,0,0,0,0,0,0,0,0,0,0,0,0,0,0,0,0,0,0,0,0,0
15,05,02,3,ãûìs,3,10,â∫äõÇr1600,67,é≈,0,2000,ó«,9,08153310,5,0,7,20.1,2,0,1,2.6,4,0,6,19.6,3,0,5,11.4,9,0,4,7.2,6,0,8,33.7,1,0,2,3.0,8,0,9,45.1,7,0,3,5.6,,,,,,,,,,,,,,,,,,,,,,,,,,,,,,,,,,,,,7,300,0,0,0,0,7,120,2,120,4,230,0,0,0,0,2,7,500,1, , ,0,0, , ,0,0,2,7,460,1,0,0,0,0,0,0,0,0,2,7,220,1,4,7,640,8,2,4,580,6,0,0,0,0,0,0,0,0,0,0,0,0,0,0,0,0,7,2,940,2,0,0,0,0,0,0,0,0,0,0,0,0,0,0,0,0,0,0,0,0,2,4,7,1860,5,0,0,0,0,0,0,0,0,0,0,7,2,4,7180,16,0,0,0,0,0,0,0,0,0,0,0,0,0,0,0,0,0,0,0,0,0,0,0,0,0
15,05,02,3,ãûìs,3,11,ìVâ§éRÇr,131,É_,1,1200,ó«,15,08153311,7,0,1,3.4,12,0,13,65.7,2,0,4,8.2,11,0,11,51.7,8,0,15,305.0,6,0,10,38.2,4,0,7,16.7,5,0,14,80.6,14,0,12,65.1,9,0,9,26.4,1,0,3,5.5,3,0,8,19.4,10,0,5,9.8,15,0,2,4.2,13,0,6,12.7,,,,,,,,,,,,,11,550,0,0,0,0,11,190,3,250,12,460,0,0,0,0,2,6,1590,8, , ,0,0, , ,0,0,3,11,2000,7,0,0,0,0,0,0,0,0,3,11,700,6,11,12,1560,19,3,12,2150,26,0,0,0,0,0,0,0,0,0,0,0,0,0,0,0,0,11,3,3570,12,0,0,0,0,0,0,0,0,0,0,0,0,0,0,0,0,0,0,0,0,3,11,12,10570,35,0,0,0,0,0,0,0,0,0,0,11,3,12,46060,159,0,0,0,0,0,0,0,0,0,0,0,0,0,0,0,0,0,0,0,0,0,0,0,0,0
15,05,02,3,ãûìs,3,12,1000ñúâ∫,43,É_,1,1800,ó«,14,08153312,10,0,9,45.9,9,0,12,81.7,11,0,8,32.0,5,0,3,7.0,2,0,6,29.8,8,0,13,259.1,4,0,2,4.4,3,0,4,7.1,13,0,5,18.1,7,0,7,31.8,1,0,1,1.9,14,0,14,368.9,6,0,10,56.4,12,0,11,71.0,,,,,,,,,,,,,,,,,11,190,0,0,0,0,11,110,5,360,8,190,0,0,0,0,4,7,2210,7, , ,0,0, , ,0,0,5,11,2330,9,0,0,0,0,0,0,0,0,5,11,690,8,8,11,290,2,5,8,1590,16,0,0,0,0,0,0,0,0,0,0,0,0,0,0,0,0,11,5,3130,10,0,0,0,0,0,0,0,0,0,0,0,0,0,0,0,0,0,0,0,0,5,8,11,3380,11,0,0,0,0,0,0,0,0,0,0,11,5,8,13630,38,0,0,0,0,0,0,0,0,0,0,0,0,0,0,0,0,0,0,0,0,0,0,0,0,0
15,05,03,3,ãûìs,4,01,ñ¢èüóòÅEñƒ,7,É_,1,1200,ó«,16,08153401,9,0,9,25.9,3,0,3,9.2,11,0,7,19.4,4,0,4,10.1,1,0,1,2.2,6,0,14,225.4,13,0,15,262.9,15,0,11,43.7,8,0,10,27.0,10,0,5,12.2,12,0,13,98.7,5,0,2,4.6,2,0,6,13.1,16,0,12,75.8,14,0,16,646.7,7,0,8,22.1,,,,,,,,,5,220,0,0,0,0,5,130,13,310,2,240,0,0,0,0,3,7,1290,5, , ,0,0, , ,0,0,5,13,1420,4,0,0,0,0,0,0,0,0,5,13,770,9,2,5,610,4,2,13,1500,19,0,0,0,0,0,0,0,0,0,0,0,0,0,0,0,0,5,13,1940,5,0,0,0,0,0,0,0,0,0,0,0,0,0,0,0,0,0,0,0,0,2,5,13,4560,14,0,0,0,0,0,0,0,0,0,0,5,13,2,14340,30,0,0,0,0,0,0,0,0,0,0,0,0,0,0,0,0,0,0,0,0,0,0,0,0,0
15,05,03,3,ãûìs,4,02,ñ¢èüóò,7,É_,1,1800,ó«,16,08153402,4,0,2,5.6,8,0,7,37.1,3,0,4,11.3,16,0,15,413.6,2,0,8,41.1,15,0,14,319.2,10,0,12,193.5,13,0,11,189.8,6,0,9,102.6,14,0,13,276.6,1,0,5,19.1,7,0,10,177.6,12,0,16,453.0,5,0,1,1.5,11,0,6,19.7,9,0,3,6.2,,,,,,,,,11,1910,0,0,0,0,11,1140,5,2160,3,1020,0,0,0,0,3,6,16710,22, , ,0,0, , ,0,0,5,11,25540,33,0,0,0,0,0,0,0,0,5,11,4190,27,3,11,2170,18,3,5,3250,23,0,0,0,0,0,0,0,0,0,0,0,0,0,0,0,0,11,5,64730,65,0,0,0,0,0,0,0,0,0,0,0,0,0,0,0,0,0,0,0,0,3,5,11,50040,75,0,0,0,0,0,0,0,0,0,0,11,5,3,543020,531,0,0,0,0,0,0,0,0,0,0,0,0,0,0,0,0,0,0,0,0,0,0,0,0,0
15,05,03,3,ãûìs,4,03,ñ¢èüóò,7,é≈,0,1200,ó«,18,08153403,1,0,3,5.7,16,0,17,362.3,12,0,9,37.1,9,0,7,19.4,15,0,16,269.8,3,0,5,13.0,5,0,10,42.6,10,0,13,163.7,17,0,12,129.3,14,0,15,233.9,8,0,8,22.2,4,0,4,6.7,2,0,6,16.0,11,0,18,425.1,13,0,11,43.3,6,0,1,2.8,7,0,2,4.3,18,0,14,197.4,1,570,0,0,0,0,1,250,13,510,6,320,0,0,0,0,1,7,3580,13, , ,0,0, , ,0,0,1,13,3480,12,0,0,0,0,0,0,0,0,1,13,1400,18,1,6,900,7,6,13,2610,33,0,0,0,0,0,0,0,0,0,0,0,0,0,0,0,0,1,13,5100,18,0,0,0,0,0,0,0,0,0,0,0,0,0,0,0,0,0,0,0,0,1,6,13,12330,43,0,0,0,0,0,0,0,0,0,0,1,13,6,51610,176,0,0,0,0,0,0,0,0,0,0,0,0,0,0,0,0,0,0,0,0,0,0,0,0,0
15,05,03,3,ãûìs,4,04,ñ¢èüóò,7,é≈,0,2000,ó«,9,08153404,9,0,9,199.0,2,0,3,4.4,1,0,4,8.7,5,0,8,121.8,4,0,5,19.6,7,0,7,49.7,8,0,6,37.8,6,0,2,3.4,3,0,1,1.9,,,,,,,,,,,,,,,,,,,,,,,,,,,,,,,,,,,,,3,870,0,0,0,0,3,180,2,140,9,110,0,0,0,0,2,3,1210,5, , ,0,0, , ,0,0,2,3,1180,5,0,0,0,0,0,0,0,0,2,3,370,5,3,9,350,4,2,9,190,2,0,0,0,0,0,0,0,0,0,0,0,0,0,0,0,0,3,2,2600,11,0,0,0,0,0,0,0,0,0,0,0,0,0,0,0,0,0,0,0,0,2,3,9,900,3,0,0,0,0,0,0,0,0,0,0,3,2,9,8480,30,0,0,0,0,0,0,0,0,0,0,0,0,0,0,0,0,0,0,0,0,0,0,0,0,0
15,05,03,3,ãûìs,4,05,500ñúâ∫*,23,É_,1,1200,ó«,14,08153405,9,0,5,21.6,4,0,11,28.4,3,0,7,24.1,7,0,2,6.0,12,0,6,22.1,1,0,3,10.8,2,0,1,1.7,5,0,9,24.4,8,0,10,25.2,13,0,13,57.2,6,0,12,44.2,11,0,8,24.3,14,0,4,11.0,10,0,14,127.1,,,,,,,,,,,,,,,,,6,1080,0,0,0,0,6,250,7,110,3,410,0,0,0,0,4,5,670,3, , ,0,0, , ,0,0,6,7,1080,3,0,0,0,0,0,0,0,0,6,7,420,3,3,6,3060,34,3,7,970,10,0,0,0,0,0,0,0,0,0,0,0,0,0,0,0,0,6,7,3040,11,0,0,0,0,0,0,0,0,0,0,0,0,0,0,0,0,0,0,0,0,3,6,7,5730,21,0,0,0,0,0,0,0,0,0,0,6,7,3,40080,133,0,0,0,0,0,0,0,0,0,0,0,0,0,0,0,0,0,0,0,0,0,0,0,0,0
15,05,03,3,ãûìs,4,06,500ñúâ∫*,23,é≈,0,1200,ó«,12,08153406,6,0,5,9.7,5,0,7,15.7,1,0,3,7.5,11,0,11,111.5,2,0,2,5.0,8,0,10,60.0,9,0,6,12.3,4,0,4,8.4,3,0,1,2.2,10,0,12,165.6,12,0,9,32.9,7,0,8,24.1,,,,,,,,,,,,,,,,,,,,,,,,,3,750,0,0,0,0,3,160,5,140,9,110,0,0,0,0,3,5,2030,9, , ,0,0, , ,0,0,3,5,1820,6,0,0,0,0,0,0,0,0,3,5,580,6,3,9,330,3,5,9,230,1,0,0,0,0,0,0,0,0,0,0,0,0,0,0,0,0,3,5,3770,14,0,0,0,0,0,0,0,0,0,0,0,0,0,0,0,0,0,0,0,0,3,5,9,1730,3,0,0,0,0,0,0,0,0,0,0,3,5,9,14120,37,0,0,0,0,0,0,0,0,0,0,0,0,0,0,0,0,0,0,0,0,0,0,0,0,0
15,05,03,3,ãûìs,4,07,500ñúâ∫ÅEñƒ,23,É_,1,1800,ó«,11,08153407,7,0,9,32.9,8,0,11,254.4,5,0,1,2.1,11,0,4,8.3,3,0,2,4.1,9,0,5,12.7,1,0,7,16.4,10,0,10,71.4,6,0,8,30.5,2,0,6,15.2,4,0,3,7.0,,,,,,,,,,,,,,,,,,,,,,,,,,,,,7,1640,0,0,0,0,7,350,10,410,5,230,0,0,0,0,6,8,1260,5, , ,0,0, , ,0,0,7,10,8710,25,0,0,0,0,0,0,0,0,7,10,2560,29,5,7,960,11,5,10,1370,17,0,0,0,0,0,0,0,0,0,0,0,0,0,0,0,0,7,10,20230,54,0,0,0,0,0,0,0,0,0,0,0,0,0,0,0,0,0,0,0,0,5,7,10,12840,43,0,0,0,0,0,0,0,0,0,0,7,10,5,138060,342,0,0,0,0,0,0,0,0,0,0,0,0,0,0,0,0,0,0,0,0,0,0,0,0,0
15,05,03,3,ãûìs,4,08,ëÈÉPïÙì¡1000,43,é≈,8,1400,ó«,13,08153408,1,0,4,7.4,6,0,9,34.8,3,0,10,37.9,12,0,12,72.5,5,0,2,3.9,10,0,7,28.4,13,0,5,16.4,9,0,8,29.9,4,0,6,21.9,11,0,11,69.2,8,0,3,4.1,2,0,1,2.7,7,0,13,174.4,,,,,,,,,,,,,,,,,,,,,1,740,0,0,0,0,1,240,12,150,3,770,0,0,0,0,1,8,1200,4, , ,0,0, , ,0,0,1,12,1330,4,0,0,0,0,0,0,0,0,1,12,570,5,1,3,2580,29,3,12,1980,25,0,0,0,0,0,0,0,0,0,0,0,0,0,0,0,0,1,12,3440,12,0,0,0,0,0,0,0,0,0,0,0,0,0,0,0,0,0,0,0,0,1,3,12,11210,39,0,0,0,0,0,0,0,0,0,0,1,12,3,60390,186,0,0,0,0,0,0,0,0,0,0,0,0,0,0,0,0,0,0,0,0,0,0,0,0,0
15,05,03,3,ãûìs,4,09,‚˚ÇÃêXì¡1000,43,é≈,8,1800,ó«,12,08153409,9,0,6,19.4,3,0,4,5.9,5,0,3,5.6,12,0,9,63.2,6,0,7,19.9,10,0,12,249.2,8,0,10,67.9,2,0,5,6.4,11,0,11,70.3,4,0,1,3.0,7,0,8,30.9,1,0,2,4.1,,,,,,,,,,,,,,,,,,,,,,,,,12,410,0,0,0,0,12,190,8,170,2,210,0,0,0,0,6,8,1400,6, , ,0,0, , ,0,0,8,12,1760,8,0,0,0,0,0,0,0,0,8,12,700,10,2,12,720,11,2,8,620,7,0,0,0,0,0,0,0,0,0,0,0,0,0,0,0,0,12,8,3470,14,0,0,0,0,0,0,0,0,0,0,0,0,0,0,0,0,0,0,0,0,2,8,12,3710,12,0,0,0,0,0,0,0,0,0,0,12,8,2,14920,46,0,0,0,0,0,0,0,0,0,0,0,0,0,0,0,0,0,0,0,0,0,0,0,0,0
15,05,03,3,ãûìs,4,10,í[åﬂÇr,131,É_,1,1400,ó«,16,08153410,8,0,12,30.8,12,0,16,173.7,2,0,7,14.9,13,0,2,6.3,3,0,1,3.4,1,0,8,22.3,16,0,11,27.2,9,0,3,6.7,11,0,13,43.3,6,0,6,12.9,15,0,10,24.4,7,0,5,8.5,14,0,9,23.8,5,0,15,145.5,4,0,14,45.9,10,0,4,7.0,,,,,,,,,6,2230,0,0,0,0,6,570,3,370,5,160,0,0,0,0,2,3,870,3, , ,0,0, , ,0,0,3,6,9100,35,0,0,0,0,0,0,0,0,3,6,2760,35,5,6,1650,16,3,5,1020,7,0,0,0,0,0,0,0,0,0,0,0,0,0,0,0,0,6,3,20610,78,0,0,0,0,0,0,0,0,0,0,0,0,0,0,0,0,0,0,0,0,3,5,6,14850,47,0,0,0,0,0,0,0,0,0,0,6,3,5,130010,437,0,0,0,0,0,0,0,0,0,0,0,0,0,0,0,0,0,0,0,0,0,0,0,0,0
15,05,03,3,ãûìs,4,11,ìVçcè‹ètG1,195,é≈,8,3200,ó«,17,08153411,1,0,2,4.6,3,0,10,30.5,5,0,16,191.8,4,0,5,12.5,14,0,15,141.2,6,0,11,31.6,13,0,17,203.8,17,0,13,59.0,16,0,12,55.2,8,0,8,24.9,11,0,14,109.2,10,0,9,26.3,7,0,1,3.3,2,0,7,22.6,9,0,4,6.2,12,0,6,15.8,15,0,3,5.4,,,,,1,460,0,0,0,0,1,260,14,630,2,610,0,0,0,0,1,7,690,3, , ,0,0, , ,0,0,1,14,6060,22,0,0,0,0,0,0,0,0,1,14,2300,29,1,2,2460,36,2,14,6010,61,0,0,0,0,0,0,0,0,0,0,0,0,0,0,0,0,1,14,8480,30,0,0,0,0,0,0,0,0,0,0,0,0,0,0,0,0,0,0,0,0,1,2,14,57160,165,0,0,0,0,0,0,0,0,0,0,1,14,2,236300,678,0,0,0,0,0,0,0,0,0,0,0,0,0,0,0,0,0,0,0,0,0,0,0,0,0
15,05,03,3,ãûìs,4,12,çÇê£êÏÇg1600,67,É_,1,1400,ó«,16,08153412,13,0,7,14.2,14,0,6,12.5,15,0,14,114.7,12,0,13,62.7,9,0,3,7.5,7,0,9,19.2,5,0,10,20.9,10,0,11,47.4,11,0,15,136.3,2,0,1,2.9,4,0,2,5.8,1,0,5,9.6,8,0,4,8.9,3,0,12,54.0,6,0,8,14.6,16,0,16,173.2,,,,,,,,,12,960,0,0,0,0,12,320,10,150,14,950,0,0,0,0,5,6,610,1, , ,0,0, , ,0,0,10,12,1850,4,0,0,0,0,0,0,0,0,10,12,790,5,12,14,6690,60,10,14,2850,34,0,0,0,0,0,0,0,0,0,0,0,0,0,0,0,0,12,10,4370,11,0,0,0,0,0,0,0,0,0,0,0,0,0,0,0,0,0,0,0,0,10,12,14,24120,84,0,0,0,0,0,0,0,0,0,0,12,10,14,114410,387,0,0,0,0,0,0,0,0,0,0,0,0,0,0,0,0,0,0,0,0,0,0,0,0,0
15,05,09,3,ãûìs,5,01,ñ¢èüóò,7,É_,1,1400,ó«,16,08153501,13,0,16,267.8,6,0,8,20.6,1,0,10,28.6,9,0,12,111.5,7,0,9,22.2,5,0,13,131.1,10,0,4,9.5,2,0,2,3.4,12,0,14,222.4,3,0,3,6.1,4,0,1,3.4,14,0,6,13.3,11,0,15,246.2,16,0,11,40.6,8,0,5,12.9,15,0,7,15.7,,,,,,,,,3,2860,0,0,0,0,3,460,8,140,10,190,0,0,0,0,2,4,2490,8, , ,0,0, , ,0,0,3,8,3420,13,0,0,0,0,0,0,0,0,3,8,940,10,3,10,1980,24,8,10,420,3,0,0,0,0,0,0,0,0,0,0,0,0,0,0,0,0,3,8,8900,30,0,0,0,0,0,0,0,0,0,0,0,0,0,0,0,0,0,0,0,0,3,8,10,6110,20,0,0,0,0,0,0,0,0,0,0,3,8,10,66380,196,0,0,0,0,0,0,0,0,0,0,0,0,0,0,0,0,0,0,0,0,0,0,0,0,0
15,05,09,3,ãûìs,5,02,ñ¢èüóò,7,É_,1,1800,ó«,15,08153502,2,0,5,10.2,5,0,9,126.6,4,0,1,2.0,9,0,14,208.3,3,0,12,197.5,11,0,13,202.6,12,0,15,259.3,1,0,8,106.6,15,0,10,129.3,8,0,11,153.9,13,0,6,24.4,10,0,3,5.0,7,0,2,3.8,14,0,7,84.8,6,0,4,8.7,,,,,,,,,,,,,8,10660,0,0,0,0,8,2290,1,310,5,3060,0,0,0,0,1,5,29620,28, , ,0,0, , ,0,0,1,8,53710,45,0,0,0,0,0,0,0,0,1,8,13490,51,5,8,53160,84,1,5,14500,54,0,0,0,0,0,0,0,0,0,0,0,0,0,0,0,0,8,1,179740,117,0,0,0,0,0,0,0,0,0,0,0,0,0,0,0,0,0,0,0,0,1,5,8,612730,248,0,0,0,0,0,0,0,0,0,0,8,1,5,5306530,1702,0,0,0,0,0,0,0,0,0,0,0,0,0,0,0,0,0,0,0,0,0,0,0,0,0
15,05,09,3,ãûìs,5,03,ñ¢èüóò,7,é≈,0,1400,ó«,18,08153503,4,0,12,100.0,7,0,7,31.8,15,0,13,108.6,3,0,8,33.4,1,0,3,4.3,2,0,1,2.4,10,0,18,292.5,18,0,17,279.7,9,0,6,26.4,14,0,14,128.5,12,0,11,47.4,13,0,10,45.8,5,0,5,21.2,8,0,2,3.9,11,0,4,10.1,6,0,9,33.4,16,0,15,180.3,17,0,16,222.8,5,430,0,0,0,0,5,160,6,130,4,520,0,0,0,0,3,3,630,2, , ,0,0, , ,0,0,5,6,610,2,0,0,0,0,0,0,0,0,5,6,280,2,4,5,2240,23,4,6,950,8,0,0,0,0,0,0,0,0,0,0,0,0,0,0,0,0,5,6,1420,4,0,0,0,0,0,0,0,0,0,0,0,0,0,0,0,0,0,0,0,0,4,5,6,5650,14,0,0,0,0,0,0,0,0,0,0,5,6,4,29040,74,0,0,0,0,0,0,0,0,0,0,0,0,0,0,0,0,0,0,0,0,0,0,0,0,0
15,05,09,3,ãûìs,5,04,ñ¢èüóòÅEñƒ,7,é≈,0,2000,ó«,16,08153504,7,0,8,41.5,11,0,9,62.5,12,0,10,95.9,1,0,1,2.6,9,0,15,333.5,2,0,5,9.3,6,0,6,19.6,14,0,13,147.4,5,0,11,107.0,16,0,16,346.5,3,0,3,5.5,13,0,7,35.2,9,0,12,110.8,8,0,4,6.0,4,0,2,3.9,15,0,14,230.3,,,,,,,,,4,260,0,0,0,0,4,130,6,210,11,170,0,0,0,0,2,3,1320,7, , ,0,0, , ,0,0,4,6,1000,4,0,0,0,0,0,0,0,0,4,6,390,3,4,11,420,4,6,11,800,10,0,0,0,0,0,0,0,0,0,0,0,0,0,0,0,0,4,6,1450,3,0,0,0,0,0,0,0,0,0,0,0,0,0,0,0,0,0,0,0,0,4,6,11,2180,6,0,0,0,0,0,0,0,0,0,0,4,6,11,9200,21,0,0,0,0,0,0,0,0,0,0,0,0,0,0,0,0,0,0,0,0,0,0,0,0,0
15,05,09,3,ãûìs,5,05,ñ¢èüóò,7,é≈,0,1600,ó«,18,08153505,1,0,1,1.5,13,0,13,121.1,8,0,6,18.4,17,0,18,401.9,16,0,15,159.2,14,0,9,76.6,10,0,16,171.8,5,0,12,109.2,11,0,17,291.8,4,0,2,7.4,6,0,8,29.4,9,0,5,12.3,15,0,11,106.1,2,0,4,10.5,0,4,7,22.5,12,0,10,92.8,3,0,3,9.6,7,0,14,146.4,1,150,0,0,0,0,1,110,14,200,17,260,0,0,0,0,1,7,490,2, , ,0,0, , ,0,0,1,14,810,3,0,0,0,0,0,0,0,0,1,14,390,3,1,17,480,5,14,17,1340,12,0,0,0,0,0,0,0,0,0,0,0,0,0,0,0,0,1,14,1060,3,0,0,0,0,0,0,0,0,0,0,0,0,0,0,0,0,0,0,0,0,1,14,17,2620,9,0,0,0,0,0,0,0,0,0,0,1,14,17,6790,12,0,0,0,0,0,0,0,0,0,0,0,0,0,0,0,0,0,0,0,0,0,0,0,0,0
15,05,09,3,ãûìs,5,06,500ñúâ∫*,23,É_,1,1400,ó«,9,08153506,2,0,3,6.1,6,0,8,36.0,4,0,7,33.0,1,0,1,2.9,5,0,9,101.8,3,0,6,8.7,7,0,5,7.4,8,0,2,3.5,9,0,4,7.0,,,,,,,,,,,,,,,,,,,,,,,,,,,,,,,,,,,,,4,290,0,0,0,0,4,140,1,170,6,200,0,0,0,0,1,4,920,4, , ,0,0, , ,0,0,1,4,940,2,0,0,0,0,0,0,0,0,1,4,320,2,4,6,410,6,1,6,790,14,0,0,0,0,0,0,0,0,0,0,0,0,0,0,0,0,4,1,1660,4,0,0,0,0,0,0,0,0,0,0,0,0,0,0,0,0,0,0,0,0,1,4,6,2170,10,0,0,0,0,0,0,0,0,0,0,4,1,6,8530,23,0,0,0,0,0,0,0,0,0,0,0,0,0,0,0,0,0,0,0,0,0,0,0,0,0
15,05,09,3,ãûìs,5,07,500ñúâ∫,23,É_,1,1800,ó«,11,08153507,1,0,4,9.4,5,0,8,30.5,3,0,1,1.6,11,0,11,188.9,8,0,6,24.2,9,0,10,127.3,7,0,2,5.2,4,0,7,27.0,6,0,3,8.5,2,0,5,12.9,10,0,9,85.3,,,,,,,,,,,,,,,,,,,,,,,,,,,,,1,940,0,0,0,0,1,200,10,170,3,110,0,0,0,0,1,8,6410,14, , ,0,0, , ,0,0,1,10,5560,13,0,0,0,0,0,0,0,0,1,10,970,12,1,3,290,3,3,10,360,4,0,0,0,0,0,0,0,0,0,0,0,0,0,0,0,0,1,10,13960,31,0,0,0,0,0,0,0,0,0,0,0,0,0,0,0,0,0,0,0,0,1,3,10,1400,6,0,0,0,0,0,0,0,0,0,0,1,10,3,29170,85,0,0,0,0,0,0,0,0,0,0,0,0,0,0,0,0,0,0,0,0,0,0,0,0,0
15,05,09,3,ãûìs,5,08,500ñúâ∫ÅEñƒ,23,É_,1,1200,ó«,14,08153508,3,0,3,5.9,10,0,2,4.5,4,0,11,52.5,8,0,9,25.9,12,0,14,446.8,9,0,6,15.4,1,0,8,24.5,11,0,7,19.8,6,0,5,15.3,5,0,10,35.4,13,0,12,158.8,7,0,4,11.1,2,0,1,2.2,14,0,13,177.2,,,,,,,,,,,,,,,,,7,2450,0,0,0,0,7,400,13,120,1,230,0,0,0,0,5,8,1060,5, , ,0,0, , ,0,0,7,13,2470,7,0,0,0,0,0,0,0,0,7,13,920,10,1,7,1320,16,1,13,350,2,0,0,0,0,0,0,0,0,0,0,0,0,0,0,0,0,7,13,7160,25,0,0,0,0,0,0,0,0,0,0,0,0,0,0,0,0,0,0,0,0,1,7,13,4760,13,0,0,0,0,0,0,0,0,0,0,7,13,1,43230,147,0,0,0,0,0,0,0,0,0,0,0,0,0,0,0,0,0,0,0,0,0,0,0,0,0
15,05,09,3,ãûìs,5,09,òZîgóÖÇg1000,43,é≈,8,1600,ó«,14,08153509,6,0,7,16.0,9,0,12,142.7,5,0,8,22.6,8,0,14,265.9,14,0,13,198.0,2,0,1,3.5,10,0,4,6.6,4,0,6,10.4,13,0,10,37.5,11,0,5,7.6,12,0,11,90.5,3,0,2,4.3,1,0,9,23.7,7,0,3,6.3,,,,,,,,,,,,,,,,,13,2370,0,0,0,0,13,550,6,140,12,190,0,0,0,0,4,8,770,2, , ,0,0, , ,0,0,6,13,3890,17,0,0,0,0,0,0,0,0,6,13,1240,18,12,13,1840,24,6,12,360,1,0,0,0,0,0,0,0,0,0,0,0,0,0,0,0,0,13,6,10370,42,0,0,0,0,0,0,0,0,0,0,0,0,0,0,0,0,0,0,0,0,6,12,13,5270,19,0,0,0,0,0,0,0,0,0,0,13,6,12,52100,190,0,0,0,0,0,0,0,0,0,0,0,0,0,0,0,0,0,0,0,0,0,0,0,0,0
15,05,09,3,ãûìs,5,10,äõêÏì¡ï 1000,43,é≈,0,2000,ó«,11,08153510,7,0,6,8.7,3,0,2,3.9,2,0,4,6.4,10,0,10,164.4,9,0,11,231.8,4,0,3,5.1,8,0,8,20.0,5,0,1,3.3,11,0,7,18.6,1,0,5,8.7,6,0,9,113.7,,,,,,,,,,,,,,,,,,,,,,,,,,,,,10,870,0,0,0,0,10,190,3,180,2,170,0,0,0,0,3,8,2410,12, , ,0,0, , ,0,0,3,10,2250,12,0,0,0,0,0,0,0,0,3,10,690,11,2,10,580,8,2,3,460,5,0,0,0,0,0,0,0,0,0,0,0,0,0,0,0,0,10,3,4600,23,0,0,0,0,0,0,0,0,0,0,0,0,0,0,0,0,0,0,0,0,2,3,10,2950,13,0,0,0,0,0,0,0,0,0,0,10,3,2,22400,94,0,0,0,0,0,0,0,0,0,0,0,0,0,0,0,0,0,0,0,0,0,0,0,0,0
15,05,09,3,ãûìs,5,11,ãûìsêVï∑G2,179,é≈,8,2200,ó«,16,08153511,5,0,3,5.5,2,0,1,4.1,4,0,4,6.4,1,0,2,4.6,16,0,16,167.5,9,0,12,98.1,12,0,11,54.2,13,0,15,143.0,6,0,5,8.0,11,0,8,18.8,7,0,10,42.2,8,0,7,12.3,14,0,14,117.8,10,0,13,102.5,3,0,6,10.4,15,0,9,40.6,,,,,,,,,4,460,0,0,0,0,4,170,2,160,15,240,0,0,0,0,1,2,380,1, , ,0,0, , ,0,0,2,4,1110,1,0,0,0,0,0,0,0,0,2,4,430,1,4,15,770,8,2,15,820,9,0,0,0,0,0,0,0,0,0,0,0,0,0,0,0,0,4,2,2460,4,0,0,0,0,0,0,0,0,0,0,0,0,0,0,0,0,0,0,0,0,2,4,15,2860,5,0,0,0,0,0,0,0,0,0,0,4,2,15,13160,19,0,0,0,0,0,0,0,0,0,0,0,0,0,0,0,0,0,0,0,0,0,0,0,0,0
15,05,09,3,ãûìs,5,12,1000ñúâ∫,43,É_,1,1900,ó«,11,08153512,2,0,2,5.2,6,0,5,8.0,10,0,6,8.1,8,0,4,7.5,4,0,7,12.3,9,0,10,93.4,7,0,9,13.2,3,0,1,3.7,11,0,8,12.4,5,0,3,6.3,1,0,11,105.1,,,,,,,,,,,,,,,,,,,,,,,,,,,,,11,10510,0,0,0,0,11,1640,1,210,8,160,0,0,0,0,1,8,2000,9, , ,0,0, , ,0,0,1,11,25180,40,0,0,0,0,0,0,0,0,1,11,6930,41,8,11,5300,37,1,8,440,1,0,0,0,0,0,0,0,0,0,0,0,0,0,0,0,0,11,1,68920,92,0,0,0,0,0,0,0,0,0,0,0,0,0,0,0,0,0,0,0,0,1,8,11,26290,85,0,0,0,0,0,0,0,0,0,0,11,1,8,304900,568,0,0,0,0,0,0,0,0,0,0,0,0,0,0,0,0,0,0,0,0,0,0,0,0,0
15,05,10,3,ãûìs,6,01,ñ¢èüóòÅEñƒ,7,É_,1,1800,ó«,13,08153601,13,0,5,11.7,4,0,3,10.7,9,0,9,36.5,6,0,8,21.6,10,0,11,47.7,8,0,12,128.9,3,0,2,4.3,11,0,13,190.8,12,0,6,15.9,7,0,10,47.5,2,0,4,11.1,1,0,1,1.9,5,0,7,18.2,,,,,,,,,,,,,,,,,,,,,12,190,0,0,0,0,12,110,11,220,7,130,0,0,0,0,7,8,650,2, , ,0,0, , ,0,0,11,12,1220,3,0,0,0,0,0,0,0,0,11,12,430,3,7,12,200,1,7,11,600,7,0,0,0,0,0,0,0,0,0,0,0,0,0,0,0,0,12,11,1710,4,0,0,0,0,0,0,0,0,0,0,0,0,0,0,0,0,0,0,0,0,7,11,12,1240,2,0,0,0,0,0,0,0,0,0,0,12,11,7,6180,9,0,0,0,0,0,0,0,0,0,0,0,0,0,0,0,0,0,0,0,0,0,0,0,0,0
15,05,10,3,ãûìs,6,02,ñ¢èüóò,7,É_,1,1200,ó«,16,08153602,3,0,1,2.1,16,0,15,290.1,10,0,12,105.5,11,0,13,206.6,14,0,11,62.2,15,0,8,28.3,5,0,4,8.7,12,0,7,24.3,8,0,9,29.3,13,0,16,364.4,7,0,10,48.6,4,0,5,10.6,2,0,6,12.7,9,0,14,230.3,6,0,3,6.2,1,0,2,5.6,,,,,,,,,16,560,0,0,0,0,16,160,13,210,1,110,0,0,0,0,7,8,1360,4, , ,0,0, , ,0,0,13,16,2220,8,0,0,0,0,0,0,0,0,13,16,640,8,1,16,260,1,1,13,370,3,0,0,0,0,0,0,0,0,0,0,0,0,0,0,0,0,16,13,5840,21,0,0,0,0,0,0,0,0,0,0,0,0,0,0,0,0,0,0,0,0,1,13,16,1830,4,0,0,0,0,0,0,0,0,0,0,16,13,1,17450,48,0,0,0,0,0,0,0,0,0,0,0,0,0,0,0,0,0,0,0,0,0,0,0,0,0
15,05,10,3,ãûìs,6,03,ñ¢èüóò,7,é≈,8,1800,ó«,17,08153603,12,0,12,90.6,8,0,7,34.9,7,0,15,122.0,14,0,10,49.2,5,0,5,16.0,17,0,11,68.4,4,0,3,6.7,10,0,4,11.1,3,0,8,35.8,1,0,1,1.7,13,0,6,16.8,6,0,16,158.8,2,0,2,6.6,16,0,14,113.5,9,0,13,100.0,15,0,17,245.7,11,0,9,46.3,,,,,10,170,0,0,0,0,10,110,13,220,9,520,0,0,0,0,5,7,610,2, , ,0,0, , ,0,0,10,13,640,2,0,0,0,0,0,0,0,0,10,13,320,2,9,10,740,7,9,13,2130,22,0,0,0,0,0,0,0,0,0,0,0,0,0,0,0,0,10,13,860,2,0,0,0,0,0,0,0,0,0,0,0,0,0,0,0,0,0,0,0,0,9,10,13,3830,12,0,0,0,0,0,0,0,0,0,0,10,13,9,10550,22,0,0,0,0,0,0,0,0,0,0,0,0,0,0,0,0,0,0,0,0,0,0,0,0,0
15,05,10,3,ãûìs,6,04,ñ¢èüóò,7,é≈,8,2400,ó«,11,08153604,7,0,5,9.9,9,0,11,104.3,2,0,4,8.2,8,0,9,47.6,3,0,7,35.0,6,0,6,17.3,11,0,8,43.5,1,0,1,2.4,5,0,2,3.3,4,0,3,5.9,10,0,10,85.5,,,,,,,,,,,,,,,,,,,,,,,,,,,,,8,240,0,0,0,0,8,130,3,200,5,490,0,0,0,0,3,7,570,3, , ,0,0, , ,0,0,3,8,900,3,0,0,0,0,0,0,0,0,3,8,350,3,5,8,1070,11,3,5,2500,25,0,0,0,0,0,0,0,0,0,0,0,0,0,0,0,0,8,3,1420,4,0,0,0,0,0,0,0,0,0,0,0,0,0,0,0,0,0,0,0,0,3,5,8,5010,15,0,0,0,0,0,0,0,0,0,0,8,3,5,19790,60,0,0,0,0,0,0,0,0,0,0,0,0,0,0,0,0,0,0,0,0,0,0,0,0,0
15,05,10,3,ãûìs,6,05,500ñúâ∫*,23,É_,1,1800,ó«,13,08153605,7,0,4,12.1,12,0,7,29.2,2,0,2,4.1,9,0,12,125.2,5,0,11,66.3,8,0,10,38.3,4,0,5,15.1,3,0,1,2.0,13,0,9,31.0,10,0,13,125.6,1,0,3,6.7,11,0,6,15.6,6,0,8,29.8,,,,,,,,,,,,,,,,,,,,,11,670,0,0,0,0,11,150,3,130,8,110,0,0,0,0,3,7,1500,5, , ,0,0, , ,0,0,3,11,1320,4,0,0,0,0,0,0,0,0,3,11,470,5,8,11,220,2,3,8,180,1,0,0,0,0,0,0,0,0,0,0,0,0,0,0,0,0,11,3,2940,9,0,0,0,0,0,0,0,0,0,0,0,0,0,0,0,0,0,0,0,0,3,8,11,680,1,0,0,0,0,0,0,0,0,0,0,11,3,8,6700,12,0,0,0,0,0,0,0,0,0,0,0,0,0,0,0,0,0,0,0,0,0,0,0,0,0
15,05,10,3,ãûìs,6,06,500ñúâ∫*,23,é≈,0,1400,ó«,8,08153606,2,0,1,3.3,4,0,7,52.3,3,0,6,9.7,8,0,5,8.2,1,0,4,6.1,5,0,2,3.5,6,0,3,3.9,7,0,8,61.1,,,,,,,,,,,,,,,,,,,,,,,,,,,,,,,,,,,,,,,,,5,610,0,0,0,0,5,170,1,150,3,210,0,0,0,0,0,0,0,0, , ,0,0, , ,0,0,1,5,1060,6,0,0,0,0,0,0,0,0,1,5,440,6,3,5,720,14,1,3,660,12,0,0,0,0,0,0,0,0,0,0,0,0,0,0,0,0,5,1,2500,14,0,0,0,0,0,0,0,0,0,0,0,0,0,0,0,0,0,0,0,0,1,3,5,3040,17,0,0,0,0,0,0,0,0,0,0,5,1,3,15220,80,0,0,0,0,0,0,0,0,0,0,0,0,0,0,0,0,0,0,0,0,0,0,0,0,0
15,05,10,3,ãûìs,6,07,500ñúâ∫,23,é≈,0,2000,ó«,10,08153607,9,0,2,3.8,6,0,8,106.7,5,0,1,3.1,8,0,10,207.8,2,0,4,6.2,3,0,7,13.0,1,0,3,4.9,10,0,9,111.5,7,0,6,12.4,4,0,5,7.4,,,,,,,,,,,,,,,,,,,,,,,,,,,,,,,,,7,490,0,0,0,0,7,200,5,200,6,300,0,0,0,0,5,7,1380,8, , ,0,0, , ,0,0,5,7,1410,7,0,0,0,0,0,0,0,0,5,7,620,9,6,7,820,14,5,6,1200,18,0,0,0,0,0,0,0,0,0,0,0,0,0,0,0,0,7,5,2380,10,0,0,0,0,0,0,0,0,0,0,0,0,0,0,0,0,0,0,0,0,5,6,7,4520,21,0,0,0,0,0,0,0,0,0,0,7,5,6,25510,110,0,0,0,0,0,0,0,0,0,0,0,0,0,0,0,0,0,0,0,0,0,0,0,0,0
15,05,10,3,ãûìs,6,08,ñÓé‘è‹500*,23,é≈,0,2000,ó«,6,08153608,3,0,4,11.3,2,0,1,2.3,4,0,3,3.5,5,0,2,2.7,1,0,5,18.3,6,0,6,27.4,,,,,,,,,,,,,,,,,,,,,,,,,,,,,,,,,,,,,,,,,,,,,,,,,5,1830,0,0,0,0,5,630,2,160,0,0,0,0,0,0,0,0,0,0, , ,0,0, , ,0,0,2,5,2440,7,0,0,0,0,0,0,0,0,2,5,610,7,1,5,1090,13,1,2,350,4,0,0,0,0,0,0,0,0,0,0,0,0,0,0,0,0,5,2,6950,19,0,0,0,0,0,0,0,0,0,0,0,0,0,0,0,0,0,0,0,0,1,2,5,4200,12,0,0,0,0,0,0,0,0,0,0,5,2,1,41100,85,0,0,0,0,0,0,0,0,0,0,0,0,0,0,0,0,0,0,0,0,0,0,0,0,0
15,05,10,3,ãûìs,6,09,500ñúâ∫,23,É_,1,1400,ó«,16,08153609,4,0,3,4.9,12,0,7,16.7,3,0,8,19.5,7,0,5,11.1,1,0,4,6.1,6,0,10,48.5,2,0,2,4.2,8,0,6,11.5,13,0,14,147.0,14,0,16,240.1,10,0,15,160.1,11,0,12,64.8,5,0,11,51.4,15,0,9,32.1,9,0,1,4.1,16,0,13,71.9,,,,,,,,,5,610,0,0,0,0,5,190,7,160,3,450,0,0,0,0,3,4,910,3, , ,0,0, , ,0,0,5,7,1420,6,0,0,0,0,0,0,0,0,5,7,580,6,3,5,1620,23,3,7,1380,15,0,0,0,0,0,0,0,0,0,0,0,0,0,0,0,0,5,7,2990,12,0,0,0,0,0,0,0,0,0,0,0,0,0,0,0,0,0,0,0,0,3,5,7,6320,21,0,0,0,0,0,0,0,0,0,0,5,7,3,26860,70,0,0,0,0,0,0,0,0,0,0,0,0,0,0,0,0,0,0,0,0,0,0,0,0,0
15,05,10,3,ãûìs,6,10,ìçéRÇr1600,67,É_,1,1900,ó«,11,08153610,11,0,8,15.7,2,0,5,8.8,8,0,10,41.6,6,0,2,3.9,7,0,11,134.0,1,0,7,15.6,10,0,6,14.5,5,0,4,6.7,9,0,3,6.6,3,0,1,3.1,4,0,9,27.6,,,,,,,,,,,,,,,,,,,,,,,,,,,,,6,1560,0,0,0,0,6,370,2,240,10,160,0,0,0,0,2,6,3130,12, , ,0,0, , ,0,0,2,6,4860,22,0,0,0,0,0,0,0,0,2,6,1390,20,6,10,970,12,2,10,660,6,0,0,0,0,0,0,0,0,0,0,0,0,0,0,0,0,6,2,10380,44,0,0,0,0,0,0,0,0,0,0,0,0,0,0,0,0,0,0,0,0,2,6,10,6590,26,0,0,0,0,0,0,0,0,0,0,6,2,10,50000,190,0,0,0,0,0,0,0,0,0,0,0,0,0,0,0,0,0,0,0,0,0,0,0,0,0
15,05,10,3,ãûìs,6,11,à∆înÇrÇg,131,é≈,0,1200,ó«,14,08153611,2,0,5,8.3,7,0,1,4.1,14,0,8,15.6,11,0,9,18.4,8,0,11,26.7,9,0,7,12.3,4,0,2,6.0,1,0,10,20.8,3,0,6,11.4,5,0,3,6.3,13,0,12,30.5,12,0,14,99.3,6,0,13,35.7,10,0,4,7.9,,,,,,,,,,,,,,,,,8,2080,0,0,0,0,8,500,1,330,9,380,0,0,0,0,1,5,2940,15, , ,0,0, , ,0,0,1,8,11930,49,0,0,0,0,0,0,0,0,1,8,3300,50,8,9,2880,41,1,9,1890,23,0,0,0,0,0,0,0,0,0,0,0,0,0,0,0,0,8,1,25640,102,0,0,0,0,0,0,0,0,0,0,0,0,0,0,0,0,0,0,0,0,1,8,9,38880,146,0,0,0,0,0,0,0,0,0,0,8,1,9,309640,1022,0,0,0,0,0,0,0,0,0,0,0,0,0,0,0,0,0,0,0,0,0,0,0,0,0
15,05,10,3,ãûìs,6,12,1000ñúâ∫,43,É_,1,1400,ó«,16,08153612,14,0,4,6.6,10,0,5,7.9,5,0,2,4.4,15,0,10,42.3,4,0,8,32.8,3,0,12,60.7,16,0,11,57.6,1,0,6,14.5,11,0,13,109.8,13,0,16,184.4,2,0,14,111.9,7,0,1,3.8,6,0,9,33.0,8,0,7,15.8,9,0,3,4.8,12,0,15,176.9,,,,,,,,,8,1450,0,0,0,0,8,530,11,2280,6,1500,0,0,0,0,4,6,2300,8, , ,0,0, , ,0,0,8,11,100830,89,0,0,0,0,0,0,0,0,8,11,21990,92,6,8,9670,62,6,11,30990,104,0,0,0,0,0,0,0,0,0,0,0,0,0,0,0,0,8,11,168240,175,0,0,0,0,0,0,0,0,0,0,0,0,0,0,0,0,0,0,0,0,6,8,11,811320,453,0,0,0,0,0,0,0,0,0,0,8,11,6,6608670,2740,0,0,0,0,0,0,0,0,0,0,0,0,0,0,0,0,0,0,0,0,0,0,0,0,0
15,05,16,3,ãûìs,7,01,ñ¢èüóòÅEñƒ,7,É_,1,1800,ïs,14,08153701,6,0,11,78.2,14,0,6,12.3,8,0,9,45.5,4,0,10,48.5,1,0,2,4.1,9,0,5,11.0,11,0,12,96.8,2,0,8,40.9,13,0,7,13.6,3,0,1,3.0,12,0,13,170.7,7,0,4,6.1,5,0,3,5.5,10,0,14,242.5,,,,,,,,,,,,,,,,,5,410,0,0,0,0,5,150,8,760,10,140,0,0,0,0,4,5,6670,16, , ,0,0, , ,0,0,5,8,8570,24,0,0,0,0,0,0,0,0,5,8,2480,25,5,10,300,1,8,10,2310,24,0,0,0,0,0,0,0,0,0,0,0,0,0,0,0,0,5,8,15970,43,0,0,0,0,0,0,0,0,0,0,0,0,0,0,0,0,0,0,0,0,5,8,10,8710,26,0,0,0,0,0,0,0,0,0,0,5,8,10,64550,194,0,0,0,0,0,0,0,0,0,0,0,0,0,0,0,0,0,0,0,0,0,0,0,0,0
15,05,16,3,ãûìs,7,02,ñ¢èüóò,7,É_,1,1400,ïs,16,08153702,9,0,10,51.1,3,0,6,12.0,4,0,8,19.3,13,0,13,149.6,2,0,9,31.2,14,0,11,58.6,7,0,7,16.7,5,0,5,10.3,6,0,2,4.6,12,0,15,341.3,16,0,12,120.0,1,0,1,2.5,8,0,3,6.7,10,0,14,174.6,15,0,16,356.3,11,0,4,9.4,,,,,,,,,12,250,0,0,0,0,12,160,5,630,2,260,0,0,0,0,3,6,4300,19, , ,0,0, , ,0,0,5,12,6300,25,0,0,0,0,0,0,0,0,5,12,2130,27,2,12,760,7,2,5,2380,31,0,0,0,0,0,0,0,0,0,0,0,0,0,0,0,0,12,5,8040,36,0,0,0,0,0,0,0,0,0,0,0,0,0,0,0,0,0,0,0,0,2,5,12,16240,56,0,0,0,0,0,0,0,0,0,0,12,5,2,60620,231,0,0,0,0,0,0,0,0,0,0,0,0,0,0,0,0,0,0,0,0,0,0,0,0,0
15,05,16,3,ãûìs,7,03,ñ¢èüóòÅEñƒ,7,É_,1,1200,ïs,16,08153703,10,0,15,271.7,12,0,3,4.7,13,0,11,174.3,7,0,10,121.4,2,0,1,2.0,14,0,5,17.9,1,0,7,32.1,10,0,12,212.7,4,0,6,30.9,5,0,8,85.8,16,0,9,103.1,6,0,14,241.5,15,0,16,450.8,8,0,13,237.1,9,0,2,4.1,3,0,4,6.7,,,,,,,,,7,3210,0,0,0,0,7,400,5,110,16,220,0,0,0,0,3,4,2150,6, , ,0,0, , ,0,0,5,7,2130,8,0,0,0,0,0,0,0,0,5,7,850,8,7,16,2220,19,5,16,400,4,0,0,0,0,0,0,0,0,0,0,0,0,0,0,0,0,7,5,7200,19,0,0,0,0,0,0,0,0,0,0,0,0,0,0,0,0,0,0,0,0,5,7,16,4460,12,0,0,0,0,0,0,0,0,0,0,7,5,16,43840,110,0,0,0,0,0,0,0,0,0,0,0,0,0,0,0,0,0,0,0,0,0,0,0,0,0
15,05,16,3,ãûìs,7,04,ñ¢èüóò,7,é≈,0,1400,èd,18,08153704,16,0,16,210.8,2,0,1,2.0,10,0,18,278.6,1,0,2,6.2,13,0,10,45.2,15,0,7,19.7,5,0,8,29.7,12,0,17,269.3,17,0,14,154.8,6,0,5,10.3,7,0,11,82.0,14,0,12,114.0,3,0,9,43.3,11,0,13,147.7,8,0,6,14.2,4,0,3,6.7,9,0,4,9.6,18,0,15,165.2,4,620,0,0,0,0,4,180,2,130,13,730,0,0,0,0,1,2,540,2, , ,0,0, , ,0,0,2,4,630,1,0,0,0,0,0,0,0,0,2,4,230,1,4,13,2520,28,2,13,1440,19,0,0,0,0,0,0,0,0,0,0,0,0,0,0,0,0,4,2,1720,4,0,0,0,0,0,0,0,0,0,0,0,0,0,0,0,0,0,0,0,0,2,4,13,5100,17,0,0,0,0,0,0,0,0,0,0,4,2,13,26820,79,0,0,0,0,0,0,0,0,0,0,0,0,0,0,0,0,0,0,0,0,0,0,0,0,0
15,05,16,3,ãûìs,7,05,ñ¢èüóò,7,é≈,8,1800,èd,18,08153705,16,0,8,40.6,5,0,9,50.3,7,0,12,122.2,3,0,3,9.5,6,0,10,98.4,12,0,15,284.2,13,0,5,18.1,10,0,7,35.3,1,0,1,1.4,2,0,2,6.5,8,0,4,10.7,17,0,13,127.3,4,0,6,29.0,11,0,17,337.0,14,0,11,103.2,15,0,16,324.1,18,0,14,226.6,9,0,18,383.5,9,140,0,0,0,0,9,110,10,140,4,150,0,0,0,0,5,5,360,1, , ,0,0, , ,0,0,9,10,380,1,0,0,0,0,0,0,0,0,9,10,190,1,4,9,250,2,4,10,550,6,0,0,0,0,0,0,0,0,0,0,0,0,0,0,0,0,9,10,490,1,0,0,0,0,0,0,0,0,0,0,0,0,0,0,0,0,0,0,0,0,4,9,10,870,1,0,0,0,0,0,0,0,0,0,0,9,10,4,1910,2,0,0,0,0,0,0,0,0,0,0,0,0,0,0,0,0,0,0,0,0,0,0,0,0,0
15,05,16,3,ãûìs,7,06,500ñúâ∫*,23,É_,1,1200,èd,16,08153706,11,0,4,10.3,14,0,14,114.1,16,0,16,187.4,13,0,11,55.8,7,0,10,53.9,6,0,6,16.8,8,0,1,2.5,1,0,5,15.9,5,0,7,17.5,12,0,12,56.2,4,0,8,37.7,3,0,3,5.8,2,0,2,3.6,10,0,13,90.7,15,0,15,120.7,9,0,9,38.7,,,,,,,,,8,1590,0,0,0,0,8,300,13,170,12,200,0,0,0,0,4,7,410,1, , ,0,0, , ,0,0,8,13,3010,10,0,0,0,0,0,0,0,0,8,13,1040,11,8,12,1020,10,12,13,500,4,0,0,0,0,0,0,0,0,0,0,0,0,0,0,0,0,8,13,9170,29,0,0,0,0,0,0,0,0,0,0,0,0,0,0,0,0,0,0,0,0,8,12,13,5410,16,0,0,0,0,0,0,0,0,0,0,8,13,12,53240,150,0,0,0,0,0,0,0,0,0,0,0,0,0,0,0,0,0,0,0,0,0,0,0,0,0
15,05,16,3,ãûìs,7,07,500ñúâ∫*,23,é≈,0,1600,‚c,11,08153707,8,0,10,219.8,1,0,2,2.3,10,0,9,137.7,6,0,3,12.0,3,0,1,2.0,7,0,7,33.3,2,0,5,15.2,4,0,4,15.1,5,0,6,17.4,9,0,11,289.7,11,0,8,50.1,,,,,,,,,,,,,,,,,,,,,,,,,,,,,2,230,0,0,0,0,2,110,7,220,5,110,0,0,0,0,2,6,2000,7, , ,0,0, , ,0,0,2,7,2360,9,0,0,0,0,0,0,0,0,2,7,540,8,2,5,120,1,5,7,550,9,0,0,0,0,0,0,0,0,0,0,0,0,0,0,0,0,2,7,3630,12,0,0,0,0,0,0,0,0,0,0,0,0,0,0,0,0,0,0,0,0,2,5,7,890,4,0,0,0,0,0,0,0,0,0,0,2,7,5,7670,21,0,0,0,0,0,0,0,0,0,0,0,0,0,0,0,0,0,0,0,0,0,0,0,0,0
15,05,16,3,ãûìs,7,08,500ñúâ∫,23,É_,1,1900,èd,13,08153708,4,0,3,5.1,3,0,9,29.4,11,0,12,57.0,2,0,5,6.7,9,0,10,33.9,10,0,7,17.6,5,0,13,167.9,12,0,11,35.1,6,0,4,5.7,8,0,8,18.9,1,0,2,4.6,13,0,6,15.6,7,0,1,4.3,,,,,,,,,,,,,,,,,,,,,11,460,0,0,0,0,11,170,4,210,2,310,0,0,0,0,4,7,970,3, , ,0,0, , ,0,0,4,11,1090,2,0,0,0,0,0,0,0,0,4,11,480,2,2,11,1630,18,2,4,2780,40,0,0,0,0,0,0,0,0,0,0,0,0,0,0,0,0,11,4,2210,3,0,0,0,0,0,0,0,0,0,0,0,0,0,0,0,0,0,0,0,0,2,4,11,13100,46,0,0,0,0,0,0,0,0,0,0,11,4,2,55300,168,0,0,0,0,0,0,0,0,0,0,0,0,0,0,0,0,0,0,0,0,0,0,0,0,0
15,05,16,3,ãûìs,7,09,îíêÏì¡Çg1000,43,é≈,8,2400,‚c,10,08153709,6,0,1,3.8,2,0,8,17.8,7,0,7,12.8,9,0,6,9.0,3,0,2,4.2,8,0,9,26.1,10,0,10,105.1,5,0,4,8.4,4,0,3,4.3,1,0,5,8.6,,,,,,,,,,,,,,,,,,,,,,,,,,,,,,,,,10,860,0,0,0,0,10,230,2,470,5,190,0,0,0,0,2,8,2500,12, , ,0,0, , ,0,0,2,10,5960,25,0,0,0,0,0,0,0,0,2,10,1320,21,5,10,780,11,2,5,1500,25,0,0,0,0,0,0,0,0,0,0,0,0,0,0,0,0,10,2,11630,51,0,0,0,0,0,0,0,0,0,0,0,0,0,0,0,0,0,0,0,0,2,5,10,10940,50,0,0,0,0,0,0,0,0,0,0,10,2,5,78840,316,0,0,0,0,0,0,0,0,0,0,0,0,0,0,0,0,0,0,0,0,0,0,0,0,0
15,05,16,3,ãûìs,7,10,ïFç™Çr1600,67,é≈,0,1200,‚c,13,08153710,3,0,4,8.6,8,0,7,16.8,9,0,10,31.6,7,0,9,29.1,5,0,2,4.3,6,0,5,12.5,2,0,6,14.0,4,0,3,6.1,11,0,13,303.7,1,0,1,2.4,10,0,11,79.7,13,0,12,175.3,12,0,8,26.8,,,,,,,,,,,,,,,,,,,,,10,240,0,0,0,0,10,130,7,270,1,240,0,0,0,0,5,7,680,3, , ,0,0, , ,0,0,7,10,1800,6,0,0,0,0,0,0,0,0,7,10,680,7,1,10,590,5,1,7,1960,24,0,0,0,0,0,0,0,0,0,0,0,0,0,0,0,0,10,7,1950,6,0,0,0,0,0,0,0,0,0,0,0,0,0,0,0,0,0,0,0,0,1,7,10,5050,17,0,0,0,0,0,0,0,0,0,0,10,7,1,17960,51,0,0,0,0,0,0,0,0,0,0,0,0,0,0,0,0,0,0,0,0,0,0,0,0,0
15,05,16,3,ãûìs,7,11,ìsëÂòHÇr,131,é≈,8,1800,‚c,13,08153711,5,0,3,9.0,1,0,1,2.1,6,0,4,13.2,9,0,11,155.7,11,0,8,39.0,12,0,13,222.8,8,0,10,50.8,7,0,6,19.1,4,0,7,36.1,3,0,5,15.8,2,0,2,2.7,13,0,9,42.9,10,0,12,165.8,,,,,,,,,,,,,,,,,,,,,2,210,0,0,0,0,2,120,11,110,10,240,0,0,0,0,2,7,280,1, , ,0,0, , ,0,0,2,11,320,1,0,0,0,0,0,0,0,0,2,11,170,1,2,10,610,7,10,11,500,5,0,0,0,0,0,0,0,0,0,0,0,0,0,0,0,0,2,11,550,1,0,0,0,0,0,0,0,0,0,0,0,0,0,0,0,0,0,0,0,0,2,10,11,1340,3,0,0,0,0,0,0,0,0,0,0,2,11,10,3870,7,0,0,0,0,0,0,0,0,0,0,0,0,0,0,0,0,0,0,0,0,0,0,0,0,0
15,05,16,3,ãûìs,7,12,1000ñúâ∫,43,É_,1,1800,èd,10,08153712,5,0,9,54.7,4,0,5,8.3,3,0,8,22.3,8,0,6,9.4,10,0,2,4.2,6,0,10,102.0,2,0,1,3.7,9,0,7,14.6,7,0,3,4.3,1,0,4,6.3,,,,,,,,,,,,,,,,,,,,,,,,,,,,,,,,,10,630,0,0,0,0,10,220,7,140,3,480,0,0,0,0,7,8,330,1, , ,0,0, , ,0,0,7,10,1220,3,0,0,0,0,0,0,0,0,7,10,560,5,3,10,1760,24,3,7,1230,17,0,0,0,0,0,0,0,0,0,0,0,0,0,0,0,0,10,7,2390,7,0,0,0,0,0,0,0,0,0,0,0,0,0,0,0,0,0,0,0,0,3,7,10,7710,32,0,0,0,0,0,0,0,0,0,0,10,7,3,32150,129,0,0,0,0,0,0,0,0,0,0,0,0,0,0,0,0,0,0,0,0,0,0,0,0,0
15,05,17,3,ãûìs,8,01,ñ¢èüóò,7,É_,1,1800,èd,12,08153801,3,0,4,7.7,4,0,1,2.9,2,0,3,6.7,8,0,11,151.4,1,0,5,7.8,12,0,10,140.4,9,0,9,112.0,7,0,2,3.0,11,0,12,278.2,5,0,6,15.2,6,0,7,19.9,10,0,8,30.7,,,,,,,,,,,,,,,,,,,,,,,,,5,780,0,0,0,0,5,340,3,220,1,280,0,0,0,0,3,5,3460,14, , ,0,0, , ,0,0,3,5,3320,12,0,0,0,0,0,0,0,0,3,5,960,12,1,5,1460,18,1,3,620,7,0,0,0,0,0,0,0,0,0,0,0,0,0,0,0,0,5,3,5900,23,0,0,0,0,0,0,0,0,0,0,0,0,0,0,0,0,0,0,0,0,1,3,5,6690,22,0,0,0,0,0,0,0,0,0,0,5,3,1,33420,103,0,0,0,0,0,0,0,0,0,0,0,0,0,0,0,0,0,0,0,0,0,0,0,0,0
15,05,17,3,ãûìs,8,02,ñ¢èüóò,7,É_,1,1200,èd,16,08153802,9,0,10,77.6,8,0,9,61.8,14,0,11,103.8,5,0,6,14.5,11,0,12,149.2,10,0,8,32.4,16,0,15,231.1,6,0,7,29.7,1,0,3,5.1,15,0,13,156.7,4,0,2,4.9,13,0,14,222.2,12,0,16,241.8,7,0,4,6.8,2,0,1,2.4,3,0,5,9.4,,,,,,,,,9,510,0,0,0,0,9,200,15,130,16,230,0,0,0,0,5,8,660,3, , ,0,0, , ,0,0,9,15,740,3,0,0,0,0,0,0,0,0,9,15,360,3,9,16,790,8,15,16,460,6,0,0,0,0,0,0,0,0,0,0,0,0,0,0,0,0,9,15,2180,7,0,0,0,0,0,0,0,0,0,0,0,0,0,0,0,0,0,0,0,0,9,15,16,2310,7,0,0,0,0,0,0,0,0,0,0,9,15,16,13970,44,0,0,0,0,0,0,0,0,0,0,0,0,0,0,0,0,0,0,0,0,0,0,0,0,0
15,05,17,3,ãûìs,8,03,ñ¢èüóò,7,É_,1,1900,èd,12,08153803,2,0,2,4.7,8,0,10,233.4,10,0,12,269.1,12,0,9,152.2,6,0,5,9.7,7,0,7,22.1,3,0,3,5.3,4,0,4,5.8,5,0,8,43.1,1,0,1,2.3,9,0,6,13.2,11,0,11,247.7,,,,,,,,,,,,,,,,,,,,,,,,,10,230,0,0,0,0,10,110,1,180,7,190,0,0,0,0,1,7,630,2, , ,0,0, , ,0,0,1,10,680,2,0,0,0,0,0,0,0,0,1,10,300,3,7,10,290,2,1,7,650,10,0,0,0,0,0,0,0,0,0,0,0,0,0,0,0,0,10,1,1220,4,0,0,0,0,0,0,0,0,0,0,0,0,0,0,0,0,0,0,0,0,1,7,10,1260,3,0,0,0,0,0,0,0,0,0,0,10,1,7,5370,9,0,0,0,0,0,0,0,0,0,0,0,0,0,0,0,0,0,0,0,0,0,0,0,0,0
15,05,17,3,ãûìs,8,04,ñ¢èüóòÅEñƒ,7,é≈,0,1600,‚c,18,08153804,2,0,2,3.8,17,0,14,165.2,11,0,13,153.9,10,0,8,30.0,7,0,7,18.1,16,0,16,227.5,9,0,6,17.8,12,0,10,52.3,13,0,9,41.4,1,0,1,2.2,4,0,12,110.0,6,0,3,7.0,15,0,17,660.9,3,0,4,9.3,0,1,0,0.0,8,0,11,103.9,14,0,15,202.6,5,0,5,13.4,10,220,0,0,0,0,10,110,1,140,14,190,0,0,0,0,1,5,420,1, , ,0,0, , ,0,0,1,10,460,1,0,0,0,0,0,0,0,0,1,10,220,1,10,14,340,3,1,14,430,4,0,0,0,0,0,0,0,0,0,0,0,0,0,0,0,0,10,1,640,1,0,0,0,0,0,0,0,0,0,0,0,0,0,0,0,0,0,0,0,0,1,10,14,960,1,0,0,0,0,0,0,0,0,0,0,10,1,14,2820,2,0,0,0,0,0,0,0,0,0,0,0,0,0,0,0,0,0,0,0,0,0,0,0,0,0
15,05,17,3,ãûìs,8,05,ñ¢èüóò,7,é≈,0,2000,ó«,12,08153805,11,0,10,161.7,6,0,11,180.6,7,0,12,220.0,2,0,3,5.2,3,0,8,52.8,12,0,7,39.6,5,0,4,9.6,1,0,1,2.3,9,0,9,61.3,4,0,5,12.8,8,0,2,3.0,10,0,6,18.7,,,,,,,,,,,,,,,,,,,,,,,,,8,230,0,0,0,0,8,120,4,170,5,860,0,0,0,0,4,6,430,2, , ,0,0, , ,0,0,4,8,530,2,0,0,0,0,0,0,0,0,4,8,260,2,5,8,1700,16,4,5,3180,24,0,0,0,0,0,0,0,0,0,0,0,0,0,0,0,0,8,4,910,3,0,0,0,0,0,0,0,0,0,0,0,0,0,0,0,0,0,0,0,0,4,5,8,7220,21,0,0,0,0,0,0,0,0,0,0,8,4,5,23120,72,0,0,0,0,0,0,0,0,0,0,0,0,0,0,0,0,0,0,0,0,0,0,0,0,0
15,05,17,3,ãûìs,8,06,500ñúâ∫*,23,É_,1,1800,‚c,9,08153806,8,0,9,71.2,5,0,2,5.3,7,0,8,44.6,9,0,6,12.6,2,0,4,8.5,4,0,7,37.5,6,0,5,12.3,3,0,3,7.3,1,0,1,1.6,,,,,,,,,,,,,,,,,,,,,,,,,,,,,,,,,,,,,9,160,0,0,0,0,9,110,5,170,8,150,0,0,0,0,5,8,540,3, , ,0,0, , ,0,0,5,9,640,3,0,0,0,0,0,0,0,0,5,9,240,3,8,9,210,1,5,8,620,8,0,0,0,0,0,0,0,0,0,0,0,0,0,0,0,0,9,5,810,3,0,0,0,0,0,0,0,0,0,0,0,0,0,0,0,0,0,0,0,0,5,8,9,870,2,0,0,0,0,0,0,0,0,0,0,9,5,8,2620,4,0,0,0,0,0,0,0,0,0,0,0,0,0,0,0,0,0,0,0,0,0,0,0,0,0
15,05,17,3,ãûìs,8,07,500ñúâ∫,23,É_,1,1200,‚c,16,08153807,1,0,7,16.3,12,0,3,6.7,8,0,12,68.9,10,0,6,11.2,2,0,1,3.5,11,0,14,126.5,15,0,9,18.5,7,0,5,10.2,3,0,4,7.7,14,0,8,18.3,13,0,13,113.4,5,0,2,4.2,9,0,16,151.4,16,0,11,50.0,4,0,15,129.9,6,0,10,32.0,,,,,,,,,1,1630,0,0,0,0,1,350,5,150,9,220,0,0,0,0,1,3,760,1, , ,0,0, , ,0,0,1,5,2950,11,0,0,0,0,0,0,0,0,1,5,1060,11,1,9,2110,26,5,9,600,4,0,0,0,0,0,0,0,0,0,0,0,0,0,0,0,0,1,5,6940,27,0,0,0,0,0,0,0,0,0,0,0,0,0,0,0,0,0,0,0,0,1,5,9,6630,20,0,0,0,0,0,0,0,0,0,0,1,5,9,52790,160,0,0,0,0,0,0,0,0,0,0,0,0,0,0,0,0,0,0,0,0,0,0,0,0,0
15,05,17,3,ãûìs,8,08,500ñúâ∫,23,é≈,8,1400,ó«,18,08153808,6,0,4,7.1,8,0,1,5.2,1,0,13,52.1,12,0,10,21.8,16,0,14,60.4,3,0,6,11.6,7,0,8,14.5,4,0,7,12.2,10,0,11,48.9,2,0,12,51.1,11,0,17,182.0,9,0,2,5.5,13,0,3,6.3,15,0,9,16.3,5,0,5,7.7,18,0,16,96.6,14,0,18,229.0,17,0,15,82.0,3,5210,0,0,0,0,3,2170,10,960,6,410,0,0,0,0,2,5,17630,29, , ,0,0, , ,0,0,3,10,105080,113,0,0,0,0,0,0,0,0,3,10,32040,121,3,6,12660,82,6,10,9570,73,0,0,0,0,0,0,0,0,0,0,0,0,0,0,0,0,3,10,296070,245,0,0,0,0,0,0,0,0,0,0,0,0,0,0,0,0,0,0,0,0,3,6,10,514310,506,0,0,0,0,0,0,0,0,0,0,3,10,6,4408280,3363,0,0,0,0,0,0,0,0,0,0,0,0,0,0,0,0,0,0,0,0,0,0,0,0,0
15,05,17,3,ãûìs,8,09,ÉpÅ[ÉãÇr1600,67,é≈,8,1800,ó«,10,08153809,5,0,6,8.7,3,0,3,4.9,6,0,10,47.7,7,0,2,4.8,8,0,9,43.4,1,0,1,3.7,10,0,8,22.0,4,0,5,7.9,9,0,4,5.5,2,0,7,15.9,,,,,,,,,,,,,,,,,,,,,,,,,,,,,,,,,6,370,0,0,0,0,6,150,10,350,2,170,0,0,0,0,6,8,850,2, , ,0,0, , ,0,0,6,10,2970,15,0,0,0,0,0,0,0,0,6,10,920,15,2,6,380,2,2,10,1330,19,0,0,0,0,0,0,0,0,0,0,0,0,0,0,0,0,6,10,4890,27,0,0,0,0,0,0,0,0,0,0,0,0,0,0,0,0,0,0,0,0,2,6,10,4420,18,0,0,0,0,0,0,0,0,0,0,6,10,2,25820,112,0,0,0,0,0,0,0,0,0,0,0,0,0,0,0,0,0,0,0,0,0,0,0,0,0
15,05,17,3,ãûìs,8,10,à®Çr,131,é≈,0,1200,ó«,16,08153810,6,0,2,4.2,3,0,10,35.1,14,0,12,41.5,2,0,4,7.6,1,0,8,23.0,9,0,15,118.0,4,0,6,15.7,7,0,3,6.4,5,0,11,35.7,12,0,7,19.3,8,0,1,3.0,15,0,14,94.0,16,0,13,59.1,11,0,16,121.0,13,0,5,11.6,10,0,9,30.3,,,,,,,,,5,2300,0,0,0,0,5,710,4,310,2,890,0,0,0,0,2,3,8660,26, , ,0,0, , ,0,0,4,5,13910,41,0,0,0,0,0,0,0,0,4,5,3840,39,2,5,7890,71,2,4,3710,37,0,0,0,0,0,0,0,0,0,0,0,0,0,0,0,0,5,4,26940,82,0,0,0,0,0,0,0,0,0,0,0,0,0,0,0,0,0,0,0,0,2,4,5,77150,190,0,0,0,0,0,0,0,0,0,0,5,4,2,665300,1343,0,0,0,0,0,0,0,0,0,0,0,0,0,0,0,0,0,0,0,0,0,0,0,0,0
15,05,17,3,ãûìs,8,11,åIìåÇrÇg,131,É_,1,1400,‚c,16,08153811,9,0,2,4.2,6,0,13,93.2,14,0,11,49.0,1,0,3,6.5,8,0,10,45.1,11,0,9,37.6,2,0,6,23.8,4,0,1,2.3,3,0,5,11.2,7,0,7,24.3,10,0,12,77.8,15,0,14,109.5,13,0,15,190.1,0,3,0,0.0,5,0,4,8.1,12,0,8,25.1,,,,,,,,,4,650,0,0,0,0,4,270,7,560,9,390,0,0,0,0,2,4,870,4, , ,0,0, , ,0,0,4,7,8090,25,0,0,0,0,0,0,0,0,4,7,2220,22,4,9,1480,16,7,9,3050,30,0,0,0,0,0,0,0,0,0,0,0,0,0,0,0,0,4,7,14160,39,0,0,0,0,0,0,0,0,0,0,0,0,0,0,0,0,0,0,0,0,4,7,9,25570,67,0,0,0,0,0,0,0,0,0,0,4,7,9,149590,351,0,0,0,0,0,0,0,0,0,0,0,0,0,0,0,0,0,0,0,0,0,0,0,0,0
15,05,17,3,ãûìs,8,12,1000ñúâ∫,43,é≈,0,1200,ó«,16,08153812,8,0,8,25.1,4,0,7,17.7,5,0,4,11.8,3,0,14,114.9,1,0,1,2.0,9,0,12,60.1,2,0,3,7.8,6,0,2,5.2,13,0,9,33.9,10,0,5,14.1,14,0,10,37.6,12,0,11,39.7,16,0,16,173.8,7,0,6,14.4,11,0,13,69.1,15,0,15,170.2,,,,,,,,,5,200,0,0,0,0,5,140,7,250,4,1990,0,0,0,0,3,4,360,1, , ,0,0, , ,0,0,5,7,1090,2,0,0,0,0,0,0,0,0,5,7,480,2,4,5,2540,28,4,7,11620,85,0,0,0,0,0,0,0,0,0,0,0,0,0,0,0,0,5,7,1440,2,0,0,0,0,0,0,0,0,0,0,0,0,0,0,0,0,0,0,0,0,4,5,7,40640,114,0,0,0,0,0,0,0,0,0,0,5,7,4,109420,308,0,0,0,0,0,0,0,0,0,0,0,0,0,0,0,0,0,0,0,0,0,0,0,0,0
