15,03,28,3,中山,1,01,未勝利・牝,7,ダ,1,1800,良,16,06153101,5,0,11,65.7,2,0,1,2.4,3,0,15,290.2,13,0,16,381.7,6,0,3,7.6,12,0,14,218.3,9,0,12,195.6,11,0,10,64.8,15,0,6,16.1,7,0,13,195.8,10,0,2,3.5,14,0,7,16.7,16,0,8,23.0,4,0,4,10.5,1,0,5,12.8,8,0,9,34.7,,,,,,,,,15,1280,0,0,0,0,15,350,2,150,3,3470,0,0,0,0,1,8,1550,6, , ,0,0, , ,0,0,2,15,2830,10,0,0,0,0,0,0,0,0,2,15,1260,13,3,15,54350,102,2,3,8110,49,0,0,0,0,0,0,0,0,0,0,0,0,0,0,0,0,15,2,5540,21,0,0,0,0,0,0,0,0,0,0,0,0,0,0,0,0,0,0,0,0,2,3,15,153190,195,0,0,0,0,0,0,0,0,0,0,15,2,3,710280,1014,0,0,0,0,0,0,0,0,0,0,0,0,0,0,0,0,0,0,0,0,0,0,0,0,0
15,03,28,3,中山,1,02,未勝利,7,ダ,1,1200,良,16,06153102,14,0,12,165.4,10,0,14,250.0,9,0,6,8.6,12,0,4,7.2,3,0,8,34.9,4,0,2,5.0,13,0,16,388.7,8,0,9,56.0,2,0,1,3.5,7,0,10,79.9,10,0,11,162.4,5,0,7,8.7,6,0,3,5.6,1,0,5,7.3,15,0,15,287.0,16,0,13,198.0,,,,,,,,,14,730,0,0,0,0,14,240,9,170,5,580,0,0,0,0,5,7,560,1, , ,0,0, , ,0,0,9,14,1330,6,0,0,0,0,0,0,0,0,9,14,560,5,5,14,4050,30,5,9,1970,22,0,0,0,0,0,0,0,0,0,0,0,0,0,0,0,0,14,9,2840,10,0,0,0,0,0,0,0,0,0,0,0,0,0,0,0,0,0,0,0,0,5,9,14,14380,43,0,0,0,0,0,0,0,0,0,0,14,9,5,71670,236,0,0,0,0,0,0,0,0,0,0,0,0,0,0,0,0,0,0,0,0,0,0,0,0,0
15,03,28,3,中山,1,03,未勝利,7,ダ,1,1800,良,16,06153103,10,0,4,12.1,7,0,13,107.2,9,0,12,96.6,15,0,8,55.1,13,0,11,72.0,12,0,6,19.6,5,0,10,69.7,1,0,1,2.6,11,0,14,139.1,14,0,15,392.5,3,0,2,3.3,4,0,7,19.7,2,0,3,4.3,8,0,5,18.0,6,0,9,60.4,16,0,16,555.8,,,,,,,,,8,260,0,0,0,0,8,110,13,130,11,120,0,0,0,0,4,7,410,2, , ,0,0, , ,0,0,8,13,530,2,0,0,0,0,0,0,0,0,8,13,190,2,8,11,190,1,11,13,260,3,0,0,0,0,0,0,0,0,0,0,0,0,0,0,0,0,8,13,960,3,0,0,0,0,0,0,0,0,0,0,0,0,0,0,0,0,0,0,0,0,8,11,13,430,1,0,0,0,0,0,0,0,0,0,0,8,13,11,2320,2,0,0,0,0,0,0,0,0,0,0,0,0,0,0,0,0,0,0,0,0,0,0,0,0,0
15,03,28,3,中山,1,04,未勝利,7,芝,0,1800,良,16,06153104,3,0,2,4.6,6,0,12,115.3,2,0,6,22.8,11,0,16,348.0,16,0,15,322.7,4,0,1,1.6,13,0,14,247.8,8,0,4,10.9,5,0,5,22.5,10,0,10,82.1,7,0,3,8.9,12,0,8,32.4,14,0,11,90.1,1,0,9,48.7,15,0,13,238.8,9,0,7,22.8,,,,,,,,,14,4870,0,0,0,0,14,1870,3,1140,1,350,0,0,0,0,2,7,12440,26, , ,0,0, , ,0,0,3,14,31250,46,0,0,0,0,0,0,0,0,3,14,8480,47,1,14,3660,29,1,3,1500,13,0,0,0,0,0,0,0,0,0,0,0,0,0,0,0,0,14,3,119880,109,0,0,0,0,0,0,0,0,0,0,0,0,0,0,0,0,0,0,0,0,1,3,14,64460,107,0,0,0,0,0,0,0,0,0,0,14,3,1,854380,889,0,0,0,0,0,0,0,0,0,0,0,0,0,0,0,0,0,0,0,0,0,0,0,0,0
15,03,28,3,中山,1,05,500万下*,23,ダ,1,1800,良,16,06153105,11,0,7,23.2,6,0,14,118.7,9,0,12,75.0,2,0,1,1.7,4,0,13,77.1,1,0,2,6.2,14,0,15,196.4,16,0,8,24.0,10,0,10,45.8,7,0,5,18.4,8,0,11,58.7,12,0,9,27.2,15,0,16,554.9,5,0,3,6.6,3,0,6,18.8,13,0,4,17.2,,,,,,,,,6,620,0,0,0,0,6,160,4,110,15,440,0,0,0,0,2,3,460,1, , ,0,0, , ,0,0,4,6,490,1,0,0,0,0,0,0,0,0,4,6,240,1,6,15,1490,15,4,15,880,9,0,0,0,0,0,0,0,0,0,0,0,0,0,0,0,0,6,4,1880,5,0,0,0,0,0,0,0,0,0,0,0,0,0,0,0,0,0,0,0,0,4,6,15,3410,8,0,0,0,0,0,0,0,0,0,0,6,4,15,16690,40,0,0,0,0,0,0,0,0,0,0,0,0,0,0,0,0,0,0,0,0,0,0,0,0,0
15,03,28,3,中山,1,06,500万下*,23,芝,8,1200,良,15,06153106,2,0,1,3.6,12,0,5,9.4,8,0,3,6.7,5,0,14,88.6,7,0,11,49.8,9,0,7,13.1,13,0,9,17.9,3,0,2,4.8,3,0,10,23.8,11,0,12,54.8,14,0,6,11.0,10,0,13,75.2,15,0,4,8.8,6,0,15,95.4,1,0,8,14.4,,,,,,,,,,,,,15,1440,0,0,0,0,15,250,1,150,8,140,9,390,0,0,1,8,2260,12, , ,0,0, , ,0,0,1,15,2450,10,0,0,0,0,0,0,0,0,1,15,590,12,8,15,550,10,9,15,2620,51,1,8,260,1,1,9,1150,29,0,0,0,0,0,0,0,0,15,1,5490,23,0,0,0,0,0,0,0,0,0,0,0,0,0,0,0,0,0,0,0,0,1,8,15,1840,6,1,9,15,11100,85,0,0,0,0,0,15,1,8,13060,42,15,1,9,70150,515,0,0,0,0,0,0,0,0,0,0,0,0,0,0,0,0,0,0,0,0
15,03,28,3,中山,1,07,500万下,23,ダ,1,1800,良,14,06153107,10,0,3,4.9,14,0,14,190.0,9,0,2,4.5,5,0,8,16.0,8,0,11,34.9,13,0,7,14.9,7,0,10,34.8,4,0,6,14.0,6,0,5,13.2,2,0,13,151.8,3,0,9,17.1,12,0,12,70.2,11,0,4,7.9,1,0,1,3.5,,,,,,,,,,,,,,,,,14,350,0,0,0,0,14,180,10,1720,11,420,0,0,0,0,6,8,1980,9, , ,0,0, , ,0,0,10,14,27120,46,0,0,0,0,0,0,0,0,10,14,7520,53,11,14,930,7,10,11,30100,83,0,0,0,0,0,0,0,0,0,0,0,0,0,0,0,0,14,10,35660,89,0,0,0,0,0,0,0,0,0,0,0,0,0,0,0,0,0,0,0,0,10,11,14,101470,167,0,0,0,0,0,0,0,0,0,0,14,10,11,531470,943,0,0,0,0,0,0,0,0,0,0,0,0,0,0,0,0,0,0,0,0,0,0,0,0,0
15,03,28,3,中山,1,08,500万下,23,ダ,1,1200,良,16,06153108,12,0,12,83.7,16,0,8,38.8,5,0,10,65.0,15,0,6,9.8,6,0,2,5.1,7,0,7,13.0,13,0,4,7.0,4,0,9,43.3,14,0,14,113.1,3,0,1,2.7,8,0,16,253.6,1,0,5,9.1,10,0,13,94.5,2,0,3,6.8,9,0,11,83.4,11,0,15,183.4,,,,,,,,,12,910,0,0,0,0,12,220,14,170,10,140,0,0,0,0,6,7,2180,10, , ,0,0, , ,0,0,12,14,2740,9,0,0,0,0,0,0,0,0,12,14,670,7,10,12,410,3,10,14,390,1,0,0,0,0,0,0,0,0,0,0,0,0,0,0,0,0,12,14,5880,22,0,0,0,0,0,0,0,0,0,0,0,0,0,0,0,0,0,0,0,0,10,12,14,1870,1,0,0,0,0,0,0,0,0,0,0,12,14,10,17230,45,0,0,0,0,0,0,0,0,0,0,0,0,0,0,0,0,0,0,0,0,0,0,0,0,0
15,03,28,3,中山,1,09,ミモザ賞500*,23,芝,0,2000,良,16,06153109,10,0,9,16.3,14,0,15,113.5,7,0,5,10.3,3,0,14,82.2,13,0,10,27.6,12,0,16,184.1,15,0,3,6.4,1,0,4,7.9,8,0,7,13.7,6,0,11,36.1,9,0,13,76.3,16,0,6,12.7,4,0,1,3.1,11,0,8,15.2,2,0,2,6.2,5,0,12,59.9,,,,,,,,,8,790,0,0,0,0,8,270,15,210,4,1720,0,0,0,0,4,8,1150,4, , ,0,0, , ,0,0,8,15,2370,6,0,0,0,0,0,0,0,0,8,15,950,7,4,8,8430,71,4,15,6940,61,0,0,0,0,0,0,0,0,0,0,0,0,0,0,0,0,8,15,4800,16,0,0,0,0,0,0,0,0,0,0,0,0,0,0,0,0,0,0,0,0,4,8,15,64860,180,0,0,0,0,0,0,0,0,0,0,8,15,4,261740,823,0,0,0,0,0,0,0,0,0,0,0,0,0,0,0,0,0,0,0,0,0,0,0,0,0
15,03,28,3,中山,1,10,春風Ｓ1600,67,ダ,1,1200,良,16,06153110,11,0,13,76.7,4,0,5,9.1,12,0,2,5.1,1,0,6,12.8,5,0,1,4.7,13,0,15,147.2,8,0,12,63.4,6,0,3,5.7,16,0,7,13.5,9,0,10,23.4,14,0,16,162.2,15,0,14,95.5,2,0,4,5.8,7,0,8,16.4,3,0,9,21.7,10,0,11,26.3,,,,,,,,,4,1280,0,0,0,0,4,430,13,210,15,590,0,0,0,0,2,7,900,2, , ,0,0, , ,0,0,4,13,4460,17,0,0,0,0,0,0,0,0,4,13,1540,17,4,15,4530,52,13,15,1690,22,0,0,0,0,0,0,0,0,0,0,0,0,0,0,0,0,4,13,9130,32,0,0,0,0,0,0,0,0,0,0,0,0,0,0,0,0,0,0,0,0,4,13,15,33020,104,0,0,0,0,0,0,0,0,0,0,4,13,15,186270,565,0,0,0,0,0,0,0,0,0,0,0,0,0,0,0,0,0,0,0,0,0,0,0,0,0
15,03,28,3,中山,1,11,日経賞G2,179,芝,0,2500,良,12,06153111,5,0,7,21.9,12,0,11,53.3,2,0,5,7.3,3,0,6,14.8,10,0,3,5.2,1,0,4,5.4,7,0,8,22.8,11,0,12,153.0,8,0,2,4.5,4,0,1,3.5,9,0,10,48.0,6,0,9,28.1,,,,,,,,,,,,,,,,,,,,,,,,,6,540,0,0,0,0,6,220,3,260,4,340,0,0,0,0,3,5,960,3, , ,0,0, , ,0,0,3,6,2190,10,0,0,0,0,0,0,0,0,3,6,850,10,4,6,1360,16,3,4,1370,17,0,0,0,0,0,0,0,0,0,0,0,0,0,0,0,0,6,3,3940,18,0,0,0,0,0,0,0,0,0,0,0,0,0,0,0,0,0,0,0,0,3,4,6,8900,33,0,0,0,0,0,0,0,0,0,0,6,3,4,37310,127,0,0,0,0,0,0,0,0,0,0,0,0,0,0,0,0,0,0,0,0,0,0,0,0,0
15,03,28,3,中山,1,12,1000万下,43,芝,0,1800,良,12,06153112,2,0,1,2.7,5,0,4,5.8,4,0,10,112.7,12,0,9,64.5,6,0,8,48.4,10,0,3,4.7,3,0,2,4.6,9,0,6,16.9,1,0,5,7.0,8,0,11,125.7,7,0,7,42.6,11,0,12,133.9,,,,,,,,,,,,,,,,,,,,,,,,,9,700,0,0,0,0,9,160,1,120,7,150,0,0,0,0,1,7,770,4, , ,0,0, , ,0,0,1,9,850,4,0,0,0,0,0,0,0,0,1,9,300,4,7,9,470,6,1,7,260,2,0,0,0,0,0,0,0,0,0,0,0,0,0,0,0,0,9,1,2050,8,0,0,0,0,0,0,0,0,0,0,0,0,0,0,0,0,0,0,0,0,1,7,9,1040,2,0,0,0,0,0,0,0,0,0,0,9,1,7,7620,24,0,0,0,0,0,0,0,0,0,0,0,0,0,0,0,0,0,0,0,0,0,0,0,0,0
15,03,29,3,中山,2,01,未勝利,7,ダ,1,1200,良,16,06153201,3,0,4,13.2,10,0,7,23.6,5,0,11,37.7,7,0,6,20.4,14,0,14,115.5,12,0,13,85.9,9,0,10,37.0,4,0,8,25.6,16,0,15,185.0,11,0,5,13.7,1,0,3,7.2,7,0,12,39.7,15,0,16,288.0,13,0,2,7.0,6,0,9,28.4,2,0,1,1.8,,,,,,,,,11,720,0,0,0,0,11,170,16,110,1,220,0,0,0,0,6,8,480,2, , ,0,0, , ,0,0,11,16,640,2,0,0,0,0,0,0,0,0,11,16,290,2,1,11,1190,11,1,16,530,3,0,0,0,0,0,0,0,0,0,0,0,0,0,0,0,0,11,16,1760,5,0,0,0,0,0,0,0,0,0,0,0,0,0,0,0,0,0,0,0,0,1,11,16,2140,3,0,0,0,0,0,0,0,0,0,0,11,16,1,12220,22,0,0,0,0,0,0,0,0,0,0,0,0,0,0,0,0,0,0,0,0,0,0,0,0,0
15,03,29,3,中山,2,02,未勝利,7,ダ,1,1800,良,16,06153202,11,0,8,41.6,14,0,13,260.4,16,0,16,402.0,6,0,11,95.9,4,0,9,43.3,12,0,7,30.6,13,0,14,322.0,10,0,12,117.0,3,0,2,6.1,9,0,6,13.1,5,0,3,6.5,7,0,5,13.1,2,0,1,1.8,15,0,10,45.4,8,0,15,358.3,1,0,4,9.0,,,,,,,,,16,900,0,0,0,0,16,240,13,110,9,160,0,0,0,0,7,8,1120,4, , ,0,0, , ,0,0,13,16,1300,5,0,0,0,0,0,0,0,0,13,16,470,5,9,16,1010,12,9,13,270,2,0,0,0,0,0,0,0,0,0,0,0,0,0,0,0,0,16,13,2910,10,0,0,0,0,0,0,0,0,0,0,0,0,0,0,0,0,0,0,0,0,9,13,16,2550,8,0,0,0,0,0,0,0,0,0,0,16,13,9,15760,45,0,0,0,0,0,0,0,0,0,0,0,0,0,0,0,0,0,0,0,0,0,0,0,0,0
15,03,29,3,中山,2,03,未勝利,7,芝,8,1600,良,16,06153203,9,0,4,8.0,11,0,12,101.8,3,0,1,3.1,15,0,14,213.3,12,0,16,395.3,13,0,8,57.3,10,0,9,65.8,5,0,7,22.0,2,0,3,5.1,6,0,2,3.5,1,0,5,9.6,14,0,13,156.2,7,0,11,88.4,8,0,10,84.0,4,0,6,10.0,16,0,15,312.1,,,,,,,,,11,960,0,0,0,0,11,180,9,180,3,120,0,0,0,0,5,6,1390,8, , ,0,0, , ,0,0,9,11,3190,13,0,0,0,0,0,0,0,0,9,11,850,12,3,11,400,3,3,9,340,2,0,0,0,0,0,0,0,0,0,0,0,0,0,0,0,0,11,9,7140,27,0,0,0,0,0,0,0,0,0,0,0,0,0,0,0,0,0,0,0,0,3,9,11,2060,7,0,0,0,0,0,0,0,0,0,0,11,9,3,20920,68,0,0,0,0,0,0,0,0,0,0,0,0,0,0,0,0,0,0,0,0,0,0,0,0,0
15,03,29,3,中山,2,04,未勝利,7,芝,8,2200,良,18,06153204,10,0,18,314.4,16,0,14,208.0,2,0,3,3.8,17,0,16,248.6,18,0,13,121.6,9,0,4,8.0,11,0,1,3.5,13,0,17,297.5,3,0,5,12.0,8,0,8,49.4,7,0,7,16.4,15,0,11,78.2,6,0,9,63.4,1,0,2,3.6,12,0,6,15.4,5,0,12,84.0,4,0,10,71.9,14,0,15,242.2,14,360,0,0,0,0,14,140,3,180,9,210,0,0,0,0,2,7,690,2, , ,0,0, , ,0,0,3,14,800,3,0,0,0,0,0,0,0,0,3,14,460,3,9,14,630,6,3,9,850,11,0,0,0,0,0,0,0,0,0,0,0,0,0,0,0,0,14,3,1810,6,0,0,0,0,0,0,0,0,0,0,0,0,0,0,0,0,0,0,0,0,3,9,14,2990,8,0,0,0,0,0,0,0,0,0,0,14,3,9,11530,25,0,0,0,0,0,0,0,0,0,0,0,0,0,0,0,0,0,0,0,0,0,0,0,0,0
15,03,29,3,中山,2,05,500万下*,23,芝,0,1800,良,9,06153205,3,0,3,6.3,2,0,5,10.8,1,0,1,2.0,7,0,7,20.9,5,0,8,82.2,4,0,2,3.7,8,0,6,17.1,6,0,4,8.8,9,0,9,144.4,,,,,,,,,,,,,,,,,,,,,,,,,,,,,,,,,,,,,3,200,0,0,0,0,3,110,2,190,1,180,0,0,0,0,2,3,890,4, , ,0,0, , ,0,0,2,3,820,4,0,0,0,0,0,0,0,0,2,3,300,2,1,3,320,3,1,2,640,9,0,0,0,0,0,0,0,0,0,0,0,0,0,0,0,0,3,2,1190,5,0,0,0,0,0,0,0,0,0,0,0,0,0,0,0,0,0,0,0,0,1,2,3,1190,4,0,0,0,0,0,0,0,0,0,0,3,2,1,4430,12,0,0,0,0,0,0,0,0,0,0,0,0,0,0,0,0,0,0,0,0,0,0,0,0,0
15,03,29,3,中山,2,06,500万下,23,ダ,1,1800,良,11,06153206,10,0,8,25.3,1,0,10,109.7,11,0,11,148.9,2,0,1,2.7,9,0,7,17.9,8,0,6,17.3,7,0,5,13.2,4,0,2,3.0,3,0,3,6.3,6,0,9,32.4,5,0,4,7.5,,,,,,,,,,,,,,,,,,,,,,,,,,,,,2,10970,0,0,0,0,2,1440,4,140,9,210,0,0,0,0,2,4,13420,20, , ,0,0, , ,0,0,2,4,13770,30,0,0,0,0,0,0,0,0,2,4,3500,31,2,9,8180,41,4,9,390,3,0,0,0,0,0,0,0,0,0,0,0,0,0,0,0,0,2,4,33060,64,0,0,0,0,0,0,0,0,0,0,0,0,0,0,0,0,0,0,0,0,2,4,9,29360,63,0,0,0,0,0,0,0,0,0,0,2,4,9,385600,543,0,0,0,0,0,0,0,0,0,0,0,0,0,0,0,0,0,0,0,0,0,0,0,0,0
15,03,29,3,中山,2,07,500万下・牝,23,ダ,1,1200,良,16,06153207,3,0,6,13.0,9,0,10,44.4,7,0,11,66.6,13,0,15,131.8,8,0,5,12.0,1,0,2,3.8,16,0,14,127.2,6,0,8,18.8,2,0,1,2.6,14,0,3,8.8,12,0,13,110.4,11,0,16,261.1,4,0,9,42.0,5,0,4,8.8,15,0,12,96.9,10,0,7,15.0,,,,,,,,,6,380,0,0,0,0,6,140,9,120,1,390,0,0,0,0,3,5,300,1, , ,0,0, , ,0,0,6,9,480,1,0,0,0,0,0,0,0,0,6,9,210,1,1,6,1290,16,1,9,960,10,0,0,0,0,0,0,0,0,0,0,0,0,0,0,0,0,6,9,1060,2,0,0,0,0,0,0,0,0,0,0,0,0,0,0,0,0,0,0,0,0,1,6,9,2210,5,0,0,0,0,0,0,0,0,0,0,6,9,1,9140,16,0,0,0,0,0,0,0,0,0,0,0,0,0,0,0,0,0,0,0,0,0,0,0,0,0
15,03,29,3,中山,2,08,1000万下,43,ダ,1,1800,良,16,06153208,7,0,11,54.1,8,0,16,195.1,13,0,9,18.2,16,0,13,90.5,3,0,6,8.6,10,0,15,188.6,6,0,14,176.6,4,0,2,5.5,2,0,4,7.7,15,0,12,63.8,12,0,1,4.1,1,0,3,6.6,5,0,5,8.2,14,0,7,11.9,11,0,8,12.3,9,0,10,26.8,,,,,,,,,12,660,0,0,0,0,12,230,9,240,5,290,0,0,0,0,5,6,830,2, , ,0,0, , ,0,0,9,12,2870,9,0,0,0,0,0,0,0,0,9,12,750,7,5,12,1120,10,5,9,1340,17,0,0,0,0,0,0,0,0,0,0,0,0,0,0,0,0,12,9,5320,15,0,0,0,0,0,0,0,0,0,0,0,0,0,0,0,0,0,0,0,0,5,9,12,7610,23,0,0,0,0,0,0,0,0,0,0,12,9,5,39920,108,0,0,0,0,0,0,0,0,0,0,0,0,0,0,0,0,0,0,0,0,0,0,0,0,0
15,03,29,3,中山,2,09,ペガサス,131,芝,2,3350,良,9,06153209,7,0,6,18.5,5,0,2,2.5,4,0,5,17.1,9,0,9,85.9,1,0,1,2.1,8,0,7,59.3,6,0,8,59.5,2,0,3,6.8,3,0,4,11.7,,,,,,,,,,,,,,,,,,,,,,,,,,,,,,,,,,,,,5,210,0,0,0,0,5,110,8,180,9,260,0,0,0,0,5,8,510,2, , ,0,0, , ,0,0,5,8,870,2,0,0,0,0,0,0,0,0,5,8,320,3,5,9,410,4,8,9,670,10,0,0,0,0,0,0,0,0,0,0,0,0,0,0,0,0,5,8,1120,3,0,0,0,0,0,0,0,0,0,0,0,0,0,0,0,0,0,0,0,0,5,8,9,1960,5,0,0,0,0,0,0,0,0,0,0,5,8,9,5210,15,0,0,0,0,0,0,0,0,0,0,0,0,0,0,0,0,0,0,0,0,0,0,0,0,0
15,03,29,3,中山,2,10,常総ＳＨ1600,67,芝,0,2000,良,13,06153210,11,0,9,50.2,2,0,1,2.5,13,0,11,66.2,5,0,2,4.5,9,0,8,20.0,4,0,3,7.3,10,0,12,98.0,1,0,5,9.5,6,0,4,8.1,6,0,6,11.4,12,0,10,50.2,3,0,7,15.2,8,0,13,167.9,,,,,,,,,,,,,,,,,,,,,8,950,0,0,0,0,8,220,2,150,12,300,0,0,0,0,2,6,610,1, , ,0,0, , ,0,0,2,8,1200,3,0,0,0,0,0,0,0,0,2,8,570,4,8,12,1330,20,2,12,790,9,0,0,0,0,0,0,0,0,0,0,0,0,0,0,0,0,8,2,3470,11,0,0,0,0,0,0,0,0,0,0,0,0,0,0,0,0,0,0,0,0,2,8,12,4520,16,0,0,0,0,0,0,0,0,0,0,8,2,12,28040,95,0,0,0,0,0,0,0,0,0,0,0,0,0,0,0,0,0,0,0,0,0,0,0,0,0
15,03,29,3,中山,2,11,マーチＳＨG3,163,ダ,1,1800,良,16,06153211,7,0,13,53.1,11,0,15,136.3,9,0,9,23.1,13,0,10,28.0,15,0,7,13.9,14,0,14,57.9,4,0,4,7.3,16,0,16,168.4,12,0,8,21.3,10,0,11,38.4,8,0,2,5.0,5,0,3,6.0,3,0,1,3.5,6,0,12,39.4,2,0,5,10.5,1,0,6,13.5,,,,,,,,,16,1350,0,0,0,0,16,430,15,290,13,160,0,0,0,0,8,8,5870,22, , ,0,0, , ,0,0,15,16,6530,22,0,0,0,0,0,0,0,0,15,16,1890,21,13,16,1070,10,13,15,740,7,0,0,0,0,0,0,0,0,0,0,0,0,0,0,0,0,16,15,13190,43,0,0,0,0,0,0,0,0,0,0,0,0,0,0,0,0,0,0,0,0,13,15,16,7410,20,0,0,0,0,0,0,0,0,0,0,16,15,13,70600,207,0,0,0,0,0,0,0,0,0,0,0,0,0,0,0,0,0,0,0,0,0,0,0,0,0
15,03,29,3,中山,2,12,鹿島特別1000,43,ダ,1,1200,良,16,06153212,10,0,11,57.0,4,0,1,1.7,9,0,3,11.3,12,0,4,12.8,1,0,2,5.2,3,0,6,17.6,13,0,15,127.8,15,0,10,47.6,14,0,12,59.7,8,0,5,15.0,2,0,14,86.6,6,0,7,24.8,16,0,13,77.7,11,0,16,249.0,7,0,8,25.2,5,0,9,38.0,,,,,,,,,5,520,0,0,0,0,5,270,11,2320,6,500,0,0,0,0,3,6,4940,14, , ,0,0, , ,0,0,5,11,31270,48,0,0,0,0,0,0,0,0,5,11,6160,47,5,6,1250,12,6,11,12590,70,0,0,0,0,0,0,0,0,0,0,0,0,0,0,0,0,5,11,45990,73,0,0,0,0,0,0,0,0,0,0,0,0,0,0,0,0,0,0,0,0,5,6,11,102620,167,0,0,0,0,0,0,0,0,0,0,5,11,6,699450,924,0,0,0,0,0,0,0,0,0,0,0,0,0,0,0,0,0,0,0,0,0,0,0,0,0
15,04,04,3,中山,3,01,未勝利・牝,7,ダ,1,1200,良,16,06153301,6,0,3,5.7,7,0,12,93.7,13,0,9,52.3,10,0,15,134.3,14,0,8,25.3,5,0,7,16.9,16,0,14,126.9,3,0,4,6.7,9,0,10,66.3,11,0,16,255.2,15,0,11,86.2,4,0,5,7.8,2,0,2,5.1,1,0,1,3.1,12,0,6,10.1,8,0,13,121.7,,,,,,,,,14,310,0,0,0,0,14,130,13,180,8,170,0,0,0,0,7,7,730,3, , ,0,0, , ,0,0,13,14,740,2,0,0,0,0,0,0,0,0,13,14,290,2,8,14,320,3,8,13,780,9,0,0,0,0,0,0,0,0,0,0,0,0,0,0,0,0,14,13,1340,2,0,0,0,0,0,0,0,0,0,0,0,0,0,0,0,0,0,0,0,0,8,13,14,1780,3,0,0,0,0,0,0,0,0,0,0,14,13,8,6650,6,0,0,0,0,0,0,0,0,0,0,0,0,0,0,0,0,0,0,0,0,0,0,0,0,0
15,04,04,3,中山,3,02,未勝利,7,ダ,1,1800,良,16,06153302,11,0,11,102.3,16,0,14,129.1,12,0,4,6.3,14,0,13,123.8,1,0,6,9.5,8,0,15,139.5,3,0,8,16.3,9,0,1,4.4,4,0,9,31.9,5,0,2,4.5,13,0,10,99.2,10,0,7,12.1,7,0,5,8.8,15,0,16,385.0,6,0,12,107.9,2,0,3,5.0,,,,,,,,,5,950,0,0,0,0,5,260,16,180,7,410,0,0,0,0,3,8,3030,16, , ,0,0, , ,0,0,5,16,2410,12,0,0,0,0,0,0,0,0,5,16,880,10,5,7,1920,26,7,16,1550,23,0,0,0,0,0,0,0,0,0,0,0,0,0,0,0,0,5,16,5900,32,0,0,0,0,0,0,0,0,0,0,0,0,0,0,0,0,0,0,0,0,5,7,16,11590,50,0,0,0,0,0,0,0,0,0,0,5,16,7,66770,284,0,0,0,0,0,0,0,0,0,0,0,0,0,0,0,0,0,0,0,0,0,0,0,0,0
15,04,04,3,中山,3,03,未勝利,7,ダ,1,1200,良,16,06153303,13,0,7,36.8,15,0,9,96.0,12,0,15,251.2,2,0,3,3.8,4,0,5,20.5,5,0,4,10.5,8,0,16,396.7,6,0,8,44.1,11,0,11,133.7,9,0,10,107.8,14,0,12,157.3,16,0,14,242.5,7,0,13,191.4,10,0,6,30.2,1,0,1,2.3,3,0,2,3.5,,,,,,,,,15,230,0,0,0,0,15,110,4,120,16,130,0,0,0,0,2,8,270,1, , ,0,0, , ,0,0,4,15,360,1,0,0,0,0,0,0,0,0,4,15,160,1,15,16,220,2,4,16,360,5,0,0,0,0,0,0,0,0,0,0,0,0,0,0,0,0,15,4,520,1,0,0,0,0,0,0,0,0,0,0,0,0,0,0,0,0,0,0,0,0,4,15,16,540,1,0,0,0,0,0,0,0,0,0,0,15,4,16,2220,1,0,0,0,0,0,0,0,0,0,0,0,0,0,0,0,0,0,0,0,0,0,0,0,0,0
15,04,04,3,中山,3,04,未勝利,7,ダ,1,1800,良,15,06153304,10,0,10,78.8,5,0,6,23.9,6,0,1,2.1,1,0,7,24.6,13,0,3,7.3,4,0,4,7.9,7,0,9,53.7,14,0,12,203.1,0,1,0,0.0,2,0,2,3.3,8,0,13,274.3,3,0,5,14.8,11,0,11,198.0,12,0,14,344.5,9,0,8,45.5,,,,,,,,,,,,,4,2460,0,0,0,0,4,640,10,180,12,360,0,0,0,0,3,6,1160,5, , ,0,0, , ,0,0,4,10,3340,12,0,0,0,0,0,0,0,0,4,10,1010,11,4,12,2370,22,10,12,630,7,0,0,0,0,0,0,0,0,0,0,0,0,0,0,0,0,4,10,10720,26,0,0,0,0,0,0,0,0,0,0,0,0,0,0,0,0,0,0,0,0,4,10,12,10250,29,0,0,0,0,0,0,0,0,0,0,4,10,12,86310,199,0,0,0,0,0,0,0,0,0,0,0,0,0,0,0,0,0,0,0,0,0,0,0,0,0
15,04,04,3,中山,3,05,未勝利,7,芝,8,1600,良,16,06153305,14,0,12,142.2,4,0,5,11.5,2,0,2,4.2,11,0,13,146.9,12,0,16,307.0,8,0,6,13.2,7,0,8,27.4,3,0,7,16.7,1,0,1,2.7,16,0,11,116.3,13,0,14,240.2,5,0,4,7.7,9,0,9,30.2,6,0,3,5.5,15,0,15,283.7,10,0,10,71.0,,,,,,,,,9,270,0,0,0,0,9,130,3,150,8,410,0,0,0,0,2,5,640,2, , ,0,0, , ,0,0,3,9,680,1,0,0,0,0,0,0,0,0,3,9,340,2,8,9,740,7,3,8,1230,15,0,0,0,0,0,0,0,0,0,0,0,0,0,0,0,0,9,3,1180,2,0,0,0,0,0,0,0,0,0,0,0,0,0,0,0,0,0,0,0,0,3,8,9,3050,9,0,0,0,0,0,0,0,0,0,0,9,3,8,11240,26,0,0,0,0,0,0,0,0,0,0,0,0,0,0,0,0,0,0,0,0,0,0,0,0,0
15,04,04,3,中山,3,06,未勝利,7,芝,0,2000,良,18,06153306,4,0,2,5.5,13,0,8,31.4,3,0,6,16.6,2,0,5,15.0,17,0,18,368.2,5,0,3,6.3,9,0,15,155.8,18,0,12,73.4,11,0,14,109.2,12,0,11,69.3,14,0,4,13.8,6,0,7,17.9,16,0,17,244.2,7,0,13,79.2,15,0,10,48.2,1,0,1,1.9,8,0,16,157.3,10,0,9,46.5,16,190,0,0,0,0,16,120,4,290,3,320,0,0,0,0,2,8,680,4, , ,0,0, , ,0,0,4,16,1230,4,0,0,0,0,0,0,0,0,4,16,490,4,3,16,700,6,3,4,2400,24,0,0,0,0,0,0,0,0,0,0,0,0,0,0,0,0,16,4,1710,6,0,0,0,0,0,0,0,0,0,0,0,0,0,0,0,0,0,0,0,0,3,4,16,5690,15,0,0,0,0,0,0,0,0,0,0,16,4,3,18040,40,0,0,0,0,0,0,0,0,0,0,0,0,0,0,0,0,0,0,0,0,0,0,0,0,0
15,04,04,3,中山,3,07,500万下*,23,ダ,1,1200,良,16,06153307,12,0,2,10.0,14,0,10,46.3,10,0,13,137.1,1,0,1,1.4,6,0,14,161.2,11,0,16,357.1,2,0,7,20.1,4,0,3,10.1,7,0,8,23.6,16,0,11,103.1,9,0,5,19.1,3,0,4,12.0,13,0,15,258.7,15,0,12,133.6,8,0,6,19.8,5,0,9,24.0,,,,,,,,,4,140,0,0,0,0,4,110,7,260,12,200,0,0,0,0,2,4,460,1, , ,0,0, , ,0,0,4,7,1140,5,0,0,0,0,0,0,0,0,4,7,600,6,4,12,440,3,7,12,1750,18,0,0,0,0,0,0,0,0,0,0,0,0,0,0,0,0,4,7,1600,5,0,0,0,0,0,0,0,0,0,0,0,0,0,0,0,0,0,0,0,0,4,7,12,3510,9,0,0,0,0,0,0,0,0,0,0,4,7,12,9720,23,0,0,0,0,0,0,0,0,0,0,0,0,0,0,0,0,0,0,0,0,0,0,0,0,0
15,04,04,3,中山,3,08,500万下・牝,23,ダ,1,1800,良,10,06153308,4,0,2,4.1,10,0,10,160.5,3,0,4,4.4,7,0,7,33.8,6,0,1,4.0,9,0,9,37.0,5,0,8,35.6,1,0,6,20.1,2,0,3,4.4,8,0,5,5.8,,,,,,,,,,,,,,,,,,,,,,,,,,,,,,,,,8,2010,0,0,0,0,8,510,9,150,3,190,0,0,0,0,7,8,1440,8, , ,0,0, , ,0,0,8,9,4020,11,0,0,0,0,0,0,0,0,8,9,1330,15,3,8,1670,21,3,9,390,4,0,0,0,0,0,0,0,0,0,0,0,0,0,0,0,0,8,9,8360,26,0,0,0,0,0,0,0,0,0,0,0,0,0,0,0,0,0,0,0,0,3,8,9,5420,13,0,0,0,0,0,0,0,0,0,0,8,9,3,41640,138,0,0,0,0,0,0,0,0,0,0,0,0,0,0,0,0,0,0,0,0,0,0,0,0,0
15,04,04,3,中山,3,09,山吹賞500*,23,芝,8,2200,良,12,06153309,7,0,6,19.2,10,0,11,88.0,1,0,4,7.9,6,0,3,6.6,2,0,1,1.8,5,0,7,37.2,11,0,12,137.1,9,0,8,56.6,4,0,10,76.0,12,0,9,67.1,3,0,5,9.9,8,0,2,5.2,,,,,,,,,,,,,,,,,,,,,,,,,3,790,0,0,0,0,3,200,5,120,11,220,0,0,0,0,3,5,730,3, , ,0,0, , ,0,0,3,5,760,3,0,0,0,0,0,0,0,0,3,5,360,3,3,11,920,13,5,11,440,5,0,0,0,0,0,0,0,0,0,0,0,0,0,0,0,0,3,5,2210,8,0,0,0,0,0,0,0,0,0,0,0,0,0,0,0,0,0,0,0,0,3,5,11,2260,6,0,0,0,0,0,0,0,0,0,0,3,5,11,14340,44,0,0,0,0,0,0,0,0,0,0,0,0,0,0,0,0,0,0,0,0,0,0,0,0,0
15,04,04,3,中山,3,10,安房特Ｈ1000,43,芝,0,2500,良,12,06153310,1,0,1,3.2,4,0,8,20.1,3,0,4,8.8,6,0,6,10.7,5,0,5,10.7,8,0,2,3.7,2,0,7,19.4,10,0,11,42.7,7,0,3,5.7,9,0,10,35.4,11,0,9,21.3,12,0,12,269.6,,,,,,,,,,,,,,,,,,,,,,,,,1,320,0,0,0,0,1,160,7,460,3,240,0,0,0,0,1,6,2720,13, , ,0,0, , ,0,0,1,7,3110,12,0,0,0,0,0,0,0,0,1,7,1130,12,1,3,570,5,3,7,1700,22,0,0,0,0,0,0,0,0,0,0,0,0,0,0,0,0,1,7,5120,21,0,0,0,0,0,0,0,0,0,0,0,0,0,0,0,0,0,0,0,0,1,3,7,6610,22,0,0,0,0,0,0,0,0,0,0,1,7,3,36550,126,0,0,0,0,0,0,0,0,0,0,0,0,0,0,0,0,0,0,0,0,0,0,0,0,0
15,04,04,3,中山,3,11,船橋Ｓ1600,67,芝,8,1200,良,14,06153311,5,0,1,2.8,9,0,13,84.0,3,0,12,83.2,6,0,14,85.1,8,0,10,64.3,4,0,5,7.9,7,0,7,16.2,2,0,2,4.6,14,0,11,64.9,12,0,9,25.2,10,0,3,6.7,13,0,8,22.2,11,0,6,14.5,1,0,4,7.5,,,,,,,,,,,,,,,,,14,750,0,0,0,0,14,270,8,190,3,1450,0,0,0,0,5,8,1080,6, , ,0,0, , ,0,0,8,14,2200,7,0,0,0,0,0,0,0,0,8,14,830,7,3,14,6790,50,3,8,4830,44,0,0,0,0,0,0,0,0,0,0,0,0,0,0,0,0,14,8,4420,16,0,0,0,0,0,0,0,0,0,0,0,0,0,0,0,0,0,0,0,0,3,8,14,39550,102,0,0,0,0,0,0,0,0,0,0,14,8,3,162680,461,0,0,0,0,0,0,0,0,0,0,0,0,0,0,0,0,0,0,0,0,0,0,0,0,0
15,04,04,3,中山,3,12,500万下,23,ダ,1,1200,良,16,06153312,3,0,1,3.9,16,0,12,119.5,7,0,11,82.3,9,0,9,33.7,13,0,15,276.1,5,0,2,4.1,4,0,3,5.6,10,0,8,19.4,6,0,10,68.9,12,0,6,13.0,15,0,13,130.1,14,0,16,321.0,11,0,7,14.0,2,0,4,6.2,1,0,5,7.3,8,0,14,220.1,,,,,,,,,15,730,0,0,0,0,15,240,14,190,1,190,0,0,0,0,7,8,1260,7, , ,0,0, , ,0,0,14,15,2260,8,0,0,0,0,0,0,0,0,14,15,730,8,1,15,800,9,1,14,680,7,0,0,0,0,0,0,0,0,0,0,0,0,0,0,0,0,15,14,4620,19,0,0,0,0,0,0,0,0,0,0,0,0,0,0,0,0,0,0,0,0,1,14,15,3580,9,0,0,0,0,0,0,0,0,0,0,15,14,1,26640,86,0,0,0,0,0,0,0,0,0,0,0,0,0,0,0,0,0,0,0,0,0,0,0,0,0
15,04,05,3,中山,4,01,未勝利・牝,7,ダ,1,1800,良,16,06153401,5,0,5,12.7,14,0,15,250.7,9,0,9,26.0,8,0,11,61.3,16,0,6,18.1,6,0,14,248.2,11,0,4,12.2,13,0,7,19.5,10,0,8,21.5,4,0,12,66.1,7,0,10,39.4,1,0,2,6.9,15,0,13,128.3,2,0,1,1.7,12,0,16,291.9,3,0,3,8.4,,,,,,,,,12,690,0,0,0,0,12,180,14,110,16,170,0,0,0,0,6,7,610,3, , ,0,0, , ,0,0,12,14,610,1,0,0,0,0,0,0,0,0,12,14,340,2,12,16,640,7,14,16,270,1,0,0,0,0,0,0,0,0,0,0,0,0,0,0,0,0,12,14,1500,5,0,0,0,0,0,0,0,0,0,0,0,0,0,0,0,0,0,0,0,0,12,14,16,1130,1,0,0,0,0,0,0,0,0,0,0,12,14,16,7160,8,0,0,0,0,0,0,0,0,0,0,0,0,0,0,0,0,0,0,0,0,0,0,0,0,0
15,04,05,3,中山,4,02,未勝利,7,ダ,1,1200,良,16,06153402,5,0,5,15.1,4,0,7,45.9,2,0,2,5.0,10,0,12,108.9,15,0,15,276.5,11,0,3,6.3,12,0,16,286.1,14,0,13,197.2,13,0,6,16.9,3,0,4,7.2,1,0,1,1.8,8,0,11,108.0,9,0,8,47.8,16,0,14,207.4,7,0,10,97.5,6,0,9,64.5,,,,,,,,,11,180,0,0,0,0,11,110,3,140,10,160,0,0,0,0,2,6,450,2, , ,0,0, , ,0,0,3,11,470,1,0,0,0,0,0,0,0,0,3,11,220,1,10,11,230,2,3,10,500,8,0,0,0,0,0,0,0,0,0,0,0,0,0,0,0,0,11,3,740,1,0,0,0,0,0,0,0,0,0,0,0,0,0,0,0,0,0,0,0,0,3,10,11,870,2,0,0,0,0,0,0,0,0,0,0,11,3,10,2530,1,0,0,0,0,0,0,0,0,0,0,0,0,0,0,0,0,0,0,0,0,0,0,0,0,0
15,04,05,3,中山,4,03,未勝利,7,ダ,1,1800,良,16,06153403,16,0,7,29.2,11,0,14,171.9,7,0,2,6.0,2,0,6,15.2,3,0,1,1.7,13,0,9,92.5,8,0,3,7.6,4,0,10,108.2,6,0,12,124.8,14,0,11,116.6,9,0,16,244.9,5,0,8,34.8,15,0,15,207.3,1,0,5,11.6,10,0,4,8.1,12,0,13,166.5,,,,,,,,,14,1160,0,0,0,0,14,230,4,230,5,110,0,0,0,0,2,7,2760,9, , ,0,0, , ,0,0,4,14,6400,17,0,0,0,0,0,0,0,0,4,14,1450,17,5,14,380,4,4,5,380,5,0,0,0,0,0,0,0,0,0,0,0,0,0,0,0,0,14,4,15060,36,0,0,0,0,0,0,0,0,0,0,0,0,0,0,0,0,0,0,0,0,4,5,14,2580,10,0,0,0,0,0,0,0,0,0,0,14,4,5,33460,96,0,0,0,0,0,0,0,0,0,0,0,0,0,0,0,0,0,0,0,0,0,0,0,0,0
15,04,05,3,中山,4,04,障害未勝利,7,ダ,3,2880,良,14,06153404,4,0,6,15.0,5,0,7,17.3,6,0,10,68.2,2,0,1,3.2,11,0,4,7.4,3,0,5,8.3,13,0,11,69.1,7,0,3,5.1,10,0,8,28.0,1,0,2,4.0,8,0,13,92.9,12,0,9,40.7,14,0,14,245.2,9,0,12,74.9,,,,,,,,,,,,,,,,,10,400,0,0,0,0,10,130,4,130,6,190,0,0,0,0,3,6,630,2, , ,0,0, , ,0,0,4,10,640,1,0,0,0,0,0,0,0,0,4,10,290,1,6,10,440,5,4,6,400,4,0,0,0,0,0,0,0,0,0,0,0,0,0,0,0,0,10,4,1450,2,0,0,0,0,0,0,0,0,0,0,0,0,0,0,0,0,0,0,0,0,4,6,10,1230,2,0,0,0,0,0,0,0,0,0,0,10,4,6,4700,4,0,0,0,0,0,0,0,0,0,0,0,0,0,0,0,0,0,0,0,0,0,0,0,0,0
15,04,05,3,中山,4,05,未勝利・牝,7,芝,0,2000,良,18,06153405,1,0,2,2.7,4,0,1,2.7,13,0,12,135.1,18,0,10,79.7,16,0,9,77.2,10,0,11,103.5,14,0,14,141.9,7,0,5,18.1,9,0,15,181.4,5,0,4,7.7,15,0,17,214.2,2,0,3,5.6,17,0,8,67.3,11,0,13,135.2,5,0,18,270.5,3,0,6,20.0,8,0,16,191.2,12,0,7,57.0,1,270,0,0,0,0,1,140,12,190,16,250,0,0,0,0,1,6,450,2, , ,0,0, , ,0,0,1,12,960,3,0,0,0,0,0,0,0,0,1,12,410,3,1,16,780,9,12,16,1310,12,0,0,0,0,0,0,0,0,0,0,0,0,0,0,0,0,1,12,1480,4,0,0,0,0,0,0,0,0,0,0,0,0,0,0,0,0,0,0,0,0,1,12,16,4800,14,0,0,0,0,0,0,0,0,0,0,1,12,16,15120,39,0,0,0,0,0,0,0,0,0,0,0,0,0,0,0,0,0,0,0,0,0,0,0,0,0
15,04,05,3,中山,4,06,500万下*,23,芝,8,1600,良,12,06153406,8,0,8,17.0,9,0,11,65.5,1,0,2,3.5,6,0,7,14.7,10,0,6,14.4,5,0,10,54.8,11,0,12,263.8,4,0,4,9.1,2,0,3,7.9,12,0,9,36.5,3,0,5,10.6,7,0,1,2.6,,,,,,,,,,,,,,,,,,,,,,,,,3,350,0,0,0,0,3,160,9,190,11,300,0,0,0,0,3,7,1240,4, , ,0,0, , ,0,0,3,9,1270,3,0,0,0,0,0,0,0,0,3,9,500,3,3,11,830,10,9,11,960,14,0,0,0,0,0,0,0,0,0,0,0,0,0,0,0,0,3,9,2120,4,0,0,0,0,0,0,0,0,0,0,0,0,0,0,0,0,0,0,0,0,3,9,11,4650,14,0,0,0,0,0,0,0,0,0,0,3,9,11,15620,37,0,0,0,0,0,0,0,0,0,0,0,0,0,0,0,0,0,0,0,0,0,0,0,0,0
15,04,05,3,中山,4,07,500万下,23,ダ,1,1800,稍,13,06153407,10,0,2,4.8,8,0,6,22.4,4,0,1,1.8,13,0,10,96.0,9,0,11,109.4,7,0,5,14.8,2,0,4,10.8,12,0,12,291.9,1,0,3,5.0,5,0,8,41.6,11,0,13,301.7,3,0,7,27.5,6,0,9,47.3,,,,,,,,,,,,,,,,,,,,,9,500,0,0,0,0,9,240,7,380,12,580,0,0,0,0,5,6,1400,5, , ,0,0, , ,0,0,7,9,2380,8,0,0,0,0,0,0,0,0,7,9,770,10,9,12,1250,14,7,12,2270,21,0,0,0,0,0,0,0,0,0,0,0,0,0,0,0,0,9,7,4720,16,0,0,0,0,0,0,0,0,0,0,0,0,0,0,0,0,0,0,0,0,7,9,12,14330,38,0,0,0,0,0,0,0,0,0,0,9,7,12,58820,162,0,0,0,0,0,0,0,0,0,0,0,0,0,0,0,0,0,0,0,0,0,0,0,0,0
15,04,05,3,中山,4,08,500万下,23,芝,0,2000,良,16,06153408,4,0,4,6.4,2,0,2,5.5,16,0,14,107.5,1,0,1,4.3,12,0,15,130.5,8,0,5,7.5,3,0,6,13.6,5,0,3,5.9,6,0,16,154.0,11,0,13,74.4,14,0,7,16.0,10,0,10,19.5,13,0,8,17.0,15,0,9,19.0,9,0,11,30.1,7,0,12,73.8,,,,,,,,,4,430,0,0,0,0,4,190,2,200,7,440,0,0,0,0,1,2,660,2, , ,0,0, , ,0,0,2,4,1440,3,0,0,0,0,0,0,0,0,2,4,680,5,4,7,1810,26,2,7,1930,30,0,0,0,0,0,0,0,0,0,0,0,0,0,0,0,0,4,2,2380,3,0,0,0,0,0,0,0,0,0,0,0,0,0,0,0,0,0,0,0,0,2,4,7,9870,32,0,0,0,0,0,0,0,0,0,0,4,2,7,43020,109,0,0,0,0,0,0,0,0,0,0,0,0,0,0,0,0,0,0,0,0,0,0,0,0,0
15,04,05,3,中山,4,09,千葉日報1000,43,芝,8,1200,良,12,06153409,12,0,5,7.6,10,0,8,28.9,11,0,11,45.0,6,0,10,43.6,8,0,9,33.5,9,0,7,14.0,7,0,1,3.1,5,0,6,11.3,4,0,12,119.0,1,0,2,5.0,3,0,4,7.0,2,0,3,5.3,,,,,,,,,,,,,,,,,,,,,,,,,10,500,0,0,0,0,10,180,12,170,11,210,0,0,0,0,7,8,650,3, , ,0,0, , ,0,0,10,12,1340,4,0,0,0,0,0,0,0,0,10,12,550,5,10,11,710,8,11,12,550,6,0,0,0,0,0,0,0,0,0,0,0,0,0,0,0,0,10,12,2650,8,0,0,0,0,0,0,0,0,0,0,0,0,0,0,0,0,0,0,0,0,10,11,12,2590,7,0,0,0,0,0,0,0,0,0,0,10,12,11,12930,29,0,0,0,0,0,0,0,0,0,0,0,0,0,0,0,0,0,0,0,0,0,0,0,0,0
15,04,05,3,中山,4,10,伏竜Ｓ,131,ダ,1,1800,稍,14,06153410,3,0,3,6.0,13,0,14,409.4,1,0,1,2.7,8,0,11,48.6,3,0,4,7.3,6,0,2,4.7,11,0,9,33.9,7,0,8,22.7,14,0,12,58.5,12,0,10,35.5,2,0,6,14.2,10,0,13,73.9,9,0,7,15.4,5,0,5,10.9,,,,,,,,,,,,,,,,,3,270,0,0,0,0,3,110,11,210,1,140,5,140,0,0,3,7,1860,8, , ,0,0, , ,0,0,3,11,2310,9,0,0,0,0,0,0,0,0,3,11,500,9,1,3,230,1,3,5,250,3,1,11,1030,25,5,11,990,23,0,0,0,0,0,0,0,0,3,11,3390,10,0,0,0,0,0,0,0,0,0,0,0,0,0,0,0,0,0,0,0,0,1,3,11,2120,11,3,5,11,2330,13,0,0,0,0,0,3,11,1,10920,59,3,11,5,11530,60,0,0,0,0,0,0,0,0,0,0,0,0,0,0,0,0,0,0,0,0
15,04,05,3,中山,4,11,ダービーＨG3,163,芝,8,1600,良,16,06153411,9,0,8,18.9,11,0,6,10.8,14,0,2,4.5,3,0,9,24.4,10,0,13,39.5,12,0,3,8.6,15,0,15,100.2,16,0,12,37.4,2,0,4,9.0,1,0,1,3.1,7,0,14,49.3,4,0,5,10.4,5,0,7,18.0,13,0,16,321.6,8,0,10,28.8,6,0,11,34.4,,,,,,,,,10,310,0,0,0,0,10,160,9,290,4,590,0,0,0,0,5,5,1730,7, , ,0,0, , ,0,0,9,10,1640,2,0,0,0,0,0,0,0,0,9,10,790,4,4,10,2260,29,4,9,3280,43,0,0,0,0,0,0,0,0,0,0,0,0,0,0,0,0,10,9,2310,3,0,0,0,0,0,0,0,0,0,0,0,0,0,0,0,0,0,0,0,0,4,9,10,14860,49,0,0,0,0,0,0,0,0,0,0,10,9,4,51710,141,0,0,0,0,0,0,0,0,0,0,0,0,0,0,0,0,0,0,0,0,0,0,0,0,0
15,04,05,3,中山,4,12,1000万下,43,ダ,1,1200,稍,16,06153412,12,0,13,48.1,6,0,1,5.1,16,0,14,57.9,13,0,11,27.4,11,0,3,7.4,10,0,9,15.4,5,0,10,20.3,15,0,12,32.9,8,0,15,98.2,14,0,16,167.1,8,0,5,8.7,7,0,8,13.1,4,0,4,8.2,2,0,2,5.7,3,0,6,9.0,1,0,7,11.2,,,,,,,,,16,1120,0,0,0,0,16,280,14,220,15,260,0,0,0,0,7,8,750,1, , ,0,0, , ,0,0,14,16,3450,8,0,0,0,0,0,0,0,0,14,16,1090,6,15,16,1250,10,14,15,1060,5,0,0,0,0,0,0,0,0,0,0,0,0,0,0,0,0,16,14,7460,26,0,0,0,0,0,0,0,0,0,0,0,0,0,0,0,0,0,0,0,0,14,15,16,6830,6,0,0,0,0,0,0,0,0,0,0,16,14,15,30820,15,0,0,0,0,0,0,0,0,0,0,0,0,0,0,0,0,0,0,0,0,0,0,0,0,0
15,04,11,3,中山,5,01,未勝利・牝,7,ダ,1,1200,不,16,06153501,11,0,10,83.0,3,0,5,10.0,1,0,1,2.0,8,0,15,195.0,9,0,9,68.4,12,0,8,30.4,6,0,7,17.9,13,0,16,201.6,10,0,11,97.8,15,0,13,133.7,5,0,6,10.6,14,0,14,188.0,16,0,12,108.7,7,0,4,7.7,2,0,2,6.1,4,0,3,7.7,,,,,,,,,3,200,0,0,0,0,3,110,15,140,2,170,0,0,0,0,2,8,310,1, , ,0,0, , ,0,0,3,15,510,1,0,0,0,0,0,0,0,0,3,15,230,1,2,3,270,2,2,15,690,10,0,0,0,0,0,0,0,0,0,0,0,0,0,0,0,0,3,15,740,1,0,0,0,0,0,0,0,0,0,0,0,0,0,0,0,0,0,0,0,0,2,3,15,980,1,0,0,0,0,0,0,0,0,0,0,3,15,2,2830,1,0,0,0,0,0,0,0,0,0,0,0,0,0,0,0,0,0,0,0,0,0,0,0,0,0
15,04,11,3,中山,5,02,未勝利,7,ダ,1,1800,不,12,06153502,2,0,2,2.5,12,0,12,134.9,4,0,4,15.7,9,0,10,74.1,1,0,1,2.1,5,0,6,19.9,11,0,9,56.4,6,0,7,21.8,10,0,8,26.1,7,0,11,80.8,3,0,5,17.2,8,0,3,13.8,,,,,,,,,,,,,,,,,,,,,,,,,5,210,0,0,0,0,5,110,1,120,11,180,0,0,0,0,1,5,230,1, , ,0,0, , ,0,0,1,5,250,1,0,0,0,0,0,0,0,0,1,5,150,1,5,11,450,5,1,11,410,4,0,0,0,0,0,0,0,0,0,0,0,0,0,0,0,0,5,1,460,1,0,0,0,0,0,0,0,0,0,0,0,0,0,0,0,0,0,0,0,0,1,5,11,850,2,0,0,0,0,0,0,0,0,0,0,5,1,11,2610,4,0,0,0,0,0,0,0,0,0,0,0,0,0,0,0,0,0,0,0,0,0,0,0,0,0
15,04,11,3,中山,5,03,未勝利,7,ダ,1,1200,不,16,06153503,13,0,12,77.5,4,0,4,16.0,1,0,1,1.8,12,0,9,45.4,16,0,15,195.8,10,0,2,3.8,2,0,5,17.4,7,0,14,169.9,15,0,16,355.2,5,0,3,7.9,14,0,8,33.9,9,0,10,52.1,8,0,11,63.6,3,0,6,19.1,11,0,13,133.0,6,0,7,23.7,,,,,,,,,3,180,0,0,0,0,3,110,7,300,14,290,0,0,0,0,2,4,1360,5, , ,0,0, , ,0,0,3,7,1400,5,0,0,0,0,0,0,0,0,3,7,600,6,3,14,510,5,7,14,2290,21,0,0,0,0,0,0,0,0,0,0,0,0,0,0,0,0,3,7,1980,7,0,0,0,0,0,0,0,0,0,0,0,0,0,0,0,0,0,0,0,0,3,7,14,4650,13,0,0,0,0,0,0,0,0,0,0,3,7,14,13940,31,0,0,0,0,0,0,0,0,0,0,0,0,0,0,0,0,0,0,0,0,0,0,0,0,0
15,04,11,3,中山,5,04,未勝利,7,ダ,1,1800,不,16,06153504,5,0,9,57.3,13,0,6,26.7,12,0,15,329.2,1,0,1,1.6,16,0,14,229.7,6,0,5,20.0,2,0,10,105.0,9,0,4,10.0,10,0,7,44.7,15,0,13,140.4,8,0,11,127.4,4,0,2,4.4,14,0,16,485.5,11,0,12,129.6,7,0,8,46.8,3,0,3,7.2,,,,,,,,,4,160,0,0,0,0,4,110,7,1200,16,190,0,0,0,0,2,4,760,3, , ,0,0, , ,0,0,4,7,6230,15,0,0,0,0,0,0,0,0,4,7,2450,22,4,16,320,2,7,16,8000,48,0,0,0,0,0,0,0,0,0,0,0,0,0,0,0,0,4,7,7580,20,0,0,0,0,0,0,0,0,0,0,0,0,0,0,0,0,0,0,0,0,4,7,16,17910,47,0,0,0,0,0,0,0,0,0,0,4,7,16,73120,192,0,0,0,0,0,0,0,0,0,0,0,0,0,0,0,0,0,0,0,0,0,0,0,0,0
15,04,11,3,中山,5,05,未勝利,7,芝,8,1600,稍,16,06153505,9,0,7,11.0,3,0,2,5.6,4,0,4,6.7,7,0,3,6.4,12,0,5,8.8,13,0,6,9.6,1,0,1,4.6,10,0,15,283.4,5,0,12,50.5,8,0,11,34.0,14,0,9,20.4,6,0,10,22.0,15,0,14,236.0,11,0,16,293.7,2,0,8,11.7,16,0,13,84.3,,,,,,,,,7,460,0,0,0,0,7,160,15,300,2,180,0,0,0,0,4,8,2460,12, , ,0,0, , ,0,0,7,15,2530,8,0,0,0,0,0,0,0,0,7,15,830,5,2,7,510,1,2,15,1000,12,0,0,0,0,0,0,0,0,0,0,0,0,0,0,0,0,7,15,4410,13,0,0,0,0,0,0,0,0,0,0,0,0,0,0,0,0,0,0,0,0,2,7,15,4640,7,0,0,0,0,0,0,0,0,0,0,7,15,2,28100,63,0,0,0,0,0,0,0,0,0,0,0,0,0,0,0,0,0,0,0,0,0,0,0,0,0
15,04,11,3,中山,5,06,500万下*,23,ダ,1,1200,不,14,06153506,14,0,14,363.3,12,0,10,27.5,7,0,13,99.6,10,0,6,12.0,2,0,12,84.8,4,0,1,3.1,6,0,3,6.8,3,0,5,10.8,9,0,4,8.2,5,0,11,28.6,13,0,8,17.4,11,0,7,15.4,1,0,9,23.6,8,0,2,4.2,,,,,,,,,,,,,,,,,13,2360,0,0,0,0,13,720,5,1990,8,410,0,0,0,0,4,8,810,2, , ,0,0, , ,0,0,5,13,88060,75,0,0,0,0,0,0,0,0,5,13,24530,77,8,13,4560,50,5,8,9490,65,0,0,0,0,0,0,0,0,0,0,0,0,0,0,0,0,13,5,197860,154,0,0,0,0,0,0,0,0,0,0,0,0,0,0,0,0,0,0,0,0,5,8,13,292570,271,0,0,0,0,0,0,0,0,0,0,13,5,8,2006260,1645,0,0,0,0,0,0,0,0,0,0,0,0,0,0,0,0,0,0,0,0,0,0,0,0,0
15,04,11,3,中山,5,07,500万下,23,ダ,1,1800,不,15,06153507,4,0,7,14.1,5,0,14,183.3,7,0,3,5.5,2,0,5,8.2,6,0,11,89.6,12,0,10,80.4,11,0,8,38.9,13,0,2,4.7,3,0,4,6.0,14,0,15,352.9,8,0,12,95.3,1,0,1,3.2,9,0,6,9.6,15,0,13,139.1,10,0,9,71.8,,,,,,,,,,,,,12,320,0,0,0,0,12,150,4,280,9,220,0,0,0,0,3,7,1010,4, , ,0,0, , ,0,0,4,12,1370,5,0,0,0,0,0,0,0,0,4,12,580,6,9,12,510,5,4,9,1430,20,0,0,0,0,0,0,0,0,0,0,0,0,0,0,0,0,12,4,2140,7,0,0,0,0,0,0,0,0,0,0,0,0,0,0,0,0,0,0,0,0,4,9,12,3870,14,0,0,0,0,0,0,0,0,0,0,12,4,9,17860,59,0,0,0,0,0,0,0,0,0,0,0,0,0,0,0,0,0,0,0,0,0,0,0,0,0
15,04,11,3,中山,5,08,500万下,23,ダ,1,1200,不,16,06153508,10,0,10,60.5,7,0,9,44.7,5,0,3,4.9,12,0,14,180.8,9,0,16,224.6,14,0,12,74.7,6,0,1,3.8,3,0,4,6.6,15,0,13,172.7,13,0,15,186.5,2,0,5,10.8,1,0,2,4.0,16,0,11,67.7,8,0,6,11.0,4,0,8,22.6,11,0,7,12.5,,,,,,,,,12,400,0,0,0,0,12,170,11,250,8,190,0,0,0,0,6,6,2630,11, , ,0,0, , ,0,0,11,12,2460,8,0,0,0,0,0,0,0,0,11,12,930,10,8,12,450,3,8,11,850,7,0,0,0,0,0,0,0,0,0,0,0,0,0,0,0,0,12,11,4440,15,0,0,0,0,0,0,0,0,0,0,0,0,0,0,0,0,0,0,0,0,8,11,12,4960,13,0,0,0,0,0,0,0,0,0,0,12,11,8,29800,80,0,0,0,0,0,0,0,0,0,0,0,0,0,0,0,0,0,0,0,0,0,0,0,0,0
15,04,11,3,中山,5,09,野島崎特1000,43,芝,0,1800,稍,15,06153509,4,0,12,53.8,10,0,14,114.6,11,0,10,44.5,9,0,7,41.9,14,0,15,152.4,6,0,3,5.3,3,0,5,14.9,13,0,8,43.5,8,0,6,18.9,1,0,1,2.0,5,0,11,53.3,7,0,9,44.2,15,0,13,68.6,2,0,2,4.8,12,0,4,12.3,,,,,,,,,,,,,10,200,0,0,0,0,10,110,14,140,7,250,0,0,0,0,6,8,350,1, , ,0,0, , ,0,0,10,14,430,1,0,0,0,0,0,0,0,0,10,14,220,1,7,10,560,4,7,14,850,7,0,0,0,0,0,0,0,0,0,0,0,0,0,0,0,0,10,14,640,1,0,0,0,0,0,0,0,0,0,0,0,0,0,0,0,0,0,0,0,0,7,10,14,1660,2,0,0,0,0,0,0,0,0,0,0,10,14,7,3960,3,0,0,0,0,0,0,0,0,0,0,0,0,0,0,0,0,0,0,0,0,0,0,0,0,0
15,04,11,3,中山,5,10,湾岸Ｓ1600,67,芝,8,2200,稍,14,06153510,12,0,13,105.9,3,0,1,3.6,13,0,9,29.1,1,0,2,3.9,2,0,10,30.5,14,0,12,52.4,6,0,4,9.5,11,0,11,31.4,4,0,3,5.1,7,0,5,9.6,9,0,7,14.5,10,0,14,153.7,8,0,6,12.9,5,0,8,22.8,,,,,,,,,,,,,,,,,4,390,0,0,0,0,4,150,5,530,2,140,0,0,0,0,3,4,4120,17, , ,0,0, , ,0,0,4,5,6100,22,0,0,0,0,0,0,0,0,4,5,1800,23,2,4,300,1,2,5,1410,19,0,0,0,0,0,0,0,0,0,0,0,0,0,0,0,0,4,5,8540,34,0,0,0,0,0,0,0,0,0,0,0,0,0,0,0,0,0,0,0,0,2,4,5,4880,13,0,0,0,0,0,0,0,0,0,0,4,5,2,31890,93,0,0,0,0,0,0,0,0,0,0,0,0,0,0,0,0,0,0,0,0,0,0,0,0,0
15,04,11,3,中山,5,11,ニュージG2,179,芝,8,1600,稍,16,06153511,16,0,16,160.2,5,0,5,13.1,11,0,14,89.9,12,0,3,6.0,10,0,9,40.2,9,0,15,105.1,4,0,8,16.0,1,0,7,15.3,2,0,1,3.0,13,0,13,74.0,7,0,10,44.7,3,0,2,4.1,6,0,11,47.4,15,0,6,14.4,14,0,12,61.4,8,0,4,8.2,,,,,,,,,8,1530,0,0,0,0,8,320,9,140,12,160,0,0,0,0,4,5,1210,4, , ,0,0, , ,0,0,8,9,2940,13,0,0,0,0,0,0,0,0,8,9,990,13,8,12,800,8,9,12,320,1,0,0,0,0,0,0,0,0,0,0,0,0,0,0,0,0,8,9,8510,33,0,0,0,0,0,0,0,0,0,0,0,0,0,0,0,0,0,0,0,0,8,9,12,3340,7,0,0,0,0,0,0,0,0,0,0,8,9,12,29660,88,0,0,0,0,0,0,0,0,0,0,0,0,0,0,0,0,0,0,0,0,0,0,0,0,0
15,04,11,3,中山,5,12,1000万下,43,ダ,1,2400,不,13,06153512,7,0,9,34.9,9,0,13,129.9,10,0,12,78.4,12,0,11,57.2,11,0,10,40.8,6,0,7,13.3,5,0,4,5.9,2,0,1,4.1,3,0,6,8.5,1,0,2,4.9,4,0,5,6.7,13,0,8,25.8,8,0,3,5.9,,,,,,,,,,,,,,,,,,,,,10,490,0,0,0,0,10,170,8,150,9,230,0,0,0,0,6,7,410,1, , ,0,0, , ,0,0,8,10,1040,1,0,0,0,0,0,0,0,0,8,10,420,1,9,10,650,8,8,9,760,10,0,0,0,0,0,0,0,0,0,0,0,0,0,0,0,0,10,8,2380,3,0,0,0,0,0,0,0,0,0,0,0,0,0,0,0,0,0,0,0,0,8,9,10,2460,4,0,0,0,0,0,0,0,0,0,0,10,8,9,13780,26,0,0,0,0,0,0,0,0,0,0,0,0,0,0,0,0,0,0,0,0,0,0,0,0,0
15,04,12,3,中山,6,01,未勝利・牝,7,ダ,1,1800,重,16,06153601,9,0,2,6.1,5,0,6,23.4,14,0,15,329.6,11,0,14,307.1,2,0,7,29.3,3,0,1,1.6,7,0,8,46.0,12,0,9,102.5,15,0,16,453.2,10,0,12,222.3,13,0,10,107.1,1,0,3,6.7,16,0,13,276.5,6,0,5,11.2,4,0,4,8.4,8,0,11,132.6,,,,,,,,,12,670,0,0,0,0,12,190,5,380,6,110,0,0,0,0,3,6,500,2, , ,0,0, , ,0,0,5,12,5850,16,0,0,0,0,0,0,0,0,5,12,1160,16,6,12,280,2,5,6,460,5,0,0,0,0,0,0,0,0,0,0,0,0,0,0,0,0,12,5,9730,29,0,0,0,0,0,0,0,0,0,0,0,0,0,0,0,0,0,0,0,0,5,6,12,1770,7,0,0,0,0,0,0,0,0,0,0,12,5,6,21360,66,0,0,0,0,0,0,0,0,0,0,0,0,0,0,0,0,0,0,0,0,0,0,0,0,0
15,04,12,3,中山,6,02,未勝利,7,ダ,1,1200,重,16,06153602,9,0,12,205.2,3,0,1,1.3,6,0,7,54.5,14,0,6,52.9,15,0,14,273.8,13,0,10,177.1,2,0,4,17.2,12,0,8,62.4,16,0,13,236.5,8,0,15,322.3,7,0,11,189.9,11,0,9,126.4,5,0,3,10.6,10,0,16,396.4,1,0,2,3.9,4,0,5,32.0,,,,,,,,,15,390,0,0,0,0,15,120,7,180,2,100,0,0,0,0,4,8,2430,6, , ,0,0, , ,0,0,7,15,2930,8,0,0,0,0,0,0,0,0,7,15,650,8,2,15,160,1,2,7,280,3,0,0,0,0,0,0,0,0,0,0,0,0,0,0,0,0,15,7,5350,13,0,0,0,0,0,0,0,0,0,0,0,0,0,0,0,0,0,0,0,0,2,7,15,790,2,0,0,0,0,0,0,0,0,0,0,15,7,2,10680,32,0,0,0,0,0,0,0,0,0,0,0,0,0,0,0,0,0,0,0,0,0,0,0,0,0
15,04,12,3,中山,6,03,未勝利,7,ダ,1,1800,重,14,06153603,4,0,2,7.5,14,0,9,96.9,1,0,1,1.1,11,0,11,184.4,7,0,8,75.2,8,0,3,11.1,3,0,5,23.7,13,0,14,318.9,5,0,4,23.0,12,0,12,192.2,9,0,7,55.5,10,0,10,179.2,2,0,6,24.6,6,0,13,276.2,,,,,,,,,,,,,,,,,3,110,0,0,0,0,3,100,13,260,7,230,0,0,0,0,3,8,1000,4, , ,0,0, , ,0,0,3,13,1150,5,0,0,0,0,0,0,0,0,3,13,420,4,3,7,370,3,7,13,1480,14,0,0,0,0,0,0,0,0,0,0,0,0,0,0,0,0,3,13,1260,5,0,0,0,0,0,0,0,0,0,0,0,0,0,0,0,0,0,0,0,0,3,7,13,2750,10,0,0,0,0,0,0,0,0,0,0,3,13,7,7340,21,0,0,0,0,0,0,0,0,0,0,0,0,0,0,0,0,0,0,0,0,0,0,0,0,0
15,04,12,3,中山,6,04,未勝利,7,ダ,1,1200,重,16,06153604,16,0,12,184.5,14,0,15,309.8,13,0,16,533.2,2,0,1,2.5,1,0,4,9.3,11,0,10,61.8,7,0,3,8.0,12,0,8,27.3,9,0,7,16.8,8,0,9,34.5,3,0,6,13.5,15,0,13,232.9,4,0,2,3.3,10,0,14,294.5,6,0,5,11.3,5,0,11,64.6,,,,,,,,,5,930,0,0,0,0,5,200,4,130,11,270,0,0,0,0,2,3,900,2, , ,0,0, , ,0,0,4,5,1120,2,0,0,0,0,0,0,0,0,4,5,440,2,5,11,1540,19,4,11,460,3,0,0,0,0,0,0,0,0,0,0,0,0,0,0,0,0,5,4,3010,10,0,0,0,0,0,0,0,0,0,0,0,0,0,0,0,0,0,0,0,0,4,5,11,3130,9,0,0,0,0,0,0,0,0,0,0,5,4,11,20170,59,0,0,0,0,0,0,0,0,0,0,0,0,0,0,0,0,0,0,0,0,0,0,0,0,0
15,04,12,3,中山,6,05,未勝利,7,芝,0,2000,良,18,06153605,11,0,13,112.3,18,0,6,21.9,17,0,17,246.9,1,0,1,2.5,9,0,15,207.0,7,0,7,24.3,12,0,12,106.8,4,0,8,24.9,3,0,3,5.9,2,0,5,8.9,13,0,16,240.7,15,0,10,64.0,10,0,4,8.4,14,0,18,295.9,5,0,2,4.0,6,0,9,46.0,8,0,14,158.8,16,0,11,86.3,4,250,0,0,0,0,4,130,10,210,9,210,0,0,0,0,2,5,550,3, , ,0,0, , ,0,0,4,10,1290,4,0,0,0,0,0,0,0,0,4,10,480,4,4,9,460,3,9,10,920,11,0,0,0,0,0,0,0,0,0,0,0,0,0,0,0,0,4,10,2140,6,0,0,0,0,0,0,0,0,0,0,0,0,0,0,0,0,0,0,0,0,4,9,10,2710,8,0,0,0,0,0,0,0,0,0,0,4,10,9,12610,30,0,0,0,0,0,0,0,0,0,0,0,0,0,0,0,0,0,0,0,0,0,0,0,0,0
15,04,12,3,中山,6,06,500万下*,23,ダ,1,1800,重,13,06153606,9,0,11,59.3,10,0,3,5.6,11,0,13,237.7,3,0,2,4.7,7,0,10,32.0,13,0,7,17.5,4,0,5,8.1,12,0,12,114.5,8,0,9,31.9,5,0,4,7.8,1,0,1,2.8,6,0,8,26.8,2,0,6,12.4,,,,,,,,,,,,,,,,,,,,,11,280,0,0,0,0,11,160,13,310,4,160,0,0,0,0,7,8,1190,6, , ,0,0, , ,0,0,11,13,3400,13,0,0,0,0,0,0,0,0,11,13,1120,13,4,11,380,2,4,13,760,10,0,0,0,0,0,0,0,0,0,0,0,0,0,0,0,0,11,13,5040,20,0,0,0,0,0,0,0,0,0,0,0,0,0,0,0,0,0,0,0,0,4,11,13,3940,10,0,0,0,0,0,0,0,0,0,0,11,13,4,20070,56,0,0,0,0,0,0,0,0,0,0,0,0,0,0,0,0,0,0,0,0,0,0,0,0,0
15,04,12,3,中山,6,07,500万下,23,芝,8,1600,良,16,06153607,8,0,10,31.9,5,0,1,2.9,12,0,3,6.3,16,0,14,161.8,1,0,6,15.1,6,0,11,36.0,9,0,13,56.1,14,0,16,336.8,10,0,5,10.8,15,0,9,26.3,4,0,7,18.1,3,0,4,7.3,7,0,8,20.2,11,0,12,40.6,2,0,2,5.0,13,0,15,235.8,,,,,,,,,5,1510,0,0,0,0,5,430,15,190,12,240,0,0,0,0,3,8,2790,15, , ,0,0, , ,0,0,5,15,3050,11,0,0,0,0,0,0,0,0,5,15,1210,11,5,12,1830,24,12,15,710,5,0,0,0,0,0,0,0,0,0,0,0,0,0,0,0,0,5,15,7480,27,0,0,0,0,0,0,0,0,0,0,0,0,0,0,0,0,0,0,0,0,5,12,15,7040,22,0,0,0,0,0,0,0,0,0,0,5,15,12,54560,172,0,0,0,0,0,0,0,0,0,0,0,0,0,0,0,0,0,0,0,0,0,0,0,0,0
15,04,12,3,中山,6,08,500万下,23,ダ,1,2400,重,10,06153608,10,0,10,171.0,4,0,8,27.6,9,0,6,16.9,3,0,3,3.8,1,0,2,3.5,7,0,1,2.4,8,0,5,16.8,2,0,9,74.4,5,0,7,26.3,6,0,4,11.8,,,,,,,,,,,,,,,,,,,,,,,,,,,,,,,,,5,350,0,0,0,0,5,180,8,1270,4,170,0,0,0,0,5,7,4350,12, , ,0,0, , ,0,0,5,8,19890,30,0,0,0,0,0,0,0,0,5,8,4500,31,4,5,290,3,4,8,4040,28,0,0,0,0,0,0,0,0,0,0,0,0,0,0,0,0,5,8,29680,50,0,0,0,0,0,0,0,0,0,0,0,0,0,0,0,0,0,0,0,0,4,5,8,18630,40,0,0,0,0,0,0,0,0,0,0,5,8,4,149290,247,0,0,0,0,0,0,0,0,0,0,0,0,0,0,0,0,0,0,0,0,0,0,0,0,0
15,04,12,3,中山,6,09,デイジー500*,23,芝,0,1800,良,9,06153609,1,0,1,1.8,6,0,4,9.4,9,0,9,42.1,8,0,7,25.1,3,0,5,15.7,5,0,6,21.8,7,0,8,32.0,2,0,2,4.2,4,0,3,5.8,,,,,,,,,,,,,,,,,,,,,,,,,,,,,,,,,,,,,1,180,0,0,0,0,1,110,8,150,5,280,0,0,0,0,1,8,200,1, , ,0,0, , ,0,0,1,8,520,2,0,0,0,0,0,0,0,0,1,8,220,1,1,5,470,6,5,8,630,9,0,0,0,0,0,0,0,0,0,0,0,0,0,0,0,0,1,8,680,2,0,0,0,0,0,0,0,0,0,0,0,0,0,0,0,0,0,0,0,0,1,5,8,1570,3,0,0,0,0,0,0,0,0,0,0,1,8,5,4120,7,0,0,0,0,0,0,0,0,0,0,0,0,0,0,0,0,0,0,0,0,0,0,0,0,0
15,04,12,3,中山,6,10,隅田川Ｈ1000,43,芝,8,1600,良,14,06153610,8,0,13,125.0,5,0,6,14.9,2,0,4,7.7,4,0,2,4.3,12,0,7,19.3,9,0,11,57.6,1,0,1,3.5,6,0,10,26.2,10,0,8,20.5,13,0,12,66.7,7,0,9,25.4,3,0,3,4.7,11,0,5,9.5,14,0,14,158.2,,,,,,,,,,,,,,,,,7,350,0,0,0,0,7,150,3,200,12,170,0,0,0,0,3,5,460,1, , ,0,0, , ,0,0,3,7,1280,3,0,0,0,0,0,0,0,0,3,7,480,3,7,12,380,2,3,12,930,12,0,0,0,0,0,0,0,0,0,0,0,0,0,0,0,0,7,3,2030,5,0,0,0,0,0,0,0,0,0,0,0,0,0,0,0,0,0,0,0,0,3,7,12,2400,4,0,0,0,0,0,0,0,0,0,0,7,3,12,10770,20,0,0,0,0,0,0,0,0,0,0,0,0,0,0,0,0,0,0,0,0,0,0,0,0,0
15,04,12,3,中山,6,11,春雷Ｓ,131,芝,8,1200,良,16,06153611,16,0,14,72.0,2,0,1,3.8,5,0,2,5.9,4,0,7,15.1,15,0,13,62.9,10,0,9,24.5,14,0,11,33.2,3,0,8,23.9,8,0,4,6.3,6,0,3,6.0,7,0,10,29.4,1,0,5,7.1,9,0,15,113.8,13,0,12,41.6,12,0,16,187.8,11,0,6,12.2,,,,,,,,,12,710,0,0,0,0,12,230,2,170,8,470,0,0,0,0,1,6,1160,5, , ,0,0, , ,0,0,2,12,1360,4,0,0,0,0,0,0,0,0,2,12,610,4,8,12,2830,36,2,8,1690,20,0,0,0,0,0,0,0,0,0,0,0,0,0,0,0,0,12,2,3110,8,0,0,0,0,0,0,0,0,0,0,0,0,0,0,0,0,0,0,0,0,2,8,12,16240,56,0,0,0,0,0,0,0,0,0,0,12,2,8,77820,257,0,0,0,0,0,0,0,0,0,0,0,0,0,0,0,0,0,0,0,0,0,0,0,0,0
15,04,12,3,中山,6,12,1000万下,43,ダ,1,1200,重,16,06153612,15,0,13,89.2,3,0,1,3.1,11,0,14,123.9,4,0,7,12.2,16,0,3,6.7,14,0,11,54.3,7,0,12,73.5,12,0,15,189.7,10,0,10,47.6,13,0,16,201.3,6,0,6,11.8,5,0,5,8.0,8,0,2,5.5,1,0,9,25.1,2,0,4,6.9,9,0,8,21.7,,,,,,,,,14,2510,0,0,0,0,14,540,15,260,2,160,0,0,0,0,7,8,1230,6, , ,0,0, , ,0,0,14,15,8550,29,0,0,0,0,0,0,0,0,14,15,2340,28,2,14,1720,21,2,15,610,4,0,0,0,0,0,0,0,0,0,0,0,0,0,0,0,0,14,15,19010,61,0,0,0,0,0,0,0,0,0,0,0,0,0,0,0,0,0,0,0,0,2,14,15,11850,37,0,0,0,0,0,0,0,0,0,0,14,15,2,116470,373,0,0,0,0,0,0,0,0,0,0,0,0,0,0,0,0,0,0,0,0,0,0,0,0,0
15,04,18,3,中山,7,01,未勝利・牝,7,ダ,1,1800,良,15,06153701,12,0,7,30.4,14,0,13,139.3,15,0,15,311.7,8,0,11,77.2,3,0,3,6.9,9,0,12,133.0,10,0,6,28.7,13,0,5,11.7,6,0,4,11.2,11,0,8,31.5,2,0,1,1.8,4,0,14,215.4,7,0,10,47.2,5,0,9,39.7,1,0,2,4.5,,,,,,,,,,,,,15,450,0,0,0,0,15,120,11,110,5,180,0,0,0,0,6,8,310,1, , ,0,0, , ,0,0,11,15,380,1,0,0,0,0,0,0,0,0,11,15,160,1,5,15,500,6,5,11,350,3,0,0,0,0,0,0,0,0,0,0,0,0,0,0,0,0,15,11,1000,2,0,0,0,0,0,0,0,0,0,0,0,0,0,0,0,0,0,0,0,0,5,11,15,950,3,0,0,0,0,0,0,0,0,0,0,15,11,5,5230,10,0,0,0,0,0,0,0,0,0,0,0,0,0,0,0,0,0,0,0,0,0,0,0,0,0
15,04,18,3,中山,7,02,未勝利,7,ダ,1,1200,良,16,06153702,15,0,13,167.3,6,0,5,12.6,1,0,3,4.9,3,0,8,32.8,9,0,4,11.2,7,0,9,39.1,12,0,11,146.9,0,3,0,0.0,11,0,14,197.5,13,0,12,156.5,2,0,1,2.1,10,0,7,17.9,4,0,6,16.5,14,0,15,209.8,5,0,10,72.0,8,0,2,4.7,,,,,,,,,3,490,0,0,0,0,3,160,11,120,4,520,0,0,0,0,2,6,440,1, , ,0,0, , ,0,0,3,11,550,2,0,0,0,0,0,0,0,0,3,11,270,2,3,4,1690,21,4,11,880,11,0,0,0,0,0,0,0,0,0,0,0,0,0,0,0,0,3,11,1220,4,0,0,0,0,0,0,0,0,0,0,0,0,0,0,0,0,0,0,0,0,3,4,11,4650,16,0,0,0,0,0,0,0,0,0,0,3,11,4,20410,68,0,0,0,0,0,0,0,0,0,0,0,0,0,0,0,0,0,0,0,0,0,0,0,0,0
15,04,18,3,中山,7,03,未勝利,7,ダ,1,1800,良,16,06153703,6,0,7,44.7,2,0,2,8.0,7,0,9,68.9,15,0,16,430.1,3,0,4,9.0,14,0,3,8.6,5,0,6,30.7,16,0,13,194.2,10,0,14,338.3,13,0,8,50.5,1,0,1,1.3,12,0,15,371.6,4,0,11,119.5,9,0,5,22.5,8,0,10,82.3,11,0,12,145.5,,,,,,,,,11,130,0,0,0,0,11,110,2,170,5,140,0,0,0,0,1,6,420,2, , ,0,0, , ,0,0,2,11,480,2,0,0,0,0,0,0,0,0,2,11,270,2,5,11,220,1,2,5,390,5,0,0,0,0,0,0,0,0,0,0,0,0,0,0,0,0,11,2,660,2,0,0,0,0,0,0,0,0,0,0,0,0,0,0,0,0,0,0,0,0,2,5,11,660,1,0,0,0,0,0,0,0,0,0,0,11,2,5,1860,2,0,0,0,0,0,0,0,0,0,0,0,0,0,0,0,0,0,0,0,0,0,0,0,0,0
15,04,18,3,中山,7,04,未勝利,7,ダ,1,1200,良,16,06153704,3,0,5,15.7,12,0,10,46.4,7,0,14,157.7,10,0,9,32.7,13,0,6,25.1,14,0,15,243.3,16,0,13,97.8,11,0,8,26.9,2,0,1,1.9,15,0,16,270.7,6,0,3,5.9,1,0,2,4.6,9,0,7,26.2,5,0,4,13.2,8,0,12,71.5,4,0,11,66.1,,,,,,,,,12,460,0,0,0,0,12,150,9,110,1,210,0,0,0,0,5,6,250,1, , ,0,0, , ,0,0,9,12,470,1,0,0,0,0,0,0,0,0,9,12,240,1,1,12,1090,11,1,9,420,3,0,0,0,0,0,0,0,0,0,0,0,0,0,0,0,0,12,9,1140,3,0,0,0,0,0,0,0,0,0,0,0,0,0,0,0,0,0,0,0,0,1,9,12,1790,3,0,0,0,0,0,0,0,0,0,0,12,9,1,10370,23,0,0,0,0,0,0,0,0,0,0,0,0,0,0,0,0,0,0,0,0,0,0,0,0,0
15,04,18,3,中山,7,05,未勝利,7,芝,0,2000,良,17,06153705,13,0,9,32.9,5,0,10,59.6,9,0,13,134.5,2,0,4,13.2,12,0,5,16.9,7,0,3,4.7,16,0,16,262.1,6,0,2,3.8,11,0,7,24.5,4,0,8,24.9,1,0,1,2.3,14,0,12,73.9,17,0,17,369.8,15,0,14,183.7,3,0,11,70.9,8,0,15,200.9,10,0,6,23.7,,,,,11,230,0,0,0,0,11,140,4,330,15,1080,0,0,0,0,2,6,1670,6, , ,0,0, , ,0,0,4,11,1710,4,0,0,0,0,0,0,0,0,4,11,710,4,11,15,2150,21,4,15,9290,51,0,0,0,0,0,0,0,0,0,0,0,0,0,0,0,0,11,4,2470,7,0,0,0,0,0,0,0,0,0,0,0,0,0,0,0,0,0,0,0,0,4,11,15,21080,52,0,0,0,0,0,0,0,0,0,0,11,4,15,65370,163,0,0,0,0,0,0,0,0,0,0,0,0,0,0,0,0,0,0,0,0,0,0,0,0,0
15,04,18,3,中山,7,06,500万下*,23,芝,8,1600,良,12,06153706,11,0,11,308.8,12,0,9,34.8,8,0,7,18.3,4,0,2,5.9,1,0,4,10.0,6,0,10,143.7,3,0,1,1.6,10,0,6,17.4,9,0,8,25.2,5,0,3,8.4,7,0,12,341.8,2,0,5,14.7,,,,,,,,,,,,,,,,,,,,,,,,,5,1000,0,0,0,0,5,170,12,220,7,110,0,0,0,0,5,8,4200,13, , ,0,0, , ,0,0,5,12,4380,15,0,0,0,0,0,0,0,0,5,12,1150,15,5,7,300,3,7,12,390,4,0,0,0,0,0,0,0,0,0,0,0,0,0,0,0,0,5,12,11320,31,0,0,0,0,0,0,0,0,0,0,0,0,0,0,0,0,0,0,0,0,5,7,12,1690,5,0,0,0,0,0,0,0,0,0,0,5,12,7,22710,71,0,0,0,0,0,0,0,0,0,0,0,0,0,0,0,0,0,0,0,0,0,0,0,0,0
15,04,18,3,中山,7,07,500万下・牝,23,ダ,1,1800,良,12,06153707,5,0,10,88.6,9,0,7,22.6,11,0,4,8.9,7,0,9,69.2,10,0,11,230.1,1,0,1,2.6,3,0,6,21.5,2,0,2,2.9,4,0,5,10.5,8,0,3,6.1,12,0,12,384.1,6,0,8,24.6,,,,,,,,,,,,,,,,,,,,,,,,,6,260,0,0,0,0,6,130,8,120,7,250,0,0,0,0,5,6,380,2, , ,0,0, , ,0,0,6,8,460,1,0,0,0,0,0,0,0,0,6,8,220,1,6,7,980,13,7,8,610,9,0,0,0,0,0,0,0,0,0,0,0,0,0,0,0,0,6,8,720,1,0,0,0,0,0,0,0,0,0,0,0,0,0,0,0,0,0,0,0,0,6,7,8,1840,5,0,0,0,0,0,0,0,0,0,0,6,8,7,6110,14,0,0,0,0,0,0,0,0,0,0,0,0,0,0,0,0,0,0,0,0,0,0,0,0,0
15,04,18,3,中山,7,08,500万下,23,ダ,1,1200,良,15,06153708,12,0,10,40.5,14,0,14,146.5,6,0,11,49.5,1,0,1,2.9,13,0,7,18.4,8,0,5,12.3,4,0,13,76.1,3,0,2,3.7,5,0,8,25.3,7,0,4,9.8,10,0,6,13.9,9,0,12,73.6,11,0,9,31.8,0,4,15,201.1,2,0,3,5.6,,,,,,,,,,,,,4,290,0,0,0,0,4,130,15,170,8,140,0,0,0,0,3,8,850,3, , ,0,0, , ,0,0,4,15,1080,2,0,0,0,0,0,0,0,0,4,15,370,2,4,8,220,1,8,15,480,3,0,0,0,0,0,0,0,0,0,0,0,0,0,0,0,0,4,15,1770,3,0,0,0,0,0,0,0,0,0,0,0,0,0,0,0,0,0,0,0,0,4,8,15,1330,1,0,0,0,0,0,0,0,0,0,0,4,15,8,7220,9,0,0,0,0,0,0,0,0,0,0,0,0,0,0,0,0,0,0,0,0,0,0,0,0,0
15,04,18,3,中山,7,09,山藤賞500*,23,芝,0,2000,良,8,06153709,4,0,1,2.9,7,0,8,20.7,2,0,3,4.9,1,0,2,3.4,8,0,6,15.5,3,0,7,19.2,5,0,4,5.2,6,0,5,15.4,,,,,,,,,,,,,,,,,,,,,,,,,,,,,,,,,,,,,,,,,4,340,0,0,0,0,4,140,3,180,6,400,0,0,0,0,0,0,0,0, , ,0,0, , ,0,0,3,4,960,5,0,0,0,0,0,0,0,0,3,4,380,4,4,6,1220,20,3,6,1560,23,0,0,0,0,0,0,0,0,0,0,0,0,0,0,0,0,4,3,1850,6,0,0,0,0,0,0,0,0,0,0,0,0,0,0,0,0,0,0,0,0,3,4,6,5450,23,0,0,0,0,0,0,0,0,0,0,4,3,6,25650,93,0,0,0,0,0,0,0,0,0,0,0,0,0,0,0,0,0,0,0,0,0,0,0,0,0
15,04,18,3,中山,7,10,下総Ｓ1600,67,ダ,1,1800,良,13,06153710,13,0,8,22.5,11,0,12,84.1,10,0,13,198.7,8,0,6,12.6,7,0,10,74.6,4,0,3,4.6,12,0,5,7.0,6,0,7,19.8,1,0,2,4.2,3,0,4,6.9,9,0,9,52.4,2,0,1,3.5,5,0,11,78.8,,,,,,,,,,,,,,,,,,,,,9,420,0,0,0,0,9,150,12,140,10,210,0,0,0,0,6,8,630,3, , ,0,0, , ,0,0,9,12,750,1,0,0,0,0,0,0,0,0,9,12,320,2,9,10,610,9,10,12,470,5,0,0,0,0,0,0,0,0,0,0,0,0,0,0,0,0,9,12,1630,3,0,0,0,0,0,0,0,0,0,0,0,0,0,0,0,0,0,0,0,0,9,10,12,1520,2,0,0,0,0,0,0,0,0,0,0,9,12,10,7430,11,0,0,0,0,0,0,0,0,0,0,0,0,0,0,0,0,0,0,0,0,0,0,0,0,0
15,04,18,3,中山,7,11,中山グラJG1,195,芝,2,4250,良,15,06153711,0,4,7,39.9,6,0,11,196.3,8,0,14,259.5,7,0,1,1.5,5,0,2,4.7,4,0,6,29.6,3,0,3,7.9,9,0,12,223.6,0,4,13,246.0,10,0,15,313.5,0,4,9,117.0,1,0,4,12.0,2,0,5,15.7,0,4,10,161.5,0,4,8,83.5,,,,,,,,,,,,,12,1200,0,0,0,0,12,440,13,500,7,340,0,0,0,0,7,7,5290,11, , ,0,0, , ,0,0,12,13,4640,13,0,0,0,0,0,0,0,0,12,13,1170,13,7,12,1010,10,7,13,1030,11,0,0,0,0,0,0,0,0,0,0,0,0,0,0,0,0,12,13,11490,27,0,0,0,0,0,0,0,0,0,0,0,0,0,0,0,0,0,0,0,0,7,12,13,6450,18,0,0,0,0,0,0,0,0,0,0,12,13,7,69700,136,0,0,0,0,0,0,0,0,0,0,0,0,0,0,0,0,0,0,0,0,0,0,0,0,0
15,04,18,3,中山,7,12,利根川特1000,43,ダ,1,1800,良,16,06153712,7,0,10,49.0,8,0,14,94.5,10,0,12,60.4,15,0,13,62.0,12,0,2,5.5,4,0,6,8.2,13,0,15,118.1,1,0,1,3.2,11,0,11,59.6,14,0,16,176.8,2,0,5,7.1,5,0,8,25.6,9,0,3,6.5,16,0,9,42.6,6,0,4,6.9,3,0,7,22.5,,,,,,,,,8,320,0,0,0,0,8,170,11,240,16,490,0,0,0,0,4,6,1160,7, , ,0,0, , ,0,0,8,11,1450,5,0,0,0,0,0,0,0,0,8,11,600,5,8,16,1220,16,11,16,2150,21,0,0,0,0,0,0,0,0,0,0,0,0,0,0,0,0,8,11,2290,6,0,0,0,0,0,0,0,0,0,0,0,0,0,0,0,0,0,0,0,0,8,11,16,7420,24,0,0,0,0,0,0,0,0,0,0,8,11,16,22870,62,0,0,0,0,0,0,0,0,0,0,0,0,0,0,0,0,0,0,0,0,0,0,0,0,0
15,04,19,3,中山,8,01,未勝利・牝,7,ダ,1,1200,良,16,06153801,5,0,2,4.2,10,0,11,90.7,14,0,13,171.7,6,0,12,109.8,11,0,14,237.1,12,0,9,70.4,9,0,3,5.9,3,0,5,9.7,16,0,15,242.0,15,0,8,20.5,8,0,1,2.6,13,0,16,345.4,7,0,10,89.4,2,0,7,16.4,4,0,4,9.2,1,0,6,12.3,,,,,,,,,16,1230,0,0,0,0,16,420,14,510,8,310,0,0,0,0,7,8,3310,11, , ,0,0, , ,0,0,14,16,7120,22,0,0,0,0,0,0,0,0,14,16,1390,17,8,16,1920,23,8,14,2520,24,0,0,0,0,0,0,0,0,0,0,0,0,0,0,0,0,16,14,14030,46,0,0,0,0,0,0,0,0,0,0,0,0,0,0,0,0,0,0,0,0,8,14,16,22740,56,0,0,0,0,0,0,0,0,0,0,16,14,8,144960,359,0,0,0,0,0,0,0,0,0,0,0,0,0,0,0,0,0,0,0,0,0,0,0,0,0
15,04,19,3,中山,8,02,未勝利,7,ダ,1,1800,良,16,06153802,3,0,6,20.0,10,0,15,268.7,12,0,5,16.4,2,0,1,1.8,8,0,9,120.3,14,0,14,264.4,15,0,10,133.9,9,0,7,21.5,1,0,2,3.9,7,0,3,7.0,13,0,12,183.3,11,0,11,160.4,6,0,13,209.6,5,0,8,59.0,4,0,4,9.9,16,0,16,272.2,,,,,,,,,9,390,0,0,0,0,9,120,4,110,1,280,0,0,0,0,2,5,190,1, , ,0,0, , ,0,0,4,9,280,1,0,0,0,0,0,0,0,0,4,9,160,1,1,9,870,12,1,4,550,7,0,0,0,0,0,0,0,0,0,0,0,0,0,0,0,0,9,4,790,2,0,0,0,0,0,0,0,0,0,0,0,0,0,0,0,0,0,0,0,0,1,4,9,1090,3,0,0,0,0,0,0,0,0,0,0,9,4,1,5180,11,0,0,0,0,0,0,0,0,0,0,0,0,0,0,0,0,0,0,0,0,0,0,0,0,0
15,04,19,3,中山,8,03,未勝利,7,ダ,1,1200,良,16,06153803,12,0,7,20.7,8,0,11,89.1,9,0,5,17.7,5,0,16,406.4,15,0,12,102.8,4,0,6,19.5,3,0,2,4.3,13,0,15,306.5,11,0,13,131.1,14,0,14,266.8,1,0,4,6.6,10,0,10,62.3,2,0,1,2.4,6,0,3,5.0,16,0,9,58.1,7,0,8,22.0,,,,,,,,,11,660,0,0,0,0,11,190,13,140,7,140,0,0,0,0,6,7,480,2, , ,0,0, , ,0,0,11,13,900,3,0,0,0,0,0,0,0,0,11,13,320,3,7,11,480,6,7,13,280,1,0,0,0,0,0,0,0,0,0,0,0,0,0,0,0,0,11,13,2240,8,0,0,0,0,0,0,0,0,0,0,0,0,0,0,0,0,0,0,0,0,7,11,13,1220,3,0,0,0,0,0,0,0,0,0,0,11,13,7,8930,17,0,0,0,0,0,0,0,0,0,0,0,0,0,0,0,0,0,0,0,0,0,0,0,0,0
15,04,19,3,中山,8,04,未勝利,7,芝,8,2200,良,18,06153804,6,0,14,274.3,11,0,10,119.4,5,0,8,78.4,15,0,9,90.9,8,0,17,299.5,4,0,3,5.7,7,0,6,30.5,18,0,16,289.2,1,0,2,2.9,9,0,11,130.0,13,0,18,342.2,16,0,12,252.3,12,0,13,269.6,3,0,4,13.9,17,0,7,41.4,10,0,5,25.7,14,0,15,284.6,2,0,1,1.9,9,290,0,0,0,0,9,110,18,110,14,160,0,0,0,0,5,8,320,1, , ,0,0, , ,0,0,9,18,310,1,0,0,0,0,0,0,0,0,9,18,160,1,9,14,340,4,14,18,350,5,0,0,0,0,0,0,0,0,0,0,0,0,0,0,0,0,9,18,740,2,0,0,0,0,0,0,0,0,0,0,0,0,0,0,0,0,0,0,0,0,9,14,18,750,2,0,0,0,0,0,0,0,0,0,0,9,18,14,2860,5,0,0,0,0,0,0,0,0,0,0,0,0,0,0,0,0,0,0,0,0,0,0,0,0,0
15,04,19,3,中山,8,05,500万下,23,ダ,1,1800,良,9,06153805,7,0,3,4.7,5,0,5,13.3,8,0,7,46.1,6,0,6,17.4,1,0,1,2.3,9,0,8,48.9,3,0,9,67.5,2,0,4,5.6,4,0,2,4.0,,,,,,,,,,,,,,,,,,,,,,,,,,,,,,,,,,,,,5,230,0,0,0,0,5,130,8,190,7,1100,0,0,0,0,5,8,250,1, , ,0,0, , ,0,0,5,8,590,3,0,0,0,0,0,0,0,0,5,8,320,4,5,7,2360,17,7,8,3540,23,0,0,0,0,0,0,0,0,0,0,0,0,0,0,0,0,5,8,880,3,0,0,0,0,0,0,0,0,0,0,0,0,0,0,0,0,0,0,0,0,5,7,8,8190,22,0,0,0,0,0,0,0,0,0,0,5,8,7,24750,83,0,0,0,0,0,0,0,0,0,0,0,0,0,0,0,0,0,0,0,0,0,0,0,0,0
15,04,19,3,中山,8,06,500万下,23,ダ,1,1200,良,15,06153806,6,0,12,90.3,5,0,10,70.1,1,0,8,38.3,15,0,15,272.2,12,0,6,18.2,2,0,2,4.7,11,0,13,106.1,3,0,1,1.6,8,0,5,17.8,13,0,11,70.9,14,0,14,226.9,9,0,9,51.5,10,0,4,12.5,4,0,3,8.3,7,0,7,32.5,,,,,,,,,,,,,3,3830,0,0,0,0,3,410,6,130,8,110,0,0,0,0,2,4,3420,12, , ,0,0, , ,0,0,3,6,5920,16,0,0,0,0,0,0,0,0,3,6,1150,14,3,8,870,9,6,8,180,1,0,0,0,0,0,0,0,0,0,0,0,0,0,0,0,0,3,6,16380,37,0,0,0,0,0,0,0,0,0,0,0,0,0,0,0,0,0,0,0,0,3,6,8,1840,5,0,0,0,0,0,0,0,0,0,0,3,6,8,32930,90,0,0,0,0,0,0,0,0,0,0,0,0,0,0,0,0,0,0,0,0,0,0,0,0,0
15,04,19,3,中山,8,07,500万下*,23,ダ,1,1800,良,16,06153807,12,0,12,45.5,11,0,5,10.9,3,0,9,27.4,1,0,1,3.7,8,0,4,7.2,6,0,6,12.7,7,0,3,5.2,9,0,16,174.5,15,0,10,30.2,10,0,7,17.8,16,0,13,50.1,13,0,15,114.2,14,0,14,105.4,2,0,8,20.9,4,0,2,4.7,5,0,11,31.1,,,,,,,,,4,370,0,0,0,0,4,170,14,530,3,800,0,0,0,0,2,7,4640,16, , ,0,0, , ,0,0,4,14,5070,18,0,0,0,0,0,0,0,0,4,14,1400,14,3,4,1810,20,3,14,7640,66,0,0,0,0,0,0,0,0,0,0,0,0,0,0,0,0,4,14,8450,31,0,0,0,0,0,0,0,0,0,0,0,0,0,0,0,0,0,0,0,0,3,4,14,50880,147,0,0,0,0,0,0,0,0,0,0,4,14,3,251750,719,0,0,0,0,0,0,0,0,0,0,0,0,0,0,0,0,0,0,0,0,0,0,0,0,0
15,04,19,3,中山,8,08,袖ケ浦特1000,43,芝,8,1200,良,14,06153808,8,0,13,179.4,4,0,4,9.3,5,0,3,5.2,1,0,1,2.1,9,0,8,43.6,3,0,2,4.6,14,0,10,52.1,13,0,11,141.1,12,0,12,148.8,2,0,7,39.4,7,0,9,45.5,6,0,6,15.7,10,0,5,9.9,11,0,14,252.7,,,,,,,,,,,,,,,,,4,210,0,0,0,0,4,120,10,630,6,160,0,0,0,0,3,6,2130,9, , ,0,0, , ,0,0,4,10,4200,14,0,0,0,0,0,0,0,0,4,10,1350,18,4,6,270,2,6,10,2010,22,0,0,0,0,0,0,0,0,0,0,0,0,0,0,0,0,4,10,5280,19,0,0,0,0,0,0,0,0,0,0,0,0,0,0,0,0,0,0,0,0,4,6,10,4970,16,0,0,0,0,0,0,0,0,0,0,4,10,6,28420,85,0,0,0,0,0,0,0,0,0,0,0,0,0,0,0,0,0,0,0,0,0,0,0,0,0
15,04,19,3,中山,8,09,鹿野山Ｈ1000,43,芝,0,2000,良,18,06153809,4,0,9,25.7,8,0,13,46.1,11,0,17,145.0,15,0,10,32.2,10,0,16,93.1,12,0,6,14.1,5,0,5,13.3,3,0,4,8.0,2,0,3,6.6,18,0,11,33.1,13,0,8,19.7,7,0,1,3.3,1,0,2,4.2,6,0,7,19.3,9,0,12,45.5,14,0,14,76.4,17,0,18,252.4,16,0,15,90.4,13,420,0,0,0,0,13,180,9,230,8,250,0,0,0,0,5,7,1120,5, , ,0,0, , ,0,0,9,13,1750,5,0,0,0,0,0,0,0,0,9,13,690,5,8,13,620,4,8,9,910,6,0,0,0,0,0,0,0,0,0,0,0,0,0,0,0,0,13,9,3210,8,0,0,0,0,0,0,0,0,0,0,0,0,0,0,0,0,0,0,0,0,8,9,13,3770,6,0,0,0,0,0,0,0,0,0,0,13,9,8,16930,25,0,0,0,0,0,0,0,0,0,0,0,0,0,0,0,0,0,0,0,0,0,0,0,0,0
15,04,19,3,中山,8,10,京葉ＳＨ,131,ダ,1,1200,良,16,06153810,11,0,11,37.0,5,0,4,8.1,8,0,14,47.6,13,0,15,98.7,15,0,9,29.0,4,0,10,33.5,9,0,5,8.3,7,0,3,6.7,16,0,13,45.3,12,0,16,144.6,1,0,1,2.9,5,0,12,37.5,13,0,8,20.1,10,0,7,19.3,2,0,2,6.2,3,0,6,12.1,,,,,,,,,11,290,0,0,0,0,11,140,15,200,16,320,0,0,0,0,6,8,680,2, , ,0,0, , ,0,0,11,15,1280,3,0,0,0,0,0,0,0,0,11,15,600,4,11,16,810,5,15,16,1030,9,0,0,0,0,0,0,0,0,0,0,0,0,0,0,0,0,11,15,2150,4,0,0,0,0,0,0,0,0,0,0,0,0,0,0,0,0,0,0,0,0,11,15,16,4530,8,0,0,0,0,0,0,0,0,0,0,11,15,16,17430,23,0,0,0,0,0,0,0,0,0,0,0,0,0,0,0,0,0,0,0,0,0,0,0,0,0
15,04,19,3,中山,8,11,皐月賞G1,195,芝,0,2000,良,15,06153811,4,0,6,11.4,1,0,3,4.6,9,0,8,31.2,15,0,14,198.2,2,0,2,3.8,13,0,12,109.3,3,0,4,9.7,6,0,1,3.1,7,0,11,62.0,12,0,7,19.3,8,0,9,43.1,14,0,13,122.3,10,0,15,236.0,5,0,10,52.1,11,0,5,10.3,,,,,,,,,,,,,2,460,0,0,0,0,2,190,5,150,7,290,0,0,0,0,2,3,780,3, , ,0,0, , ,0,0,2,5,790,2,0,0,0,0,0,0,0,0,2,5,390,3,2,7,1130,14,5,7,860,9,0,0,0,0,0,0,0,0,0,0,0,0,0,0,0,0,2,5,1530,4,0,0,0,0,0,0,0,0,0,0,0,0,0,0,0,0,0,0,0,0,2,5,7,3110,10,0,0,0,0,0,0,0,0,0,0,2,5,7,12360,30,0,0,0,0,0,0,0,0,0,0,0,0,0,0,0,0,0,0,0,0,0,0,0,0,0
15,04,19,3,中山,8,12,春興Ｓ1600,67,芝,8,1600,良,11,06153812,5,0,7,19.1,3,0,9,38.9,7,0,3,6.5,6,0,5,10.1,9,0,2,5.6,10,0,10,74.5,2,0,6,17.1,11,0,11,101.4,1,0,1,2.0,4,0,8,25.3,8,0,4,7.9,,,,,,,,,,,,,,,,,,,,,,,,,,,,,9,200,0,0,0,0,9,130,7,350,2,590,0,0,0,0,6,7,1050,4, , ,0,0, , ,0,0,7,9,1450,5,0,0,0,0,0,0,0,0,7,9,690,7,2,9,1190,13,2,7,5050,38,0,0,0,0,0,0,0,0,0,0,0,0,0,0,0,0,9,7,1840,6,0,0,0,0,0,0,0,0,0,0,0,0,0,0,0,0,0,0,0,0,2,7,9,12440,40,0,0,0,0,0,0,0,0,0,0,9,7,2,33330,111,0,0,0,0,0,0,0,0,0,0,0,0,0,0,0,0,0,0,0,0,0,0,0,0,0
